Workbook

Sheet Overview
A1: Daily flash sales by destination (metric tonnes)
A2: Source: user-supplied "hist_flash_sales.xlsx" (USDA FAS daily export sales). "Not Available" = unknown destinations. "Other" groups destinations with 3 or fewer sales.
A4: By delivery marketing year (USDA "Marketing Year": season the grain ships in)
A6: Corn
A7: Destination | B7: 2010/2011 | C7: 2011/2012 | D7: 2012/2013 | E7: 2013/2014 | F7: 2014/2015 | G7: 2015/2016 | H7: 2016/2017 | I7: 2017/2018 | J7: 2018/2019 | K7: 2019/2020 | L7: 2020/2021 | M7: 2021/2022 | N7: 2022/2023 | O7: 2023/2024 | P7: 2024/2025 | Q7: 2025/2026 | R7: 2026/2027 | S7: 2027/2028 | T7: 2028/2029 | U7: Total
A8: Not Available | B8: =SUMIFS('Not Available'!$H:$H,'Not Available'!$E:$E,B$7,'Not Available'!$G:$G,"Corn") -> 130000 | C8: =SUMIFS('Not Available'!$H:$H,'Not Available'!$E:$E,C$7,'Not Available'!$G:$G,"Corn") -> 100000 | D8: =SUMIFS('Not Available'!$H:$H,'Not Available'!$E:$E,D$7,'Not Available'!$G:$G,"Corn") -> 58928 | E8: =SUMIFS('Not Available'!$H:$H,'Not Available'!$E:$E,E$7,'Not Available'!$G:$G,"Corn") -> 978280 | F8: =SUMIFS('Not Available'!$H:$H,'Not Available'!$E:$E,F$7,'Not Available'!$G:$G,"Corn") -> 16256 | G8: =SUMIFS('Not Available'!$H:$H,'Not Available'!$E:$E,G$7,'Not Available'!$G:$G,"Corn") -> 1644690 | H8: =SUMIFS('Not Available'!$H:$H,'Not Available'!$E:$E,H$7,'Not Available'!$G:$G,"Corn") -> 3606283 | I8: =SUMIFS('Not Available'!$H:$H,'Not Available'!$E:$E,I$7,'Not Available'!$G:$G,"Corn") -> 4388664 | ... T8: =SUMIFS('Not Available'!$H:$H,'Not Available'!$E:$E,T$7,'Not Available'!$G:$G,"Corn") -> 0 | U8: =SUM(B8:T8) -> 38070189
A9: China | B9: =SUMIFS(China!$H:$H,China!$E:$E,B$7,China!$G:$G,"Corn") -> 0 | C9: =SUMIFS(China!$H:$H,China!$E:$E,C$7,China!$G:$G,"Corn") -> 0 | D9: =SUMIFS(China!$H:$H,China!$E:$E,D$7,China!$G:$G,"Corn") -> 0 | E9: =SUMIFS(China!$H:$H,China!$E:$E,E$7,China!$G:$G,"Corn") -> 1080000 | F9: =SUMIFS(China!$H:$H,China!$E:$E,F$7,China!$G:$G,"Corn") -> 0 | G9: =SUMIFS(China!$H:$H,China!$E:$E,G$7,China!$G:$G,"Corn") -> 0 | H9: =SUMIFS(China!$H:$H,China!$E:$E,H$7,China!$G:$G,"Corn") -> 0 | I9: =SUMIFS(China!$H:$H,China!$E:$E,I$7,China!$G:$G,"Corn") -> 0 | ... T9: =SUMIFS(China!$H:$H,China!$E:$E,T$7,China!$G:$G,"Corn") -> 0 | U9: =SUM(B9:T9) -> 44964000
A10: Mexico | B10: =SUMIFS(Mexico!$H:$H,Mexico!$E:$E,B$7,Mexico!$G:$G,"Corn") -> 0 | C10: =SUMIFS(Mexico!$H:$H,Mexico!$E:$E,C$7,Mexico!$G:$G,"Corn") -> 0 | D10: =SUMIFS(Mexico!$H:$H,Mexico!$E:$E,D$7,Mexico!$G:$G,"Corn") -> 11000 | E10: =SUMIFS(Mexico!$H:$H,Mexico!$E:$E,E$7,Mexico!$G:$G,"Corn") -> 677353 | F10: =SUMIFS(Mexico!$H:$H,Mexico!$E:$E,F$7,Mexico!$G:$G,"Corn") -> 243150 | G10: =SUMIFS(Mexico!$H:$H,Mexico!$E:$E,G$7,Mexico!$G:$G,"Corn") -> 460440 | H10: =SUMIFS(Mexico!$H:$H,Mexico!$E:$E,H$7,Mexico!$G:$G,"Corn") -> 2835048 | I10: =SUMIFS(Mexico!$H:$H,Mexico!$E:$E,I$7,Mexico!$G:$G,"Corn") -> 4573677 | ... T10: =SUMIFS(Mexico!$H:$H,Mexico!$E:$E,T$7,Mexico!$G:$G,"Corn") -> 22400 | U10: =SUM(B10:T10) -> 59200680
A11: Japan | B11: =SUMIFS(Japan!$H:$H,Japan!$E:$E,B$7,Japan!$G:$G,"Corn") -> 0 | C11: =SUMIFS(Japan!$H:$H,Japan!$E:$E,C$7,Japan!$G:$G,"Corn") -> 0 | D11: =SUMIFS(Japan!$H:$H,Japan!$E:$E,D$7,Japan!$G:$G,"Corn") -> 0 | E11: =SUMIFS(Japan!$H:$H,Japan!$E:$E,E$7,Japan!$G:$G,"Corn") -> 223040 | F11: =SUMIFS(Japan!$H:$H,Japan!$E:$E,F$7,Japan!$G:$G,"Corn") -> 458384 | G11: =SUMIFS(Japan!$H:$H,Japan!$E:$E,G$7,Japan!$G:$G,"Corn") -> 1146884 | H11: =SUMIFS(Japan!$H:$H,Japan!$E:$E,H$7,Japan!$G:$G,"Corn") -> 1139704 | I11: =SUMIFS(Japan!$H:$H,Japan!$E:$E,I$7,Japan!$G:$G,"Corn") -> 981456 | ... T11: =SUMIFS(Japan!$H:$H,Japan!$E:$E,T$7,Japan!$G:$G,"Corn") -> 0 | U11: =SUM(B11:T11) -> 7884108
A12: South Korea | B12: =SUMIFS('South Korea'!$H:$H,'South Korea'!$E:$E,B$7,'South Korea'!$G:$G,"Corn") -> 0 | C12: =SUMIFS('South Korea'!$H:$H,'South Korea'!$E:$E,C$7,'South Korea'!$G:$G,"Corn") -> 357000 | D12: =SUMIFS('South Korea'!$H:$H,'South Korea'!$E:$E,D$7,'South Korea'!$G:$G,"Corn") -> 0 | E12: =SUMIFS('South Korea'!$H:$H,'South Korea'!$E:$E,E$7,'South Korea'!$G:$G,"Corn") -> 444000 | F12: =SUMIFS('South Korea'!$H:$H,'South Korea'!$E:$E,F$7,'South Korea'!$G:$G,"Corn") -> 0 | G12: =SUMIFS('South Korea'!$H:$H,'South Korea'!$E:$E,G$7,'South Korea'!$G:$G,"Corn") -> 197000 | H12: =SUMIFS('South Korea'!$H:$H,'South Korea'!$E:$E,H$7,'South Korea'!$G:$G,"Corn") -> 1081000 | I12: =SUMIFS('South Korea'!$H:$H,'South Korea'!$E:$E,I$7,'South Korea'!$G:$G,"Corn") -> 613000 | ... T12: =SUMIFS('South Korea'!$H:$H,'South Korea'!$E:$E,T$7,'South Korea'!$G:$G,"Corn") -> 0 | U12: =SUM(B12:T12) -> 6671000
A13: Colombia | B13: =SUMIFS(Colombia!$H:$H,Colombia!$E:$E,B$7,Colombia!$G:$G,"Corn") -> 0 | C13: =SUMIFS(Colombia!$H:$H,Colombia!$E:$E,C$7,Colombia!$G:$G,"Corn") -> 0 | D13: =SUMIFS(Colombia!$H:$H,Colombia!$E:$E,D$7,Colombia!$G:$G,"Corn") -> 0 | E13: =SUMIFS(Colombia!$H:$H,Colombia!$E:$E,E$7,Colombia!$G:$G,"Corn") -> 0 | F13: =SUMIFS(Colombia!$H:$H,Colombia!$E:$E,F$7,Colombia!$G:$G,"Corn") -> 0 | G13: =SUMIFS(Colombia!$H:$H,Colombia!$E:$E,G$7,Colombia!$G:$G,"Corn") -> 525000 | H13: =SUMIFS(Colombia!$H:$H,Colombia!$E:$E,H$7,Colombia!$G:$G,"Corn") -> 105000 | I13: =SUMIFS(Colombia!$H:$H,Colombia!$E:$E,I$7,Colombia!$G:$G,"Corn") -> 250000 | ... T13: =SUMIFS(Colombia!$H:$H,Colombia!$E:$E,T$7,Colombia!$G:$G,"Corn") -> 0 | U13: =SUM(B13:T13) -> 3771800
A14: Egypt | B14: =SUMIFS(Egypt!$H:$H,Egypt!$E:$E,B$7,Egypt!$G:$G,"Corn") -> 120000 | C14: =SUMIFS(Egypt!$H:$H,Egypt!$E:$E,C$7,Egypt!$G:$G,"Corn") -> 240000 | D14: =SUMIFS(Egypt!$H:$H,Egypt!$E:$E,D$7,Egypt!$G:$G,"Corn") -> 0 | E14: =SUMIFS(Egypt!$H:$H,Egypt!$E:$E,E$7,Egypt!$G:$G,"Corn") -> 664000 | F14: =SUMIFS(Egypt!$H:$H,Egypt!$E:$E,F$7,Egypt!$G:$G,"Corn") -> 176000 | G14: =SUMIFS(Egypt!$H:$H,Egypt!$E:$E,G$7,Egypt!$G:$G,"Corn") -> 0 | H14: =SUMIFS(Egypt!$H:$H,Egypt!$E:$E,H$7,Egypt!$G:$G,"Corn") -> 0 | I14: =SUMIFS(Egypt!$H:$H,Egypt!$E:$E,I$7,Egypt!$G:$G,"Corn") -> 560000 | ... T14: =SUMIFS(Egypt!$H:$H,Egypt!$E:$E,T$7,Egypt!$G:$G,"Corn") -> 0 | U14: =SUM(B14:T14) -> 1813000
A15: Spain | B15: =SUMIFS(Spain!$H:$H,Spain!$E:$E,B$7,Spain!$G:$G,"Corn") -> 0 | C15: =SUMIFS(Spain!$H:$H,Spain!$E:$E,C$7,Spain!$G:$G,"Corn") -> 0 | D15: =SUMIFS(Spain!$H:$H,Spain!$E:$E,D$7,Spain!$G:$G,"Corn") -> 0 | E15: =SUMIFS(Spain!$H:$H,Spain!$E:$E,E$7,Spain!$G:$G,"Corn") -> 150000 | F15: =SUMIFS(Spain!$H:$H,Spain!$E:$E,F$7,Spain!$G:$G,"Corn") -> 0 | G15: =SUMIFS(Spain!$H:$H,Spain!$E:$E,G$7,Spain!$G:$G,"Corn") -> 0 | H15: =SUMIFS(Spain!$H:$H,Spain!$E:$E,H$7,Spain!$G:$G,"Corn") -> 0 | I15: =SUMIFS(Spain!$H:$H,Spain!$E:$E,I$7,Spain!$G:$G,"Corn") -> 384000 | ... T15: =SUMIFS(Spain!$H:$H,Spain!$E:$E,T$7,Spain!$G:$G,"Corn") -> 0 | U15: =SUM(B15:T15) -> 1386452
A16: Taiwan | B16: =SUMIFS(Taiwan!$H:$H,Taiwan!$E:$E,B$7,Taiwan!$G:$G,"Corn") -> 0 | C16: =SUMIFS(Taiwan!$H:$H,Taiwan!$E:$E,C$7,Taiwan!$G:$G,"Corn") -> 0 | D16: =SUMIFS(Taiwan!$H:$H,Taiwan!$E:$E,D$7,Taiwan!$G:$G,"Corn") -> 0 | E16: =SUMIFS(Taiwan!$H:$H,Taiwan!$E:$E,E$7,Taiwan!$G:$G,"Corn") -> 0 | F16: =SUMIFS(Taiwan!$H:$H,Taiwan!$E:$E,F$7,Taiwan!$G:$G,"Corn") -> 0 | G16: =SUMIFS(Taiwan!$H:$H,Taiwan!$E:$E,G$7,Taiwan!$G:$G,"Corn") -> 445000 | H16: =SUMIFS(Taiwan!$H:$H,Taiwan!$E:$E,H$7,Taiwan!$G:$G,"Corn") -> 195000 | I16: =SUMIFS(Taiwan!$H:$H,Taiwan!$E:$E,I$7,Taiwan!$G:$G,"Corn") -> 0 | ... T16: =SUMIFS(Taiwan!$H:$H,Taiwan!$E:$E,T$7,Taiwan!$G:$G,"Corn") -> 0 | U16: =SUM(B16:T16) -> 885000
A17: Costa Rica | B17: =SUMIFS('Costa Rica'!$H:$H,'Costa Rica'!$E:$E,B$7,'Costa Rica'!$G:$G,"Corn") -> 0 | C17: =SUMIFS('Costa Rica'!$H:$H,'Costa Rica'!$E:$E,C$7,'Costa Rica'!$G:$G,"Corn") -> 0 | D17: =SUMIFS('Costa Rica'!$H:$H,'Costa Rica'!$E:$E,D$7,'Costa Rica'!$G:$G,"Corn") -> 0 | E17: =SUMIFS('Costa Rica'!$H:$H,'Costa Rica'!$E:$E,E$7,'Costa Rica'!$G:$G,"Corn") -> 0 | F17: =SUMIFS('Costa Rica'!$H:$H,'Costa Rica'!$E:$E,F$7,'Costa Rica'!$G:$G,"Corn") -> 0 | G17: =SUMIFS('Costa Rica'!$H:$H,'Costa Rica'!$E:$E,G$7,'Costa Rica'!$G:$G,"Corn") -> 106162 | H17: =SUMIFS('Costa Rica'!$H:$H,'Costa Rica'!$E:$E,H$7,'Costa Rica'!$G:$G,"Corn") -> 0 | I17: =SUMIFS('Costa Rica'!$H:$H,'Costa Rica'!$E:$E,I$7,'Costa Rica'!$G:$G,"Corn") -> 134503 | ... T17: =SUMIFS('Costa Rica'!$H:$H,'Costa Rica'!$E:$E,T$7,'Costa Rica'!$G:$G,"Corn") -> 0 | U17: =SUM(B17:T17) -> 843555
A18: Guatemala | B18: =SUMIFS(Guatemala!$H:$H,Guatemala!$E:$E,B$7,Guatemala!$G:$G,"Corn") -> 0 | C18: =SUMIFS(Guatemala!$H:$H,Guatemala!$E:$E,C$7,Guatemala!$G:$G,"Corn") -> 0 | D18: =SUMIFS(Guatemala!$H:$H,Guatemala!$E:$E,D$7,Guatemala!$G:$G,"Corn") -> 0 | E18: =SUMIFS(Guatemala!$H:$H,Guatemala!$E:$E,E$7,Guatemala!$G:$G,"Corn") -> 0 | F18: =SUMIFS(Guatemala!$H:$H,Guatemala!$E:$E,F$7,Guatemala!$G:$G,"Corn") -> 0 | G18: =SUMIFS(Guatemala!$H:$H,Guatemala!$E:$E,G$7,Guatemala!$G:$G,"Corn") -> 0 | H18: =SUMIFS(Guatemala!$H:$H,Guatemala!$E:$E,H$7,Guatemala!$G:$G,"Corn") -> 0 | I18: =SUMIFS(Guatemala!$H:$H,Guatemala!$E:$E,I$7,Guatemala!$G:$G,"Corn") -> 0 | ... T18: =SUMIFS(Guatemala!$H:$H,Guatemala!$E:$E,T$7,Guatemala!$G:$G,"Corn") -> 0 | U18: =SUM(B18:T18) -> 764153
A19: Saudi Arabia | B19: =SUMIFS('Saudi Arabia'!$H:$H,'Saudi Arabia'!$E:$E,B$7,'Saudi Arabia'!$G:$G,"Corn") -> 0 | C19: =SUMIFS('Saudi Arabia'!$H:$H,'Saudi Arabia'!$E:$E,C$7,'Saudi Arabia'!$G:$G,"Corn") -> 0 | D19: =SUMIFS('Saudi Arabia'!$H:$H,'Saudi Arabia'!$E:$E,D$7,'Saudi Arabia'!$G:$G,"Corn") -> 0 | E19: =SUMIFS('Saudi Arabia'!$H:$H,'Saudi Arabia'!$E:$E,E$7,'Saudi Arabia'!$G:$G,"Corn") -> 0 | F19: =SUMIFS('Saudi Arabia'!$H:$H,'Saudi Arabia'!$E:$E,F$7,'Saudi Arabia'!$G:$G,"Corn") -> 140000 | G19: =SUMIFS('Saudi Arabia'!$H:$H,'Saudi Arabia'!$E:$E,G$7,'Saudi Arabia'!$G:$G,"Corn") -> 210000 | H19: =SUMIFS('Saudi Arabia'!$H:$H,'Saudi Arabia'!$E:$E,H$7,'Saudi Arabia'!$G:$G,"Corn") -> 140000 | I19: =SUMIFS('Saudi Arabia'!$H:$H,'Saudi Arabia'!$E:$E,I$7,'Saudi Arabia'!$G:$G,"Corn") -> 70000 | ... T19: =SUMIFS('Saudi Arabia'!$H:$H,'Saudi Arabia'!$E:$E,T$7,'Saudi Arabia'!$G:$G,"Corn") -> 0 | U19: =SUM(B19:T19) -> 630000
A20: Argentina | B20: =SUMIFS(Argentina!$H:$H,Argentina!$E:$E,B$7,Argentina!$G:$G,"Corn") -> 0 | C20: =SUMIFS(Argentina!$H:$H,Argentina!$E:$E,C$7,Argentina!$G:$G,"Corn") -> 0 | D20: =SUMIFS(Argentina!$H:$H,Argentina!$E:$E,D$7,Argentina!$G:$G,"Corn") -> 0 | E20: =SUMIFS(Argentina!$H:$H,Argentina!$E:$E,E$7,Argentina!$G:$G,"Corn") -> 0 | F20: =SUMIFS(Argentina!$H:$H,Argentina!$E:$E,F$7,Argentina!$G:$G,"Corn") -> 0 | G20: =SUMIFS(Argentina!$H:$H,Argentina!$E:$E,G$7,Argentina!$G:$G,"Corn") -> 0 | H20: =SUMIFS(Argentina!$H:$H,Argentina!$E:$E,H$7,Argentina!$G:$G,"Corn") -> 0 | I20: =SUMIFS(Argentina!$H:$H,Argentina!$E:$E,I$7,Argentina!$G:$G,"Corn") -> 80000 | ... T20: =SUMIFS(Argentina!$H:$H,Argentina!$E:$E,T$7,Argentina!$G:$G,"Corn") -> 0 | U20: =SUM(B20:T20) -> 80000
A21: Pakistan | B21: =SUMIFS(Pakistan!$H:$H,Pakistan!$E:$E,B$7,Pakistan!$G:$G,"Corn") -> 0 | C21: =SUMIFS(Pakistan!$H:$H,Pakistan!$E:$E,C$7,Pakistan!$G:$G,"Corn") -> 0 | D21: =SUMIFS(Pakistan!$H:$H,Pakistan!$E:$E,D$7,Pakistan!$G:$G,"Corn") -> 0 | E21: =SUMIFS(Pakistan!$H:$H,Pakistan!$E:$E,E$7,Pakistan!$G:$G,"Corn") -> 0 | F21: =SUMIFS(Pakistan!$H:$H,Pakistan!$E:$E,F$7,Pakistan!$G:$G,"Corn") -> 0 | G21: =SUMIFS(Pakistan!$H:$H,Pakistan!$E:$E,G$7,Pakistan!$G:$G,"Corn") -> 0 | H21: =SUMIFS(Pakistan!$H:$H,Pakistan!$E:$E,H$7,Pakistan!$G:$G,"Corn") -> 0 | I21: =SUMIFS(Pakistan!$H:$H,Pakistan!$E:$E,I$7,Pakistan!$G:$G,"Corn") -> 0 | ... T21: =SUMIFS(Pakistan!$H:$H,Pakistan!$E:$E,T$7,Pakistan!$G:$G,"Corn") -> 0 | U21: =SUM(B21:T21) -> 0
A22: Other | B22: =SUMIFS(Other!$H:$H,Other!$E:$E,B$7,Other!$G:$G,"Corn") -> 0 | C22: =SUMIFS(Other!$H:$H,Other!$E:$E,C$7,Other!$G:$G,"Corn") -> 0 | D22: =SUMIFS(Other!$H:$H,Other!$E:$E,D$7,Other!$G:$G,"Corn") -> 0 | E22: =SUMIFS(Other!$H:$H,Other!$E:$E,E$7,Other!$G:$G,"Corn") -> 0 | F22: =SUMIFS(Other!$H:$H,Other!$E:$E,F$7,Other!$G:$G,"Corn") -> 0 | G22: =SUMIFS(Other!$H:$H,Other!$E:$E,G$7,Other!$G:$G,"Corn") -> 132000 | H22: =SUMIFS(Other!$H:$H,Other!$E:$E,H$7,Other!$G:$G,"Corn") -> 100973 | I22: =SUMIFS(Other!$H:$H,Other!$E:$E,I$7,Other!$G:$G,"Corn") -> 110000 | ... T22: =SUMIFS(Other!$H:$H,Other!$E:$E,T$7,Other!$G:$G,"Corn") -> 0 | U22: =SUM(B22:T22) -> 1009073
A23: Total | B23: =SUM(B8:B22) -> 250000 | C23: =SUM(C8:C22) -> 697000 | D23: =SUM(D8:D22) -> 69928 | E23: =SUM(E8:E22) -> 4216673 | F23: =SUM(F8:F22) -> 1033790 | G23: =SUM(G8:G22) -> 4867176 | H23: =SUM(H8:H22) -> 9203008 | I23: =SUM(I8:I22) -> 12145300 | ... U23: =SUM(U8:U22) -> 167973010
A26: Soybean
A27: Destination | B27: 2010/2011 | C27: 2011/2012 | D27: 2012/2013 | E27: 2013/2014 | F27: 2014/2015 | G27: 2015/2016 | H27: 2016/2017 | I27: 2017/2018 | J27: 2018/2019 | K27: 2019/2020 | L27: 2020/2021 | M27: 2021/2022 | N27: 2022/2023 | O27: 2023/2024 | P27: 2024/2025 | Q27: 2025/2026 | R27: 2026/2027 | S27: 2027/2028 | T27: 2028/2029 | U27: Total
A28: Not Available | B28: =SUMIFS('Not Available'!$H:$H,'Not Available'!$E:$E,B$27,'Not Available'!$G:$G,"Soybean") -> 0 | C28: =SUMIFS('Not Available'!$H:$H,'Not Available'!$E:$E,C$27,'Not Available'!$G:$G,"Soybean") -> 0 | D28: =SUMIFS('Not Available'!$H:$H,'Not Available'!$E:$E,D$27,'Not Available'!$G:$G,"Soybean") -> 75450 | E28: =SUMIFS('Not Available'!$H:$H,'Not Available'!$E:$E,E$27,'Not Available'!$G:$G,"Soybean") -> 3383650 | F28: =SUMIFS('Not Available'!$H:$H,'Not Available'!$E:$E,F$27,'Not Available'!$G:$G,"Soybean") -> 435000 | G28: =SUMIFS('Not Available'!$H:$H,'Not Available'!$E:$E,G$27,'Not Available'!$G:$G,"Soybean") -> 2756500 | H28: =SUMIFS('Not Available'!$H:$H,'Not Available'!$E:$E,H$27,'Not Available'!$G:$G,"Soybean") -> 10305291 | I28: =SUMIFS('Not Available'!$H:$H,'Not Available'!$E:$E,I$27,'Not Available'!$G:$G,"Soybean") -> 8560600 | ... T28: =SUMIFS('Not Available'!$H:$H,'Not Available'!$E:$E,T$27,'Not Available'!$G:$G,"Soybean") -> 0 | U28: =SUM(B28:T28) -> 88620406
A29: China | B29: =SUMIFS(China!$H:$H,China!$E:$E,B$27,China!$G:$G,"Soybean") -> 132000 | C29: =SUMIFS(China!$H:$H,China!$E:$E,C$27,China!$G:$G,"Soybean") -> 773000 | D29: =SUMIFS(China!$H:$H,China!$E:$E,D$27,China!$G:$G,"Soybean") -> 2750000 | E29: =SUMIFS(China!$H:$H,China!$E:$E,E$27,China!$G:$G,"Soybean") -> 5005000 | F29: =SUMIFS(China!$H:$H,China!$E:$E,F$27,China!$G:$G,"Soybean") -> 477000 | G29: =SUMIFS(China!$H:$H,China!$E:$E,G$27,China!$G:$G,"Soybean") -> 1219000 | H29: =SUMIFS(China!$H:$H,China!$E:$E,H$27,China!$G:$G,"Soybean") -> 11002570 | I29: =SUMIFS(China!$H:$H,China!$E:$E,I$27,China!$G:$G,"Soybean") -> 9965000 | ... T29: =SUMIFS(China!$H:$H,China!$E:$E,T$27,China!$G:$G,"Soybean") -> 0 | U29: =SUM(B29:T29) -> 102951270
A30: Mexico | B30: =SUMIFS(Mexico!$H:$H,Mexico!$E:$E,B$27,Mexico!$G:$G,"Soybean") -> 0 | C30: =SUMIFS(Mexico!$H:$H,Mexico!$E:$E,C$27,Mexico!$G:$G,"Soybean") -> 0 | D30: =SUMIFS(Mexico!$H:$H,Mexico!$E:$E,D$27,Mexico!$G:$G,"Soybean") -> 0 | E30: =SUMIFS(Mexico!$H:$H,Mexico!$E:$E,E$27,Mexico!$G:$G,"Soybean") -> 0 | F30: =SUMIFS(Mexico!$H:$H,Mexico!$E:$E,F$27,Mexico!$G:$G,"Soybean") -> 0 | G30: =SUMIFS(Mexico!$H:$H,Mexico!$E:$E,G$27,Mexico!$G:$G,"Soybean") -> 47500 | H30: =SUMIFS(Mexico!$H:$H,Mexico!$E:$E,H$27,Mexico!$G:$G,"Soybean") -> 517000 | I30: =SUMIFS(Mexico!$H:$H,Mexico!$E:$E,I$27,Mexico!$G:$G,"Soybean") -> 601546 | ... T30: =SUMIFS(Mexico!$H:$H,Mexico!$E:$E,T$27,Mexico!$G:$G,"Soybean") -> 0 | U30: =SUM(B30:T30) -> 11851974
A31: Japan | B31: =SUMIFS(Japan!$H:$H,Japan!$E:$E,B$27,Japan!$G:$G,"Soybean") -> 0 | C31: =SUMIFS(Japan!$H:$H,Japan!$E:$E,C$27,Japan!$G:$G,"Soybean") -> 0 | D31: =SUMIFS(Japan!$H:$H,Japan!$E:$E,D$27,Japan!$G:$G,"Soybean") -> 0 | E31: =SUMIFS(Japan!$H:$H,Japan!$E:$E,E$27,Japan!$G:$G,"Soybean") -> 0 | F31: =SUMIFS(Japan!$H:$H,Japan!$E:$E,F$27,Japan!$G:$G,"Soybean") -> 0 | G31: =SUMIFS(Japan!$H:$H,Japan!$E:$E,G$27,Japan!$G:$G,"Soybean") -> 0 | H31: =SUMIFS(Japan!$H:$H,Japan!$E:$E,H$27,Japan!$G:$G,"Soybean") -> 0 | I31: =SUMIFS(Japan!$H:$H,Japan!$E:$E,I$27,Japan!$G:$G,"Soybean") -> 0 | ... T31: =SUMIFS(Japan!$H:$H,Japan!$E:$E,T$27,Japan!$G:$G,"Soybean") -> 0 | U31: =SUM(B31:T31) -> 0
A32: South Korea | B32: =SUMIFS('South Korea'!$H:$H,'South Korea'!$E:$E,B$27,'South Korea'!$G:$G,"Soybean") -> 0 | C32: =SUMIFS('South Korea'!$H:$H,'South Korea'!$E:$E,C$27,'South Korea'!$G:$G,"Soybean") -> 0 | D32: =SUMIFS('South Korea'!$H:$H,'South Korea'!$E:$E,D$27,'South Korea'!$G:$G,"Soybean") -> 0 | E32: =SUMIFS('South Korea'!$H:$H,'South Korea'!$E:$E,E$27,'South Korea'!$G:$G,"Soybean") -> 0 | F32: =SUMIFS('South Korea'!$H:$H,'South Korea'!$E:$E,F$27,'South Korea'!$G:$G,"Soybean") -> 0 | G32: =SUMIFS('South Korea'!$H:$H,'South Korea'!$E:$E,G$27,'South Korea'!$G:$G,"Soybean") -> 0 | H32: =SUMIFS('South Korea'!$H:$H,'South Korea'!$E:$E,H$27,'South Korea'!$G:$G,"Soybean") -> 0 | I32: =SUMIFS('South Korea'!$H:$H,'South Korea'!$E:$E,I$27,'South Korea'!$G:$G,"Soybean") -> 0 | ... T32: =SUMIFS('South Korea'!$H:$H,'South Korea'!$E:$E,T$27,'South Korea'!$G:$G,"Soybean") -> 0 | U32: =SUM(B32:T32) -> 0
A33: Colombia | B33: =SUMIFS(Colombia!$H:$H,Colombia!$E:$E,B$27,Colombia!$G:$G,"Soybean") -> 0 | C33: =SUMIFS(Colombia!$H:$H,Colombia!$E:$E,C$27,Colombia!$G:$G,"Soybean") -> 0 | D33: =SUMIFS(Colombia!$H:$H,Colombia!$E:$E,D$27,Colombia!$G:$G,"Soybean") -> 0 | E33: =SUMIFS(Colombia!$H:$H,Colombia!$E:$E,E$27,Colombia!$G:$G,"Soybean") -> 0 | F33: =SUMIFS(Colombia!$H:$H,Colombia!$E:$E,F$27,Colombia!$G:$G,"Soybean") -> 0 | G33: =SUMIFS(Colombia!$H:$H,Colombia!$E:$E,G$27,Colombia!$G:$G,"Soybean") -> 0 | H33: =SUMIFS(Colombia!$H:$H,Colombia!$E:$E,H$27,Colombia!$G:$G,"Soybean") -> 0 | I33: =SUMIFS(Colombia!$H:$H,Colombia!$E:$E,I$27,Colombia!$G:$G,"Soybean") -> 0 | ... T33: =SUMIFS(Colombia!$H:$H,Colombia!$E:$E,T$27,Colombia!$G:$G,"Soybean") -> 0 | U33: =SUM(B33:T33) -> 188000
A34: Egypt | B34: =SUMIFS(Egypt!$H:$H,Egypt!$E:$E,B$27,Egypt!$G:$G,"Soybean") -> 0 | C34: =SUMIFS(Egypt!$H:$H,Egypt!$E:$E,C$27,Egypt!$G:$G,"Soybean") -> 0 | D34: =SUMIFS(Egypt!$H:$H,Egypt!$E:$E,D$27,Egypt!$G:$G,"Soybean") -> 0 | E34: =SUMIFS(Egypt!$H:$H,Egypt!$E:$E,E$27,Egypt!$G:$G,"Soybean") -> 114000 | F34: =SUMIFS(Egypt!$H:$H,Egypt!$E:$E,F$27,Egypt!$G:$G,"Soybean") -> 120000 | G34: =SUMIFS(Egypt!$H:$H,Egypt!$E:$E,G$27,Egypt!$G:$G,"Soybean") -> 0 | H34: =SUMIFS(Egypt!$H:$H,Egypt!$E:$E,H$27,Egypt!$G:$G,"Soybean") -> 0 | I34: =SUMIFS(Egypt!$H:$H,Egypt!$E:$E,I$27,Egypt!$G:$G,"Soybean") -> 120000 | ... T34: =SUMIFS(Egypt!$H:$H,Egypt!$E:$E,T$27,Egypt!$G:$G,"Soybean") -> 0 | U34: =SUM(B34:T34) -> 1502000
A35: Spain | B35: =SUMIFS(Spain!$H:$H,Spain!$E:$E,B$27,Spain!$G:$G,"Soybean") -> 0 | C35: =SUMIFS(Spain!$H:$H,Spain!$E:$E,C$27,Spain!$G:$G,"Soybean") -> 0 | D35: =SUMIFS(Spain!$H:$H,Spain!$E:$E,D$27,Spain!$G:$G,"Soybean") -> 0 | E35: =SUMIFS(Spain!$H:$H,Spain!$E:$E,E$27,Spain!$G:$G,"Soybean") -> 0 | F35: =SUMIFS(Spain!$H:$H,Spain!$E:$E,F$27,Spain!$G:$G,"Soybean") -> 0 | G35: =SUMIFS(Spain!$H:$H,Spain!$E:$E,G$27,Spain!$G:$G,"Soybean") -> 0 | H35: =SUMIFS(Spain!$H:$H,Spain!$E:$E,H$27,Spain!$G:$G,"Soybean") -> 0 | I35: =SUMIFS(Spain!$H:$H,Spain!$E:$E,I$27,Spain!$G:$G,"Soybean") -> 0 | ... T35: =SUMIFS(Spain!$H:$H,Spain!$E:$E,T$27,Spain!$G:$G,"Soybean") -> 0 | U35: =SUM(B35:T35) -> 550000
A36: Taiwan | B36: =SUMIFS(Taiwan!$H:$H,Taiwan!$E:$E,B$27,Taiwan!$G:$G,"Soybean") -> 0 | C36: =SUMIFS(Taiwan!$H:$H,Taiwan!$E:$E,C$27,Taiwan!$G:$G,"Soybean") -> 0 | D36: =SUMIFS(Taiwan!$H:$H,Taiwan!$E:$E,D$27,Taiwan!$G:$G,"Soybean") -> 0 | E36: =SUMIFS(Taiwan!$H:$H,Taiwan!$E:$E,E$27,Taiwan!$G:$G,"Soybean") -> 120000 | F36: =SUMIFS(Taiwan!$H:$H,Taiwan!$E:$E,F$27,Taiwan!$G:$G,"Soybean") -> 0 | G36: =SUMIFS(Taiwan!$H:$H,Taiwan!$E:$E,G$27,Taiwan!$G:$G,"Soybean") -> 0 | H36: =SUMIFS(Taiwan!$H:$H,Taiwan!$E:$E,H$27,Taiwan!$G:$G,"Soybean") -> 118000 | I36: =SUMIFS(Taiwan!$H:$H,Taiwan!$E:$E,I$27,Taiwan!$G:$G,"Soybean") -> 0 | ... T36: =SUMIFS(Taiwan!$H:$H,Taiwan!$E:$E,T$27,Taiwan!$G:$G,"Soybean") -> 0 | U36: =SUM(B36:T36) -> 342000
A37: Costa Rica | B37: =SUMIFS('Costa Rica'!$H:$H,'Costa Rica'!$E:$E,B$27,'Costa Rica'!$G:$G,"Soybean") -> 0 | C37: =SUMIFS('Costa Rica'!$H:$H,'Costa Rica'!$E:$E,C$27,'Costa Rica'!$G:$G,"Soybean") -> 0 | D37: =SUMIFS('Costa Rica'!$H:$H,'Costa Rica'!$E:$E,D$27,'Costa Rica'!$G:$G,"Soybean") -> 0 | E37: =SUMIFS('Costa Rica'!$H:$H,'Costa Rica'!$E:$E,E$27,'Costa Rica'!$G:$G,"Soybean") -> 0 | F37: =SUMIFS('Costa Rica'!$H:$H,'Costa Rica'!$E:$E,F$27,'Costa Rica'!$G:$G,"Soybean") -> 0 | G37: =SUMIFS('Costa Rica'!$H:$H,'Costa Rica'!$E:$E,G$27,'Costa Rica'!$G:$G,"Soybean") -> 0 | H37: =SUMIFS('Costa Rica'!$H:$H,'Costa Rica'!$E:$E,H$27,'Costa Rica'!$G:$G,"Soybean") -> 0 | I37: =SUMIFS('Costa Rica'!$H:$H,'Costa Rica'!$E:$E,I$27,'Costa Rica'!$G:$G,"Soybean") -> 0 | ... T37: =SUMIFS('Costa Rica'!$H:$H,'Costa Rica'!$E:$E,T$27,'Costa Rica'!$G:$G,"Soybean") -> 0 | U37: =SUM(B37:T37) -> 0
A38: Guatemala | B38: =SUMIFS(Guatemala!$H:$H,Guatemala!$E:$E,B$27,Guatemala!$G:$G,"Soybean") -> 0 | C38: =SUMIFS(Guatemala!$H:$H,Guatemala!$E:$E,C$27,Guatemala!$G:$G,"Soybean") -> 0 | D38: =SUMIFS(Guatemala!$H:$H,Guatemala!$E:$E,D$27,Guatemala!$G:$G,"Soybean") -> 0 | E38: =SUMIFS(Guatemala!$H:$H,Guatemala!$E:$E,E$27,Guatemala!$G:$G,"Soybean") -> 0 | F38: =SUMIFS(Guatemala!$H:$H,Guatemala!$E:$E,F$27,Guatemala!$G:$G,"Soybean") -> 0 | G38: =SUMIFS(Guatemala!$H:$H,Guatemala!$E:$E,G$27,Guatemala!$G:$G,"Soybean") -> 0 | H38: =SUMIFS(Guatemala!$H:$H,Guatemala!$E:$E,H$27,Guatemala!$G:$G,"Soybean") -> 0 | I38: =SUMIFS(Guatemala!$H:$H,Guatemala!$E:$E,I$27,Guatemala!$G:$G,"Soybean") -> 0 | ... T38: =SUMIFS(Guatemala!$H:$H,Guatemala!$E:$E,T$27,Guatemala!$G:$G,"Soybean") -> 0 | U38: =SUM(B38:T38) -> 0
A39: Saudi Arabia | B39: =SUMIFS('Saudi Arabia'!$H:$H,'Saudi Arabia'!$E:$E,B$27,'Saudi Arabia'!$G:$G,"Soybean") -> 0 | C39: =SUMIFS('Saudi Arabia'!$H:$H,'Saudi Arabia'!$E:$E,C$27,'Saudi Arabia'!$G:$G,"Soybean") -> 0 | D39: =SUMIFS('Saudi Arabia'!$H:$H,'Saudi Arabia'!$E:$E,D$27,'Saudi Arabia'!$G:$G,"Soybean") -> 0 | E39: =SUMIFS('Saudi Arabia'!$H:$H,'Saudi Arabia'!$E:$E,E$27,'Saudi Arabia'!$G:$G,"Soybean") -> 0 | F39: =SUMIFS('Saudi Arabia'!$H:$H,'Saudi Arabia'!$E:$E,F$27,'Saudi Arabia'!$G:$G,"Soybean") -> 0 | G39: =SUMIFS('Saudi Arabia'!$H:$H,'Saudi Arabia'!$E:$E,G$27,'Saudi Arabia'!$G:$G,"Soybean") -> 0 | H39: =SUMIFS('Saudi Arabia'!$H:$H,'Saudi Arabia'!$E:$E,H$27,'Saudi Arabia'!$G:$G,"Soybean") -> 0 | I39: =SUMIFS('Saudi Arabia'!$H:$H,'Saudi Arabia'!$E:$E,I$27,'Saudi Arabia'!$G:$G,"Soybean") -> 0 | ... T39: =SUMIFS('Saudi Arabia'!$H:$H,'Saudi Arabia'!$E:$E,T$27,'Saudi Arabia'!$G:$G,"Soybean") -> 0 | U39: =SUM(B39:T39) -> 66000
A40: Argentina | B40: =SUMIFS(Argentina!$H:$H,Argentina!$E:$E,B$27,Argentina!$G:$G,"Soybean") -> 0 | C40: =SUMIFS(Argentina!$H:$H,Argentina!$E:$E,C$27,Argentina!$G:$G,"Soybean") -> 0 | D40: =SUMIFS(Argentina!$H:$H,Argentina!$E:$E,D$27,Argentina!$G:$G,"Soybean") -> 0 | E40: =SUMIFS(Argentina!$H:$H,Argentina!$E:$E,E$27,Argentina!$G:$G,"Soybean") -> 0 | F40: =SUMIFS(Argentina!$H:$H,Argentina!$E:$E,F$27,Argentina!$G:$G,"Soybean") -> 0 | G40: =SUMIFS(Argentina!$H:$H,Argentina!$E:$E,G$27,Argentina!$G:$G,"Soybean") -> 0 | H40: =SUMIFS(Argentina!$H:$H,Argentina!$E:$E,H$27,Argentina!$G:$G,"Soybean") -> 0 | I40: =SUMIFS(Argentina!$H:$H,Argentina!$E:$E,I$27,Argentina!$G:$G,"Soybean") -> 60000 | ... T40: =SUMIFS(Argentina!$H:$H,Argentina!$E:$E,T$27,Argentina!$G:$G,"Soybean") -> 0 | U40: =SUM(B40:T40) -> 490000
A41: Pakistan | B41: =SUMIFS(Pakistan!$H:$H,Pakistan!$E:$E,B$27,Pakistan!$G:$G,"Soybean") -> 0 | C41: =SUMIFS(Pakistan!$H:$H,Pakistan!$E:$E,C$27,Pakistan!$G:$G,"Soybean") -> 0 | D41: =SUMIFS(Pakistan!$H:$H,Pakistan!$E:$E,D$27,Pakistan!$G:$G,"Soybean") -> 0 | E41: =SUMIFS(Pakistan!$H:$H,Pakistan!$E:$E,E$27,Pakistan!$G:$G,"Soybean") -> 0 | F41: =SUMIFS(Pakistan!$H:$H,Pakistan!$E:$E,F$27,Pakistan!$G:$G,"Soybean") -> 0 | G41: =SUMIFS(Pakistan!$H:$H,Pakistan!$E:$E,G$27,Pakistan!$G:$G,"Soybean") -> 0 | H41: =SUMIFS(Pakistan!$H:$H,Pakistan!$E:$E,H$27,Pakistan!$G:$G,"Soybean") -> 0 | I41: =SUMIFS(Pakistan!$H:$H,Pakistan!$E:$E,I$27,Pakistan!$G:$G,"Soybean") -> 0 | ... T41: =SUMIFS(Pakistan!$H:$H,Pakistan!$E:$E,T$27,Pakistan!$G:$G,"Soybean") -> 0 | U41: =SUM(B41:T41) -> 1028500
A42: Other | B42: =SUMIFS(Other!$H:$H,Other!$E:$E,B$27,Other!$G:$G,"Soybean") -> 0 | C42: =SUMIFS(Other!$H:$H,Other!$E:$E,C$27,Other!$G:$G,"Soybean") -> 0 | D42: =SUMIFS(Other!$H:$H,Other!$E:$E,D$27,Other!$G:$G,"Soybean") -> 0 | E42: =SUMIFS(Other!$H:$H,Other!$E:$E,E$27,Other!$G:$G,"Soybean") -> 120000 | F42: =SUMIFS(Other!$H:$H,Other!$E:$E,F$27,Other!$G:$G,"Soybean") -> 0 | G42: =SUMIFS(Other!$H:$H,Other!$E:$E,G$27,Other!$G:$G,"Soybean") -> 217000 | H42: =SUMIFS(Other!$H:$H,Other!$E:$E,H$27,Other!$G:$G,"Soybean") -> 110000 | I42: =SUMIFS(Other!$H:$H,Other!$E:$E,I$27,Other!$G:$G,"Soybean") -> 0 | ... T42: =SUMIFS(Other!$H:$H,Other!$E:$E,T$27,Other!$G:$G,"Soybean") -> 0 | U42: =SUM(B42:T42) -> 711500
A43: Total | B43: =SUM(B28:B42) -> 132000 | C43: =SUM(C28:C42) -> 773000 | D43: =SUM(D28:D42) -> 2825450 | E43: =SUM(E28:E42) -> 8742650 | F43: =SUM(F28:F42) -> 1032000 | G43: =SUM(G28:G42) -> 4240000 | H43: =SUM(H28:H42) -> 22052861 | I43: =SUM(I28:I42) -> 19307146 | ... U43: =SUM(U28:U42) -> 208301650
A46: Corn + Soybean
A47: Destination | B47: 2010/2011 | C47: 2011/2012 | D47: 2012/2013 | E47: 2013/2014 | F47: 2014/2015 | G47: 2015/2016 | H47: 2016/2017 | I47: 2017/2018 | J47: 2018/2019 | K47: 2019/2020 | L47: 2020/2021 | M47: 2021/2022 | N47: 2022/2023 | O47: 2023/2024 | P47: 2024/2025 | Q47: 2025/2026 | R47: 2026/2027 | S47: 2027/2028 | T47: 2028/2029 | U47: Total
A48: Not Available | B48: =SUMIFS('Not Available'!$H:$H,'Not Available'!$E:$E,B$47) -> 130000 | C48: =SUMIFS('Not Available'!$H:$H,'Not Available'!$E:$E,C$47) -> 100000 | D48: =SUMIFS('Not Available'!$H:$H,'Not Available'!$E:$E,D$47) -> 134378 | E48: =SUMIFS('Not Available'!$H:$H,'Not Available'!$E:$E,E$47) -> 4361930 | F48: =SUMIFS('Not Available'!$H:$H,'Not Available'!$E:$E,F$47) -> 451256 | G48: =SUMIFS('Not Available'!$H:$H,'Not Available'!$E:$E,G$47) -> 4401190 | H48: =SUMIFS('Not Available'!$H:$H,'Not Available'!$E:$E,H$47) -> 13911574 | I48: =SUMIFS('Not Available'!$H:$H,'Not Available'!$E:$E,I$47) -> 12949264 | ... T48: =SUMIFS('Not Available'!$H:$H,'Not Available'!$E:$E,T$47) -> 0 | U48: =SUM(B48:T48) -> 126690595
A49: China | B49: =SUMIFS(China!$H:$H,China!$E:$E,B$47) -> 132000 | C49: =SUMIFS(China!$H:$H,China!$E:$E,C$47) -> 773000 | D49: =SUMIFS(China!$H:$H,China!$E:$E,D$47) -> 2750000 | E49: =SUMIFS(China!$H:$H,China!$E:$E,E$47) -> 6085000 | F49: =SUMIFS(China!$H:$H,China!$E:$E,F$47) -> 477000 | G49: =SUMIFS(China!$H:$H,China!$E:$E,G$47) -> 1219000 | H49: =SUMIFS(China!$H:$H,China!$E:$E,H$47) -> 11002570 | I49: =SUMIFS(China!$H:$H,China!$E:$E,I$47) -> 9965000 | ... T49: =SUMIFS(China!$H:$H,China!$E:$E,T$47) -> 0 | U49: =SUM(B49:T49) -> 147915270
A50: Mexico | B50: =SUMIFS(Mexico!$H:$H,Mexico!$E:$E,B$47) -> 0 | C50: =SUMIFS(Mexico!$H:$H,Mexico!$E:$E,C$47) -> 0 | D50: =SUMIFS(Mexico!$H:$H,Mexico!$E:$E,D$47) -> 11000 | E50: =SUMIFS(Mexico!$H:$H,Mexico!$E:$E,E$47) -> 677353 | F50: =SUMIFS(Mexico!$H:$H,Mexico!$E:$E,F$47) -> 243150 | G50: =SUMIFS(Mexico!$H:$H,Mexico!$E:$E,G$47) -> 507940 | H50: =SUMIFS(Mexico!$H:$H,Mexico!$E:$E,H$47) -> 3352048 | I50: =SUMIFS(Mexico!$H:$H,Mexico!$E:$E,I$47) -> 5175223 | ... T50: =SUMIFS(Mexico!$H:$H,Mexico!$E:$E,T$47) -> 22400 | U50: =SUM(B50:T50) -> 71052654
A51: Japan | B51: =SUMIFS(Japan!$H:$H,Japan!$E:$E,B$47) -> 0 | C51: =SUMIFS(Japan!$H:$H,Japan!$E:$E,C$47) -> 0 | D51: =SUMIFS(Japan!$H:$H,Japan!$E:$E,D$47) -> 0 | E51: =SUMIFS(Japan!$H:$H,Japan!$E:$E,E$47) -> 223040 | F51: =SUMIFS(Japan!$H:$H,Japan!$E:$E,F$47) -> 458384 | G51: =SUMIFS(Japan!$H:$H,Japan!$E:$E,G$47) -> 1146884 | H51: =SUMIFS(Japan!$H:$H,Japan!$E:$E,H$47) -> 1139704 | I51: =SUMIFS(Japan!$H:$H,Japan!$E:$E,I$47) -> 981456 | ... T51: =SUMIFS(Japan!$H:$H,Japan!$E:$E,T$47) -> 0 | U51: =SUM(B51:T51) -> 7884108
A52: South Korea | B52: =SUMIFS('South Korea'!$H:$H,'South Korea'!$E:$E,B$47) -> 0 | C52: =SUMIFS('South Korea'!$H:$H,'South Korea'!$E:$E,C$47) -> 357000 | D52: =SUMIFS('South Korea'!$H:$H,'South Korea'!$E:$E,D$47) -> 0 | E52: =SUMIFS('South Korea'!$H:$H,'South Korea'!$E:$E,E$47) -> 444000 | F52: =SUMIFS('South Korea'!$H:$H,'South Korea'!$E:$E,F$47) -> 0 | G52: =SUMIFS('South Korea'!$H:$H,'South Korea'!$E:$E,G$47) -> 197000 | H52: =SUMIFS('South Korea'!$H:$H,'South Korea'!$E:$E,H$47) -> 1081000 | I52: =SUMIFS('South Korea'!$H:$H,'South Korea'!$E:$E,I$47) -> 613000 | ... T52: =SUMIFS('South Korea'!$H:$H,'South Korea'!$E:$E,T$47) -> 0 | U52: =SUM(B52:T52) -> 6671000
A53: Colombia | B53: =SUMIFS(Colombia!$H:$H,Colombia!$E:$E,B$47) -> 0 | C53: =SUMIFS(Colombia!$H:$H,Colombia!$E:$E,C$47) -> 0 | D53: =SUMIFS(Colombia!$H:$H,Colombia!$E:$E,D$47) -> 0 | E53: =SUMIFS(Colombia!$H:$H,Colombia!$E:$E,E$47) -> 0 | F53: =SUMIFS(Colombia!$H:$H,Colombia!$E:$E,F$47) -> 0 | G53: =SUMIFS(Colombia!$H:$H,Colombia!$E:$E,G$47) -> 525000 | H53: =SUMIFS(Colombia!$H:$H,Colombia!$E:$E,H$47) -> 105000 | I53: =SUMIFS(Colombia!$H:$H,Colombia!$E:$E,I$47) -> 250000 | ... T53: =SUMIFS(Colombia!$H:$H,Colombia!$E:$E,T$47) -> 0 | U53: =SUM(B53:T53) -> 3959800
A54: Egypt | B54: =SUMIFS(Egypt!$H:$H,Egypt!$E:$E,B$47) -> 120000 | C54: =SUMIFS(Egypt!$H:$H,Egypt!$E:$E,C$47) -> 240000 | D54: =SUMIFS(Egypt!$H:$H,Egypt!$E:$E,D$47) -> 0 | E54: =SUMIFS(Egypt!$H:$H,Egypt!$E:$E,E$47) -> 778000 | F54: =SUMIFS(Egypt!$H:$H,Egypt!$E:$E,F$47) -> 296000 | G54: =SUMIFS(Egypt!$H:$H,Egypt!$E:$E,G$47) -> 0 | H54: =SUMIFS(Egypt!$H:$H,Egypt!$E:$E,H$47) -> 0 | I54: =SUMIFS(Egypt!$H:$H,Egypt!$E:$E,I$47) -> 680000 | ... T54: =SUMIFS(Egypt!$H:$H,Egypt!$E:$E,T$47) -> 0 | U54: =SUM(B54:T54) -> 3315000
A55: Spain | B55: =SUMIFS(Spain!$H:$H,Spain!$E:$E,B$47) -> 0 | C55: =SUMIFS(Spain!$H:$H,Spain!$E:$E,C$47) -> 0 | D55: =SUMIFS(Spain!$H:$H,Spain!$E:$E,D$47) -> 0 | E55: =SUMIFS(Spain!$H:$H,Spain!$E:$E,E$47) -> 150000 | F55: =SUMIFS(Spain!$H:$H,Spain!$E:$E,F$47) -> 0 | G55: =SUMIFS(Spain!$H:$H,Spain!$E:$E,G$47) -> 0 | H55: =SUMIFS(Spain!$H:$H,Spain!$E:$E,H$47) -> 0 | I55: =SUMIFS(Spain!$H:$H,Spain!$E:$E,I$47) -> 384000 | ... T55: =SUMIFS(Spain!$H:$H,Spain!$E:$E,T$47) -> 0 | U55: =SUM(B55:T55) -> 1936452
A56: Taiwan | B56: =SUMIFS(Taiwan!$H:$H,Taiwan!$E:$E,B$47) -> 0 | C56: =SUMIFS(Taiwan!$H:$H,Taiwan!$E:$E,C$47) -> 0 | D56: =SUMIFS(Taiwan!$H:$H,Taiwan!$E:$E,D$47) -> 0 | E56: =SUMIFS(Taiwan!$H:$H,Taiwan!$E:$E,E$47) -> 120000 | F56: =SUMIFS(Taiwan!$H:$H,Taiwan!$E:$E,F$47) -> 0 | G56: =SUMIFS(Taiwan!$H:$H,Taiwan!$E:$E,G$47) -> 445000 | H56: =SUMIFS(Taiwan!$H:$H,Taiwan!$E:$E,H$47) -> 313000 | I56: =SUMIFS(Taiwan!$H:$H,Taiwan!$E:$E,I$47) -> 0 | ... T56: =SUMIFS(Taiwan!$H:$H,Taiwan!$E:$E,T$47) -> 0 | U56: =SUM(B56:T56) -> 1227000
A57: Costa Rica | B57: =SUMIFS('Costa Rica'!$H:$H,'Costa Rica'!$E:$E,B$47) -> 0 | C57: =SUMIFS('Costa Rica'!$H:$H,'Costa Rica'!$E:$E,C$47) -> 0 | D57: =SUMIFS('Costa Rica'!$H:$H,'Costa Rica'!$E:$E,D$47) -> 0 | E57: =SUMIFS('Costa Rica'!$H:$H,'Costa Rica'!$E:$E,E$47) -> 0 | F57: =SUMIFS('Costa Rica'!$H:$H,'Costa Rica'!$E:$E,F$47) -> 0 | G57: =SUMIFS('Costa Rica'!$H:$H,'Costa Rica'!$E:$E,G$47) -> 106162 | H57: =SUMIFS('Costa Rica'!$H:$H,'Costa Rica'!$E:$E,H$47) -> 0 | I57: =SUMIFS('Costa Rica'!$H:$H,'Costa Rica'!$E:$E,I$47) -> 134503 | ... T57: =SUMIFS('Costa Rica'!$H:$H,'Costa Rica'!$E:$E,T$47) -> 0 | U57: =SUM(B57:T57) -> 843555
A58: Guatemala | B58: =SUMIFS(Guatemala!$H:$H,Guatemala!$E:$E,B$47) -> 0 | C58: =SUMIFS(Guatemala!$H:$H,Guatemala!$E:$E,C$47) -> 0 | D58: =SUMIFS(Guatemala!$H:$H,Guatemala!$E:$E,D$47) -> 0 | E58: =SUMIFS(Guatemala!$H:$H,Guatemala!$E:$E,E$47) -> 0 | F58: =SUMIFS(Guatemala!$H:$H,Guatemala!$E:$E,F$47) -> 0 | G58: =SUMIFS(Guatemala!$H:$H,Guatemala!$E:$E,G$47) -> 0 | H58: =SUMIFS(Guatemala!$H:$H,Guatemala!$E:$E,H$47) -> 0 | I58: =SUMIFS(Guatemala!$H:$H,Guatemala!$E:$E,I$47) -> 0 | ... T58: =SUMIFS(Guatemala!$H:$H,Guatemala!$E:$E,T$47) -> 0 | U58: =SUM(B58:T58) -> 764153
A59: Saudi Arabia | B59: =SUMIFS('Saudi Arabia'!$H:$H,'Saudi Arabia'!$E:$E,B$47) -> 0 | C59: =SUMIFS('Saudi Arabia'!$H:$H,'Saudi Arabia'!$E:$E,C$47) -> 0 | D59: =SUMIFS('Saudi Arabia'!$H:$H,'Saudi Arabia'!$E:$E,D$47) -> 0 | E59: =SUMIFS('Saudi Arabia'!$H:$H,'Saudi Arabia'!$E:$E,E$47) -> 0 | F59: =SUMIFS('Saudi Arabia'!$H:$H,'Saudi Arabia'!$E:$E,F$47) -> 140000 | G59: =SUMIFS('Saudi Arabia'!$H:$H,'Saudi Arabia'!$E:$E,G$47) -> 210000 | H59: =SUMIFS('Saudi Arabia'!$H:$H,'Saudi Arabia'!$E:$E,H$47) -> 140000 | I59: =SUMIFS('Saudi Arabia'!$H:$H,'Saudi Arabia'!$E:$E,I$47) -> 70000 | ... T59: =SUMIFS('Saudi Arabia'!$H:$H,'Saudi Arabia'!$E:$E,T$47) -> 0 | U59: =SUM(B59:T59) -> 696000
A60: Argentina | B60: =SUMIFS(Argentina!$H:$H,Argentina!$E:$E,B$47) -> 0 | C60: =SUMIFS(Argentina!$H:$H,Argentina!$E:$E,C$47) -> 0 | D60: =SUMIFS(Argentina!$H:$H,Argentina!$E:$E,D$47) -> 0 | E60: =SUMIFS(Argentina!$H:$H,Argentina!$E:$E,E$47) -> 0 | F60: =SUMIFS(Argentina!$H:$H,Argentina!$E:$E,F$47) -> 0 | G60: =SUMIFS(Argentina!$H:$H,Argentina!$E:$E,G$47) -> 0 | H60: =SUMIFS(Argentina!$H:$H,Argentina!$E:$E,H$47) -> 0 | I60: =SUMIFS(Argentina!$H:$H,Argentina!$E:$E,I$47) -> 140000 | ... T60: =SUMIFS(Argentina!$H:$H,Argentina!$E:$E,T$47) -> 0 | U60: =SUM(B60:T60) -> 570000
A61: Pakistan | B61: =SUMIFS(Pakistan!$H:$H,Pakistan!$E:$E,B$47) -> 0 | C61: =SUMIFS(Pakistan!$H:$H,Pakistan!$E:$E,C$47) -> 0 | D61: =SUMIFS(Pakistan!$H:$H,Pakistan!$E:$E,D$47) -> 0 | E61: =SUMIFS(Pakistan!$H:$H,Pakistan!$E:$E,E$47) -> 0 | F61: =SUMIFS(Pakistan!$H:$H,Pakistan!$E:$E,F$47) -> 0 | G61: =SUMIFS(Pakistan!$H:$H,Pakistan!$E:$E,G$47) -> 0 | H61: =SUMIFS(Pakistan!$H:$H,Pakistan!$E:$E,H$47) -> 0 | I61: =SUMIFS(Pakistan!$H:$H,Pakistan!$E:$E,I$47) -> 0 | ... T61: =SUMIFS(Pakistan!$H:$H,Pakistan!$E:$E,T$47) -> 0 | U61: =SUM(B61:T61) -> 1028500
A62: Other | B62: =SUMIFS(Other!$H:$H,Other!$E:$E,B$47) -> 0 | C62: =SUMIFS(Other!$H:$H,Other!$E:$E,C$47) -> 0 | D62: =SUMIFS(Other!$H:$H,Other!$E:$E,D$47) -> 0 | E62: =SUMIFS(Other!$H:$H,Other!$E:$E,E$47) -> 120000 | F62: =SUMIFS(Other!$H:$H,Other!$E:$E,F$47) -> 0 | G62: =SUMIFS(Other!$H:$H,Other!$E:$E,G$47) -> 349000 | H62: =SUMIFS(Other!$H:$H,Other!$E:$E,H$47) -> 210973 | I62: =SUMIFS(Other!$H:$H,Other!$E:$E,I$47) -> 110000 | ... T62: =SUMIFS(Other!$H:$H,Other!$E:$E,T$47) -> 0 | U62: =SUM(B62:T62) -> 1720573
A63: Total | B63: =SUM(B48:B62) -> 382000 | C63: =SUM(C48:C62) -> 1470000 | D63: =SUM(D48:D62) -> 2895378 | E63: =SUM(E48:E62) -> 12959323 | F63: =SUM(F48:F62) -> 2065790 | G63: =SUM(G48:G62) -> 9107176 | H63: =SUM(H48:H62) -> 31255869 | I63: =SUM(I48:I62) -> 31452446 | ... U63: =SUM(U48:U62) -> 376274660
A66: By sale season (Sep 1 – Aug 31, based on the date the sale was made)
A68: Corn
A69: Destination | B69: 2010/2011 | C69: 2011/2012 | D69: 2012/2013 | E69: 2013/2014 | F69: 2014/2015 | G69: 2015/2016 | H69: 2016/2017 | I69: 2017/2018 | J69: 2018/2019 | K69: 2019/2020 | L69: 2020/2021 | M69: 2021/2022 | N69: 2022/2023 | O69: 2023/2024 | P69: 2024/2025 | Q69: 2025/2026 | R69: 2026/2027 | S69: Total
A70: Not Available | B70: =SUMIFS('Not Available'!$H:$H,'Not Available'!$F:$F,B$69,'Not Available'!$G:$G,"Corn") -> 230000 | C70: =SUMIFS('Not Available'!$H:$H,'Not Available'!$F:$F,C$69,'Not Available'!$G:$G,"Corn") -> 0 | D70: =SUMIFS('Not Available'!$H:$H,'Not Available'!$F:$F,D$69,'Not Available'!$G:$G,"Corn") -> 458328 | E70: =SUMIFS('Not Available'!$H:$H,'Not Available'!$F:$F,E$69,'Not Available'!$G:$G,"Corn") -> 595136 | F70: =SUMIFS('Not Available'!$H:$H,'Not Available'!$F:$F,F$69,'Not Available'!$G:$G,"Corn") -> 0 | G70: =SUMIFS('Not Available'!$H:$H,'Not Available'!$F:$F,G$69,'Not Available'!$G:$G,"Corn") -> 2616488 | H70: =SUMIFS('Not Available'!$H:$H,'Not Available'!$F:$F,H$69,'Not Available'!$G:$G,"Corn") -> 2919785 | I70: =SUMIFS('Not Available'!$H:$H,'Not Available'!$F:$F,I$69,'Not Available'!$G:$G,"Corn") -> 5088936 | ... R70: =SUMIFS('Not Available'!$H:$H,'Not Available'!$F:$F,R$69,'Not Available'!$G:$G,"Corn") -> 0 | S70: =SUM(B70:R70) -> 38070189
A71: China | B71: =SUMIFS(China!$H:$H,China!$F:$F,B$69,China!$G:$G,"Corn") -> 0 | C71: =SUMIFS(China!$H:$H,China!$F:$F,C$69,China!$G:$G,"Corn") -> 0 | D71: =SUMIFS(China!$H:$H,China!$F:$F,D$69,China!$G:$G,"Corn") -> 1080000 | E71: =SUMIFS(China!$H:$H,China!$F:$F,E$69,China!$G:$G,"Corn") -> 0 | F71: =SUMIFS(China!$H:$H,China!$F:$F,F$69,China!$G:$G,"Corn") -> 0 | G71: =SUMIFS(China!$H:$H,China!$F:$F,G$69,China!$G:$G,"Corn") -> 0 | H71: =SUMIFS(China!$H:$H,China!$F:$F,H$69,China!$G:$G,"Corn") -> 0 | I71: =SUMIFS(China!$H:$H,China!$F:$F,I$69,China!$G:$G,"Corn") -> 0 | ... R71: =SUMIFS(China!$H:$H,China!$F:$F,R$69,China!$G:$G,"Corn") -> 0 | S71: =SUM(B71:R71) -> 44964000
A72: Mexico | B72: =SUMIFS(Mexico!$H:$H,Mexico!$F:$F,B$69,Mexico!$G:$G,"Corn") -> 0 | C72: =SUMIFS(Mexico!$H:$H,Mexico!$F:$F,C$69,Mexico!$G:$G,"Corn") -> 0 | D72: =SUMIFS(Mexico!$H:$H,Mexico!$F:$F,D$69,Mexico!$G:$G,"Corn") -> 358553 | E72: =SUMIFS(Mexico!$H:$H,Mexico!$F:$F,E$69,Mexico!$G:$G,"Corn") -> 572950 | F72: =SUMIFS(Mexico!$H:$H,Mexico!$F:$F,F$69,Mexico!$G:$G,"Corn") -> 0 | G72: =SUMIFS(Mexico!$H:$H,Mexico!$F:$F,G$69,Mexico!$G:$G,"Corn") -> 1283979 | H72: =SUMIFS(Mexico!$H:$H,Mexico!$F:$F,H$69,Mexico!$G:$G,"Corn") -> 3706744 | I72: =SUMIFS(Mexico!$H:$H,Mexico!$F:$F,I$69,Mexico!$G:$G,"Corn") -> 3933705 | ... R72: =SUMIFS(Mexico!$H:$H,Mexico!$F:$F,R$69,Mexico!$G:$G,"Corn") -> 895020 | S72: =SUM(B72:R72) -> 59200680
A73: Japan | B73: =SUMIFS(Japan!$H:$H,Japan!$F:$F,B$69,Japan!$G:$G,"Corn") -> 0 | C73: =SUMIFS(Japan!$H:$H,Japan!$F:$F,C$69,Japan!$G:$G,"Corn") -> 0 | D73: =SUMIFS(Japan!$H:$H,Japan!$F:$F,D$69,Japan!$G:$G,"Corn") -> 0 | E73: =SUMIFS(Japan!$H:$H,Japan!$F:$F,E$69,Japan!$G:$G,"Corn") -> 681424 | F73: =SUMIFS(Japan!$H:$H,Japan!$F:$F,F$69,Japan!$G:$G,"Corn") -> 0 | G73: =SUMIFS(Japan!$H:$H,Japan!$F:$F,G$69,Japan!$G:$G,"Corn") -> 1525884 | H73: =SUMIFS(Japan!$H:$H,Japan!$F:$F,H$69,Japan!$G:$G,"Corn") -> 1288408 | I73: =SUMIFS(Japan!$H:$H,Japan!$F:$F,I$69,Japan!$G:$G,"Corn") -> 659752 | ... R73: =SUMIFS(Japan!$H:$H,Japan!$F:$F,R$69,Japan!$G:$G,"Corn") -> 0 | S73: =SUM(B73:R73) -> 7884108
A74: South Korea | B74: =SUMIFS('South Korea'!$H:$H,'South Korea'!$F:$F,B$69,'South Korea'!$G:$G,"Corn") -> 225000 | C74: =SUMIFS('South Korea'!$H:$H,'South Korea'!$F:$F,C$69,'South Korea'!$G:$G,"Corn") -> 132000 | D74: =SUMIFS('South Korea'!$H:$H,'South Korea'!$F:$F,D$69,'South Korea'!$G:$G,"Corn") -> 0 | E74: =SUMIFS('South Korea'!$H:$H,'South Korea'!$F:$F,E$69,'South Korea'!$G:$G,"Corn") -> 444000 | F74: =SUMIFS('South Korea'!$H:$H,'South Korea'!$F:$F,F$69,'South Korea'!$G:$G,"Corn") -> 0 | G74: =SUMIFS('South Korea'!$H:$H,'South Korea'!$F:$F,G$69,'South Korea'!$G:$G,"Corn") -> 266000 | H74: =SUMIFS('South Korea'!$H:$H,'South Korea'!$F:$F,H$69,'South Korea'!$G:$G,"Corn") -> 1012000 | I74: =SUMIFS('South Korea'!$H:$H,'South Korea'!$F:$F,I$69,'South Korea'!$G:$G,"Corn") -> 750000 | ... R74: =SUMIFS('South Korea'!$H:$H,'South Korea'!$F:$F,R$69,'South Korea'!$G:$G,"Corn") -> 0 | S74: =SUM(B74:R74) -> 6671000
A75: Colombia | B75: =SUMIFS(Colombia!$H:$H,Colombia!$F:$F,B$69,Colombia!$G:$G,"Corn") -> 0 | C75: =SUMIFS(Colombia!$H:$H,Colombia!$F:$F,C$69,Colombia!$G:$G,"Corn") -> 0 | D75: =SUMIFS(Colombia!$H:$H,Colombia!$F:$F,D$69,Colombia!$G:$G,"Corn") -> 0 | E75: =SUMIFS(Colombia!$H:$H,Colombia!$F:$F,E$69,Colombia!$G:$G,"Corn") -> 0 | F75: =SUMIFS(Colombia!$H:$H,Colombia!$F:$F,F$69,Colombia!$G:$G,"Corn") -> 0 | G75: =SUMIFS(Colombia!$H:$H,Colombia!$F:$F,G$69,Colombia!$G:$G,"Corn") -> 525000 | H75: =SUMIFS(Colombia!$H:$H,Colombia!$F:$F,H$69,Colombia!$G:$G,"Corn") -> 355000 | I75: =SUMIFS(Colombia!$H:$H,Colombia!$F:$F,I$69,Colombia!$G:$G,"Corn") -> 0 | ... R75: =SUMIFS(Colombia!$H:$H,Colombia!$F:$F,R$69,Colombia!$G:$G,"Corn") -> 0 | S75: =SUM(B75:R75) -> 3771800
A76: Egypt | B76: =SUMIFS(Egypt!$H:$H,Egypt!$F:$F,B$69,Egypt!$G:$G,"Corn") -> 120000 | C76: =SUMIFS(Egypt!$H:$H,Egypt!$F:$F,C$69,Egypt!$G:$G,"Corn") -> 240000 | D76: =SUMIFS(Egypt!$H:$H,Egypt!$F:$F,D$69,Egypt!$G:$G,"Corn") -> 0 | E76: =SUMIFS(Egypt!$H:$H,Egypt!$F:$F,E$69,Egypt!$G:$G,"Corn") -> 840000 | F76: =SUMIFS(Egypt!$H:$H,Egypt!$F:$F,F$69,Egypt!$G:$G,"Corn") -> 0 | G76: =SUMIFS(Egypt!$H:$H,Egypt!$F:$F,G$69,Egypt!$G:$G,"Corn") -> 0 | H76: =SUMIFS(Egypt!$H:$H,Egypt!$F:$F,H$69,Egypt!$G:$G,"Corn") -> 0 | I76: =SUMIFS(Egypt!$H:$H,Egypt!$F:$F,I$69,Egypt!$G:$G,"Corn") -> 613000 | ... R76: =SUMIFS(Egypt!$H:$H,Egypt!$F:$F,R$69,Egypt!$G:$G,"Corn") -> 0 | S76: =SUM(B76:R76) -> 1813000
A77: Spain | B77: =SUMIFS(Spain!$H:$H,Spain!$F:$F,B$69,Spain!$G:$G,"Corn") -> 0 | C77: =SUMIFS(Spain!$H:$H,Spain!$F:$F,C$69,Spain!$G:$G,"Corn") -> 0 | D77: =SUMIFS(Spain!$H:$H,Spain!$F:$F,D$69,Spain!$G:$G,"Corn") -> 0 | E77: =SUMIFS(Spain!$H:$H,Spain!$F:$F,E$69,Spain!$G:$G,"Corn") -> 150000 | F77: =SUMIFS(Spain!$H:$H,Spain!$F:$F,F$69,Spain!$G:$G,"Corn") -> 0 | G77: =SUMIFS(Spain!$H:$H,Spain!$F:$F,G$69,Spain!$G:$G,"Corn") -> 0 | H77: =SUMIFS(Spain!$H:$H,Spain!$F:$F,H$69,Spain!$G:$G,"Corn") -> 0 | I77: =SUMIFS(Spain!$H:$H,Spain!$F:$F,I$69,Spain!$G:$G,"Corn") -> 384000 | ... R77: =SUMIFS(Spain!$H:$H,Spain!$F:$F,R$69,Spain!$G:$G,"Corn") -> 0 | S77: =SUM(B77:R77) -> 1386452
A78: Taiwan | B78: =SUMIFS(Taiwan!$H:$H,Taiwan!$F:$F,B$69,Taiwan!$G:$G,"Corn") -> 0 | C78: =SUMIFS(Taiwan!$H:$H,Taiwan!$F:$F,C$69,Taiwan!$G:$G,"Corn") -> 0 | D78: =SUMIFS(Taiwan!$H:$H,Taiwan!$F:$F,D$69,Taiwan!$G:$G,"Corn") -> 0 | E78: =SUMIFS(Taiwan!$H:$H,Taiwan!$F:$F,E$69,Taiwan!$G:$G,"Corn") -> 0 | F78: =SUMIFS(Taiwan!$H:$H,Taiwan!$F:$F,F$69,Taiwan!$G:$G,"Corn") -> 0 | G78: =SUMIFS(Taiwan!$H:$H,Taiwan!$F:$F,G$69,Taiwan!$G:$G,"Corn") -> 510000 | H78: =SUMIFS(Taiwan!$H:$H,Taiwan!$F:$F,H$69,Taiwan!$G:$G,"Corn") -> 130000 | I78: =SUMIFS(Taiwan!$H:$H,Taiwan!$F:$F,I$69,Taiwan!$G:$G,"Corn") -> 0 | ... R78: =SUMIFS(Taiwan!$H:$H,Taiwan!$F:$F,R$69,Taiwan!$G:$G,"Corn") -> 0 | S78: =SUM(B78:R78) -> 885000
A79: Costa Rica | B79: =SUMIFS('Costa Rica'!$H:$H,'Costa Rica'!$F:$F,B$69,'Costa Rica'!$G:$G,"Corn") -> 0 | C79: =SUMIFS('Costa Rica'!$H:$H,'Costa Rica'!$F:$F,C$69,'Costa Rica'!$G:$G,"Corn") -> 0 | D79: =SUMIFS('Costa Rica'!$H:$H,'Costa Rica'!$F:$F,D$69,'Costa Rica'!$G:$G,"Corn") -> 0 | E79: =SUMIFS('Costa Rica'!$H:$H,'Costa Rica'!$F:$F,E$69,'Costa Rica'!$G:$G,"Corn") -> 0 | F79: =SUMIFS('Costa Rica'!$H:$H,'Costa Rica'!$F:$F,F$69,'Costa Rica'!$G:$G,"Corn") -> 0 | G79: =SUMIFS('Costa Rica'!$H:$H,'Costa Rica'!$F:$F,G$69,'Costa Rica'!$G:$G,"Corn") -> 106162 | H79: =SUMIFS('Costa Rica'!$H:$H,'Costa Rica'!$F:$F,H$69,'Costa Rica'!$G:$G,"Corn") -> 0 | I79: =SUMIFS('Costa Rica'!$H:$H,'Costa Rica'!$F:$F,I$69,'Costa Rica'!$G:$G,"Corn") -> 134503 | ... R79: =SUMIFS('Costa Rica'!$H:$H,'Costa Rica'!$F:$F,R$69,'Costa Rica'!$G:$G,"Corn") -> 0 | S79: =SUM(B79:R79) -> 843555
A80: Guatemala | B80: =SUMIFS(Guatemala!$H:$H,Guatemala!$F:$F,B$69,Guatemala!$G:$G,"Corn") -> 0 | C80: =SUMIFS(Guatemala!$H:$H,Guatemala!$F:$F,C$69,Guatemala!$G:$G,"Corn") -> 0 | D80: =SUMIFS(Guatemala!$H:$H,Guatemala!$F:$F,D$69,Guatemala!$G:$G,"Corn") -> 0 | E80: =SUMIFS(Guatemala!$H:$H,Guatemala!$F:$F,E$69,Guatemala!$G:$G,"Corn") -> 0 | F80: =SUMIFS(Guatemala!$H:$H,Guatemala!$F:$F,F$69,Guatemala!$G:$G,"Corn") -> 0 | G80: =SUMIFS(Guatemala!$H:$H,Guatemala!$F:$F,G$69,Guatemala!$G:$G,"Corn") -> 0 | H80: =SUMIFS(Guatemala!$H:$H,Guatemala!$F:$F,H$69,Guatemala!$G:$G,"Corn") -> 0 | I80: =SUMIFS(Guatemala!$H:$H,Guatemala!$F:$F,I$69,Guatemala!$G:$G,"Corn") -> 0 | ... R80: =SUMIFS(Guatemala!$H:$H,Guatemala!$F:$F,R$69,Guatemala!$G:$G,"Corn") -> 0 | S80: =SUM(B80:R80) -> 764153
A81: Saudi Arabia | B81: =SUMIFS('Saudi Arabia'!$H:$H,'Saudi Arabia'!$F:$F,B$69,'Saudi Arabia'!$G:$G,"Corn") -> 0 | C81: =SUMIFS('Saudi Arabia'!$H:$H,'Saudi Arabia'!$F:$F,C$69,'Saudi Arabia'!$G:$G,"Corn") -> 0 | D81: =SUMIFS('Saudi Arabia'!$H:$H,'Saudi Arabia'!$F:$F,D$69,'Saudi Arabia'!$G:$G,"Corn") -> 0 | E81: =SUMIFS('Saudi Arabia'!$H:$H,'Saudi Arabia'!$F:$F,E$69,'Saudi Arabia'!$G:$G,"Corn") -> 0 | F81: =SUMIFS('Saudi Arabia'!$H:$H,'Saudi Arabia'!$F:$F,F$69,'Saudi Arabia'!$G:$G,"Corn") -> 140000 | G81: =SUMIFS('Saudi Arabia'!$H:$H,'Saudi Arabia'!$F:$F,G$69,'Saudi Arabia'!$G:$G,"Corn") -> 210000 | H81: =SUMIFS('Saudi Arabia'!$H:$H,'Saudi Arabia'!$F:$F,H$69,'Saudi Arabia'!$G:$G,"Corn") -> 140000 | I81: =SUMIFS('Saudi Arabia'!$H:$H,'Saudi Arabia'!$F:$F,I$69,'Saudi Arabia'!$G:$G,"Corn") -> 140000 | ... R81: =SUMIFS('Saudi Arabia'!$H:$H,'Saudi Arabia'!$F:$F,R$69,'Saudi Arabia'!$G:$G,"Corn") -> 0 | S81: =SUM(B81:R81) -> 630000
A82: Argentina | B82: =SUMIFS(Argentina!$H:$H,Argentina!$F:$F,B$69,Argentina!$G:$G,"Corn") -> 0 | C82: =SUMIFS(Argentina!$H:$H,Argentina!$F:$F,C$69,Argentina!$G:$G,"Corn") -> 0 | D82: =SUMIFS(Argentina!$H:$H,Argentina!$F:$F,D$69,Argentina!$G:$G,"Corn") -> 0 | E82: =SUMIFS(Argentina!$H:$H,Argentina!$F:$F,E$69,Argentina!$G:$G,"Corn") -> 0 | F82: =SUMIFS(Argentina!$H:$H,Argentina!$F:$F,F$69,Argentina!$G:$G,"Corn") -> 0 | G82: =SUMIFS(Argentina!$H:$H,Argentina!$F:$F,G$69,Argentina!$G:$G,"Corn") -> 0 | H82: =SUMIFS(Argentina!$H:$H,Argentina!$F:$F,H$69,Argentina!$G:$G,"Corn") -> 0 | I82: =SUMIFS(Argentina!$H:$H,Argentina!$F:$F,I$69,Argentina!$G:$G,"Corn") -> 80000 | ... R82: =SUMIFS(Argentina!$H:$H,Argentina!$F:$F,R$69,Argentina!$G:$G,"Corn") -> 0 | S82: =SUM(B82:R82) -> 80000
A83: Pakistan | B83: =SUMIFS(Pakistan!$H:$H,Pakistan!$F:$F,B$69,Pakistan!$G:$G,"Corn") -> 0 | C83: =SUMIFS(Pakistan!$H:$H,Pakistan!$F:$F,C$69,Pakistan!$G:$G,"Corn") -> 0 | D83: =SUMIFS(Pakistan!$H:$H,Pakistan!$F:$F,D$69,Pakistan!$G:$G,"Corn") -> 0 | E83: =SUMIFS(Pakistan!$H:$H,Pakistan!$F:$F,E$69,Pakistan!$G:$G,"Corn") -> 0 | F83: =SUMIFS(Pakistan!$H:$H,Pakistan!$F:$F,F$69,Pakistan!$G:$G,"Corn") -> 0 | G83: =SUMIFS(Pakistan!$H:$H,Pakistan!$F:$F,G$69,Pakistan!$G:$G,"Corn") -> 0 | H83: =SUMIFS(Pakistan!$H:$H,Pakistan!$F:$F,H$69,Pakistan!$G:$G,"Corn") -> 0 | I83: =SUMIFS(Pakistan!$H:$H,Pakistan!$F:$F,I$69,Pakistan!$G:$G,"Corn") -> 0 | ... R83: =SUMIFS(Pakistan!$H:$H,Pakistan!$F:$F,R$69,Pakistan!$G:$G,"Corn") -> 0 | S83: =SUM(B83:R83) -> 0
A84: Other | B84: =SUMIFS(Other!$H:$H,Other!$F:$F,B$69,Other!$G:$G,"Corn") -> 0 | C84: =SUMIFS(Other!$H:$H,Other!$F:$F,C$69,Other!$G:$G,"Corn") -> 0 | D84: =SUMIFS(Other!$H:$H,Other!$F:$F,D$69,Other!$G:$G,"Corn") -> 0 | E84: =SUMIFS(Other!$H:$H,Other!$F:$F,E$69,Other!$G:$G,"Corn") -> 0 | F84: =SUMIFS(Other!$H:$H,Other!$F:$F,F$69,Other!$G:$G,"Corn") -> 0 | G84: =SUMIFS(Other!$H:$H,Other!$F:$F,G$69,Other!$G:$G,"Corn") -> 132000 | H84: =SUMIFS(Other!$H:$H,Other!$F:$F,H$69,Other!$G:$G,"Corn") -> 100973 | I84: =SUMIFS(Other!$H:$H,Other!$F:$F,I$69,Other!$G:$G,"Corn") -> 357000 | ... R84: =SUMIFS(Other!$H:$H,Other!$F:$F,R$69,Other!$G:$G,"Corn") -> 0 | S84: =SUM(B84:R84) -> 1009073
A85: Total | B85: =SUM(B70:B84) -> 575000 | C85: =SUM(C70:C84) -> 372000 | D85: =SUM(D70:D84) -> 1896881 | E85: =SUM(E70:E84) -> 3283510 | F85: =SUM(F70:F84) -> 140000 | G85: =SUM(G70:G84) -> 7175513 | H85: =SUM(H70:H84) -> 9652910 | I85: =SUM(I70:I84) -> 12140896 | ... S85: =SUM(S70:S84) -> 167973010
A88: Soybean
A89: Destination | B89: 2010/2011 | C89: 2011/2012 | D89: 2012/2013 | E89: 2013/2014 | F89: 2014/2015 | G89: 2015/2016 | H89: 2016/2017 | I89: 2017/2018 | J89: 2018/2019 | K89: 2019/2020 | L89: 2020/2021 | M89: 2021/2022 | N89: 2022/2023 | O89: 2023/2024 | P89: 2024/2025 | Q89: 2025/2026 | R89: 2026/2027 | S89: Total
A90: Not Available | B90: =SUMIFS('Not Available'!$H:$H,'Not Available'!$F:$F,B$89,'Not Available'!$G:$G,"Soybean") -> 0 | C90: =SUMIFS('Not Available'!$H:$H,'Not Available'!$F:$F,C$89,'Not Available'!$G:$G,"Soybean") -> 0 | D90: =SUMIFS('Not Available'!$H:$H,'Not Available'!$F:$F,D$89,'Not Available'!$G:$G,"Soybean") -> 1338950 | E90: =SUMIFS('Not Available'!$H:$H,'Not Available'!$F:$F,E$89,'Not Available'!$G:$G,"Soybean") -> 2555150 | F90: =SUMIFS('Not Available'!$H:$H,'Not Available'!$F:$F,F$89,'Not Available'!$G:$G,"Soybean") -> 0 | G90: =SUMIFS('Not Available'!$H:$H,'Not Available'!$F:$F,G$89,'Not Available'!$G:$G,"Soybean") -> 6800700 | H90: =SUMIFS('Not Available'!$H:$H,'Not Available'!$F:$F,H$89,'Not Available'!$G:$G,"Soybean") -> 7836091 | I90: =SUMIFS('Not Available'!$H:$H,'Not Available'!$F:$F,I$89,'Not Available'!$G:$G,"Soybean") -> 10284300 | ... R90: =SUMIFS('Not Available'!$H:$H,'Not Available'!$F:$F,R$89,'Not Available'!$G:$G,"Soybean") -> 766100 | S90: =SUM(B90:R90) -> 88620406
A91: China | B91: =SUMIFS(China!$H:$H,China!$F:$F,B$89,China!$G:$G,"Soybean") -> 132000 | C91: =SUMIFS(China!$H:$H,China!$F:$F,C$89,China!$G:$G,"Soybean") -> 3523000 | D91: =SUMIFS(China!$H:$H,China!$F:$F,D$89,China!$G:$G,"Soybean") -> 2082000 | E91: =SUMIFS(China!$H:$H,China!$F:$F,E$89,China!$G:$G,"Soybean") -> 3400000 | F91: =SUMIFS(China!$H:$H,China!$F:$F,F$89,China!$G:$G,"Soybean") -> 0 | G91: =SUMIFS(China!$H:$H,China!$F:$F,G$89,China!$G:$G,"Soybean") -> 5189000 | H91: =SUMIFS(China!$H:$H,China!$F:$F,H$89,China!$G:$G,"Soybean") -> 10029570 | I91: =SUMIFS(China!$H:$H,China!$F:$F,I$89,China!$G:$G,"Soybean") -> 8408000 | ... R91: =SUMIFS(China!$H:$H,China!$F:$F,R$89,China!$G:$G,"Soybean") -> 1253000 | S91: =SUM(B91:R91) -> 102951270
A92: Mexico | B92: =SUMIFS(Mexico!$H:$H,Mexico!$F:$F,B$89,Mexico!$G:$G,"Soybean") -> 0 | C92: =SUMIFS(Mexico!$H:$H,Mexico!$F:$F,C$89,Mexico!$G:$G,"Soybean") -> 0 | D92: =SUMIFS(Mexico!$H:$H,Mexico!$F:$F,D$89,Mexico!$G:$G,"Soybean") -> 0 | E92: =SUMIFS(Mexico!$H:$H,Mexico!$F:$F,E$89,Mexico!$G:$G,"Soybean") -> 0 | F92: =SUMIFS(Mexico!$H:$H,Mexico!$F:$F,F$89,Mexico!$G:$G,"Soybean") -> 0 | G92: =SUMIFS(Mexico!$H:$H,Mexico!$F:$F,G$89,Mexico!$G:$G,"Soybean") -> 380000 | H92: =SUMIFS(Mexico!$H:$H,Mexico!$F:$F,H$89,Mexico!$G:$G,"Soybean") -> 254500 | I92: =SUMIFS(Mexico!$H:$H,Mexico!$F:$F,I$89,Mexico!$G:$G,"Soybean") -> 1280216 | ... R92: =SUMIFS(Mexico!$H:$H,Mexico!$F:$F,R$89,Mexico!$G:$G,"Soybean") -> 0 | S92: =SUM(B92:R92) -> 11851974
A93: Japan | B93: =SUMIFS(Japan!$H:$H,Japan!$F:$F,B$89,Japan!$G:$G,"Soybean") -> 0 | C93: =SUMIFS(Japan!$H:$H,Japan!$F:$F,C$89,Japan!$G:$G,"Soybean") -> 0 | D93: =SUMIFS(Japan!$H:$H,Japan!$F:$F,D$89,Japan!$G:$G,"Soybean") -> 0 | E93: =SUMIFS(Japan!$H:$H,Japan!$F:$F,E$89,Japan!$G:$G,"Soybean") -> 0 | F93: =SUMIFS(Japan!$H:$H,Japan!$F:$F,F$89,Japan!$G:$G,"Soybean") -> 0 | G93: =SUMIFS(Japan!$H:$H,Japan!$F:$F,G$89,Japan!$G:$G,"Soybean") -> 0 | H93: =SUMIFS(Japan!$H:$H,Japan!$F:$F,H$89,Japan!$G:$G,"Soybean") -> 0 | I93: =SUMIFS(Japan!$H:$H,Japan!$F:$F,I$89,Japan!$G:$G,"Soybean") -> 0 | ... R93: =SUMIFS(Japan!$H:$H,Japan!$F:$F,R$89,Japan!$G:$G,"Soybean") -> 0 | S93: =SUM(B93:R93) -> 0
A94: South Korea | B94: =SUMIFS('South Korea'!$H:$H,'South Korea'!$F:$F,B$89,'South Korea'!$G:$G,"Soybean") -> 0 | C94: =SUMIFS('South Korea'!$H:$H,'South Korea'!$F:$F,C$89,'South Korea'!$G:$G,"Soybean") -> 0 | D94: =SUMIFS('South Korea'!$H:$H,'South Korea'!$F:$F,D$89,'South Korea'!$G:$G,"Soybean") -> 0 | E94: =SUMIFS('South Korea'!$H:$H,'South Korea'!$F:$F,E$89,'South Korea'!$G:$G,"Soybean") -> 0 | F94: =SUMIFS('South Korea'!$H:$H,'South Korea'!$F:$F,F$89,'South Korea'!$G:$G,"Soybean") -> 0 | G94: =SUMIFS('South Korea'!$H:$H,'South Korea'!$F:$F,G$89,'South Korea'!$G:$G,"Soybean") -> 0 | H94: =SUMIFS('South Korea'!$H:$H,'South Korea'!$F:$F,H$89,'South Korea'!$G:$G,"Soybean") -> 0 | I94: =SUMIFS('South Korea'!$H:$H,'South Korea'!$F:$F,I$89,'South Korea'!$G:$G,"Soybean") -> 0 | ... R94: =SUMIFS('South Korea'!$H:$H,'South Korea'!$F:$F,R$89,'South Korea'!$G:$G,"Soybean") -> 0 | S94: =SUM(B94:R94) -> 0
A95: Colombia | B95: =SUMIFS(Colombia!$H:$H,Colombia!$F:$F,B$89,Colombia!$G:$G,"Soybean") -> 0 | C95: =SUMIFS(Colombia!$H:$H,Colombia!$F:$F,C$89,Colombia!$G:$G,"Soybean") -> 0 | D95: =SUMIFS(Colombia!$H:$H,Colombia!$F:$F,D$89,Colombia!$G:$G,"Soybean") -> 0 | E95: =SUMIFS(Colombia!$H:$H,Colombia!$F:$F,E$89,Colombia!$G:$G,"Soybean") -> 0 | F95: =SUMIFS(Colombia!$H:$H,Colombia!$F:$F,F$89,Colombia!$G:$G,"Soybean") -> 0 | G95: =SUMIFS(Colombia!$H:$H,Colombia!$F:$F,G$89,Colombia!$G:$G,"Soybean") -> 0 | H95: =SUMIFS(Colombia!$H:$H,Colombia!$F:$F,H$89,Colombia!$G:$G,"Soybean") -> 0 | I95: =SUMIFS(Colombia!$H:$H,Colombia!$F:$F,I$89,Colombia!$G:$G,"Soybean") -> 0 | ... R95: =SUMIFS(Colombia!$H:$H,Colombia!$F:$F,R$89,Colombia!$G:$G,"Soybean") -> 0 | S95: =SUM(B95:R95) -> 188000
A96: Egypt | B96: =SUMIFS(Egypt!$H:$H,Egypt!$F:$F,B$89,Egypt!$G:$G,"Soybean") -> 0 | C96: =SUMIFS(Egypt!$H:$H,Egypt!$F:$F,C$89,Egypt!$G:$G,"Soybean") -> 0 | D96: =SUMIFS(Egypt!$H:$H,Egypt!$F:$F,D$89,Egypt!$G:$G,"Soybean") -> 0 | E96: =SUMIFS(Egypt!$H:$H,Egypt!$F:$F,E$89,Egypt!$G:$G,"Soybean") -> 234000 | F96: =SUMIFS(Egypt!$H:$H,Egypt!$F:$F,F$89,Egypt!$G:$G,"Soybean") -> 0 | G96: =SUMIFS(Egypt!$H:$H,Egypt!$F:$F,G$89,Egypt!$G:$G,"Soybean") -> 0 | H96: =SUMIFS(Egypt!$H:$H,Egypt!$F:$F,H$89,Egypt!$G:$G,"Soybean") -> 0 | I96: =SUMIFS(Egypt!$H:$H,Egypt!$F:$F,I$89,Egypt!$G:$G,"Soybean") -> 120000 | ... R96: =SUMIFS(Egypt!$H:$H,Egypt!$F:$F,R$89,Egypt!$G:$G,"Soybean") -> 0 | S96: =SUM(B96:R96) -> 1502000
A97: Spain | B97: =SUMIFS(Spain!$H:$H,Spain!$F:$F,B$89,Spain!$G:$G,"Soybean") -> 0 | C97: =SUMIFS(Spain!$H:$H,Spain!$F:$F,C$89,Spain!$G:$G,"Soybean") -> 0 | D97: =SUMIFS(Spain!$H:$H,Spain!$F:$F,D$89,Spain!$G:$G,"Soybean") -> 0 | E97: =SUMIFS(Spain!$H:$H,Spain!$F:$F,E$89,Spain!$G:$G,"Soybean") -> 0 | F97: =SUMIFS(Spain!$H:$H,Spain!$F:$F,F$89,Spain!$G:$G,"Soybean") -> 0 | G97: =SUMIFS(Spain!$H:$H,Spain!$F:$F,G$89,Spain!$G:$G,"Soybean") -> 0 | H97: =SUMIFS(Spain!$H:$H,Spain!$F:$F,H$89,Spain!$G:$G,"Soybean") -> 0 | I97: =SUMIFS(Spain!$H:$H,Spain!$F:$F,I$89,Spain!$G:$G,"Soybean") -> 0 | ... R97: =SUMIFS(Spain!$H:$H,Spain!$F:$F,R$89,Spain!$G:$G,"Soybean") -> 0 | S97: =SUM(B97:R97) -> 550000
A98: Taiwan | B98: =SUMIFS(Taiwan!$H:$H,Taiwan!$F:$F,B$89,Taiwan!$G:$G,"Soybean") -> 0 | C98: =SUMIFS(Taiwan!$H:$H,Taiwan!$F:$F,C$89,Taiwan!$G:$G,"Soybean") -> 0 | D98: =SUMIFS(Taiwan!$H:$H,Taiwan!$F:$F,D$89,Taiwan!$G:$G,"Soybean") -> 0 | E98: =SUMIFS(Taiwan!$H:$H,Taiwan!$F:$F,E$89,Taiwan!$G:$G,"Soybean") -> 120000 | F98: =SUMIFS(Taiwan!$H:$H,Taiwan!$F:$F,F$89,Taiwan!$G:$G,"Soybean") -> 0 | G98: =SUMIFS(Taiwan!$H:$H,Taiwan!$F:$F,G$89,Taiwan!$G:$G,"Soybean") -> 0 | H98: =SUMIFS(Taiwan!$H:$H,Taiwan!$F:$F,H$89,Taiwan!$G:$G,"Soybean") -> 118000 | I98: =SUMIFS(Taiwan!$H:$H,Taiwan!$F:$F,I$89,Taiwan!$G:$G,"Soybean") -> 0 | ... R98: =SUMIFS(Taiwan!$H:$H,Taiwan!$F:$F,R$89,Taiwan!$G:$G,"Soybean") -> 0 | S98: =SUM(B98:R98) -> 342000
A99: Costa Rica | B99: =SUMIFS('Costa Rica'!$H:$H,'Costa Rica'!$F:$F,B$89,'Costa Rica'!$G:$G,"Soybean") -> 0 | C99: =SUMIFS('Costa Rica'!$H:$H,'Costa Rica'!$F:$F,C$89,'Costa Rica'!$G:$G,"Soybean") -> 0 | D99: =SUMIFS('Costa Rica'!$H:$H,'Costa Rica'!$F:$F,D$89,'Costa Rica'!$G:$G,"Soybean") -> 0 | E99: =SUMIFS('Costa Rica'!$H:$H,'Costa Rica'!$F:$F,E$89,'Costa Rica'!$G:$G,"Soybean") -> 0 | F99: =SUMIFS('Costa Rica'!$H:$H,'Costa Rica'!$F:$F,F$89,'Costa Rica'!$G:$G,"Soybean") -> 0 | G99: =SUMIFS('Costa Rica'!$H:$H,'Costa Rica'!$F:$F,G$89,'Costa Rica'!$G:$G,"Soybean") -> 0 | H99: =SUMIFS('Costa Rica'!$H:$H,'Costa Rica'!$F:$F,H$89,'Costa Rica'!$G:$G,"Soybean") -> 0 | I99: =SUMIFS('Costa Rica'!$H:$H,'Costa Rica'!$F:$F,I$89,'Costa Rica'!$G:$G,"Soybean") -> 0 | ... R99: =SUMIFS('Costa Rica'!$H:$H,'Costa Rica'!$F:$F,R$89,'Costa Rica'!$G:$G,"Soybean") -> 0 | S99: =SUM(B99:R99) -> 0
A100: Guatemala | B100: =SUMIFS(Guatemala!$H:$H,Guatemala!$F:$F,B$89,Guatemala!$G:$G,"Soybean") -> 0 | C100: =SUMIFS(Guatemala!$H:$H,Guatemala!$F:$F,C$89,Guatemala!$G:$G,"Soybean") -> 0 | D100: =SUMIFS(Guatemala!$H:$H,Guatemala!$F:$F,D$89,Guatemala!$G:$G,"Soybean") -> 0 | E100: =SUMIFS(Guatemala!$H:$H,Guatemala!$F:$F,E$89,Guatemala!$G:$G,"Soybean") -> 0 | F100: =SUMIFS(Guatemala!$H:$H,Guatemala!$F:$F,F$89,Guatemala!$G:$G,"Soybean") -> 0 | G100: =SUMIFS(Guatemala!$H:$H,Guatemala!$F:$F,G$89,Guatemala!$G:$G,"Soybean") -> 0 | H100: =SUMIFS(Guatemala!$H:$H,Guatemala!$F:$F,H$89,Guatemala!$G:$G,"Soybean") -> 0 | I100: =SUMIFS(Guatemala!$H:$H,Guatemala!$F:$F,I$89,Guatemala!$G:$G,"Soybean") -> 0 | ... R100: =SUMIFS(Guatemala!$H:$H,Guatemala!$F:$F,R$89,Guatemala!$G:$G,"Soybean") -> 0 | S100: =SUM(B100:R100) -> 0
A101: Saudi Arabia | B101: =SUMIFS('Saudi Arabia'!$H:$H,'Saudi Arabia'!$F:$F,B$89,'Saudi Arabia'!$G:$G,"Soybean") -> 0 | C101: =SUMIFS('Saudi Arabia'!$H:$H,'Saudi Arabia'!$F:$F,C$89,'Saudi Arabia'!$G:$G,"Soybean") -> 0 | D101: =SUMIFS('Saudi Arabia'!$H:$H,'Saudi Arabia'!$F:$F,D$89,'Saudi Arabia'!$G:$G,"Soybean") -> 0 | E101: =SUMIFS('Saudi Arabia'!$H:$H,'Saudi Arabia'!$F:$F,E$89,'Saudi Arabia'!$G:$G,"Soybean") -> 0 | F101: =SUMIFS('Saudi Arabia'!$H:$H,'Saudi Arabia'!$F:$F,F$89,'Saudi Arabia'!$G:$G,"Soybean") -> 0 | G101: =SUMIFS('Saudi Arabia'!$H:$H,'Saudi Arabia'!$F:$F,G$89,'Saudi Arabia'!$G:$G,"Soybean") -> 0 | H101: =SUMIFS('Saudi Arabia'!$H:$H,'Saudi Arabia'!$F:$F,H$89,'Saudi Arabia'!$G:$G,"Soybean") -> 0 | I101: =SUMIFS('Saudi Arabia'!$H:$H,'Saudi Arabia'!$F:$F,I$89,'Saudi Arabia'!$G:$G,"Soybean") -> 0 | ... R101: =SUMIFS('Saudi Arabia'!$H:$H,'Saudi Arabia'!$F:$F,R$89,'Saudi Arabia'!$G:$G,"Soybean") -> 0 | S101: =SUM(B101:R101) -> 66000
A102: Argentina | B102: =SUMIFS(Argentina!$H:$H,Argentina!$F:$F,B$89,Argentina!$G:$G,"Soybean") -> 0 | C102: =SUMIFS(Argentina!$H:$H,Argentina!$F:$F,C$89,Argentina!$G:$G,"Soybean") -> 0 | D102: =SUMIFS(Argentina!$H:$H,Argentina!$F:$F,D$89,Argentina!$G:$G,"Soybean") -> 0 | E102: =SUMIFS(Argentina!$H:$H,Argentina!$F:$F,E$89,Argentina!$G:$G,"Soybean") -> 0 | F102: =SUMIFS(Argentina!$H:$H,Argentina!$F:$F,F$89,Argentina!$G:$G,"Soybean") -> 0 | G102: =SUMIFS(Argentina!$H:$H,Argentina!$F:$F,G$89,Argentina!$G:$G,"Soybean") -> 0 | H102: =SUMIFS(Argentina!$H:$H,Argentina!$F:$F,H$89,Argentina!$G:$G,"Soybean") -> 0 | I102: =SUMIFS(Argentina!$H:$H,Argentina!$F:$F,I$89,Argentina!$G:$G,"Soybean") -> 490000 | ... R102: =SUMIFS(Argentina!$H:$H,Argentina!$F:$F,R$89,Argentina!$G:$G,"Soybean") -> 0 | S102: =SUM(B102:R102) -> 490000
A103: Pakistan | B103: =SUMIFS(Pakistan!$H:$H,Pakistan!$F:$F,B$89,Pakistan!$G:$G,"Soybean") -> 0 | C103: =SUMIFS(Pakistan!$H:$H,Pakistan!$F:$F,C$89,Pakistan!$G:$G,"Soybean") -> 0 | D103: =SUMIFS(Pakistan!$H:$H,Pakistan!$F:$F,D$89,Pakistan!$G:$G,"Soybean") -> 0 | E103: =SUMIFS(Pakistan!$H:$H,Pakistan!$F:$F,E$89,Pakistan!$G:$G,"Soybean") -> 0 | F103: =SUMIFS(Pakistan!$H:$H,Pakistan!$F:$F,F$89,Pakistan!$G:$G,"Soybean") -> 0 | G103: =SUMIFS(Pakistan!$H:$H,Pakistan!$F:$F,G$89,Pakistan!$G:$G,"Soybean") -> 0 | H103: =SUMIFS(Pakistan!$H:$H,Pakistan!$F:$F,H$89,Pakistan!$G:$G,"Soybean") -> 0 | I103: =SUMIFS(Pakistan!$H:$H,Pakistan!$F:$F,I$89,Pakistan!$G:$G,"Soybean") -> 199500 | ... R103: =SUMIFS(Pakistan!$H:$H,Pakistan!$F:$F,R$89,Pakistan!$G:$G,"Soybean") -> 0 | S103: =SUM(B103:R103) -> 1028500
A104: Other | B104: =SUMIFS(Other!$H:$H,Other!$F:$F,B$89,Other!$G:$G,"Soybean") -> 0 | C104: =SUMIFS(Other!$H:$H,Other!$F:$F,C$89,Other!$G:$G,"Soybean") -> 0 | D104: =SUMIFS(Other!$H:$H,Other!$F:$F,D$89,Other!$G:$G,"Soybean") -> 0 | E104: =SUMIFS(Other!$H:$H,Other!$F:$F,E$89,Other!$G:$G,"Soybean") -> 120000 | F104: =SUMIFS(Other!$H:$H,Other!$F:$F,F$89,Other!$G:$G,"Soybean") -> 0 | G104: =SUMIFS(Other!$H:$H,Other!$F:$F,G$89,Other!$G:$G,"Soybean") -> 217000 | H104: =SUMIFS(Other!$H:$H,Other!$F:$F,H$89,Other!$G:$G,"Soybean") -> 110000 | I104: =SUMIFS(Other!$H:$H,Other!$F:$F,I$89,Other!$G:$G,"Soybean") -> 0 | ... R104: =SUMIFS(Other!$H:$H,Other!$F:$F,R$89,Other!$G:$G,"Soybean") -> 0 | S104: =SUM(B104:R104) -> 711500
A105: Total | B105: =SUM(B90:B104) -> 132000 | C105: =SUM(C90:C104) -> 3523000 | D105: =SUM(D90:D104) -> 3420950 | E105: =SUM(E90:E104) -> 6429150 | F105: =SUM(F90:F104) -> 0 | G105: =SUM(G90:G104) -> 12586700 | H105: =SUM(H90:H104) -> 18348161 | I105: =SUM(I90:I104) -> 20782016 | ... S105: =SUM(S90:S104) -> 208301650
A108: Corn + Soybean
A109: Destination | B109: 2010/2011 | C109: 2011/2012 | D109: 2012/2013 | E109: 2013/2014 | F109: 2014/2015 | G109: 2015/2016 | H109: 2016/2017 | I109: 2017/2018 | J109: 2018/2019 | K109: 2019/2020 | L109: 2020/2021 | M109: 2021/2022 | N109: 2022/2023 | O109: 2023/2024 | P109: 2024/2025 | Q109: 2025/2026 | R109: 2026/2027 | S109: Total
A110: Not Available | B110: =SUMIFS('Not Available'!$H:$H,'Not Available'!$F:$F,B$109) -> 230000 | C110: =SUMIFS('Not Available'!$H:$H,'Not Available'!$F:$F,C$109) -> 0 | D110: =SUMIFS('Not Available'!$H:$H,'Not Available'!$F:$F,D$109) -> 1797278 | E110: =SUMIFS('Not Available'!$H:$H,'Not Available'!$F:$F,E$109) -> 3150286 | F110: =SUMIFS('Not Available'!$H:$H,'Not Available'!$F:$F,F$109) -> 0 | G110: =SUMIFS('Not Available'!$H:$H,'Not Available'!$F:$F,G$109) -> 9417188 | H110: =SUMIFS('Not Available'!$H:$H,'Not Available'!$F:$F,H$109) -> 10755876 | I110: =SUMIFS('Not Available'!$H:$H,'Not Available'!$F:$F,I$109) -> 15373236 | ... R110: =SUMIFS('Not Available'!$H:$H,'Not Available'!$F:$F,R$109) -> 766100 | S110: =SUM(B110:R110) -> 126690595
A111: China | B111: =SUMIFS(China!$H:$H,China!$F:$F,B$109) -> 132000 | C111: =SUMIFS(China!$H:$H,China!$F:$F,C$109) -> 3523000 | D111: =SUMIFS(China!$H:$H,China!$F:$F,D$109) -> 3162000 | E111: =SUMIFS(China!$H:$H,China!$F:$F,E$109) -> 3400000 | F111: =SUMIFS(China!$H:$H,China!$F:$F,F$109) -> 0 | G111: =SUMIFS(China!$H:$H,China!$F:$F,G$109) -> 5189000 | H111: =SUMIFS(China!$H:$H,China!$F:$F,H$109) -> 10029570 | I111: =SUMIFS(China!$H:$H,China!$F:$F,I$109) -> 8408000 | ... R111: =SUMIFS(China!$H:$H,China!$F:$F,R$109) -> 1253000 | S111: =SUM(B111:R111) -> 147915270
A112: Mexico | B112: =SUMIFS(Mexico!$H:$H,Mexico!$F:$F,B$109) -> 0 | C112: =SUMIFS(Mexico!$H:$H,Mexico!$F:$F,C$109) -> 0 | D112: =SUMIFS(Mexico!$H:$H,Mexico!$F:$F,D$109) -> 358553 | E112: =SUMIFS(Mexico!$H:$H,Mexico!$F:$F,E$109) -> 572950 | F112: =SUMIFS(Mexico!$H:$H,Mexico!$F:$F,F$109) -> 0 | G112: =SUMIFS(Mexico!$H:$H,Mexico!$F:$F,G$109) -> 1663979 | H112: =SUMIFS(Mexico!$H:$H,Mexico!$F:$F,H$109) -> 3961244 | I112: =SUMIFS(Mexico!$H:$H,Mexico!$F:$F,I$109) -> 5213921 | ... R112: =SUMIFS(Mexico!$H:$H,Mexico!$F:$F,R$109) -> 895020 | S112: =SUM(B112:R112) -> 71052654
A113: Japan | B113: =SUMIFS(Japan!$H:$H,Japan!$F:$F,B$109) -> 0 | C113: =SUMIFS(Japan!$H:$H,Japan!$F:$F,C$109) -> 0 | D113: =SUMIFS(Japan!$H:$H,Japan!$F:$F,D$109) -> 0 | E113: =SUMIFS(Japan!$H:$H,Japan!$F:$F,E$109) -> 681424 | F113: =SUMIFS(Japan!$H:$H,Japan!$F:$F,F$109) -> 0 | G113: =SUMIFS(Japan!$H:$H,Japan!$F:$F,G$109) -> 1525884 | H113: =SUMIFS(Japan!$H:$H,Japan!$F:$F,H$109) -> 1288408 | I113: =SUMIFS(Japan!$H:$H,Japan!$F:$F,I$109) -> 659752 | ... R113: =SUMIFS(Japan!$H:$H,Japan!$F:$F,R$109) -> 0 | S113: =SUM(B113:R113) -> 7884108
...

Sheet Not Available
A1: Not Available — USDA daily flash sales (metric tonnes)
A2: Detail sorted by sale date. Summaries on the right are formulas over the detail.
J3: By delivery marketing year (USDA "Marketing Year": season the grain ships in)
A4: Sale Date | B4: Reported in | C4: Week Ending Date | D4: Destination | E4: Delivery MY (USDA) | F4: Sale Season (Sep-Aug) | G4: Product | H4: Quantity | J4: Delivery MY | K4: Corn | L4: Soybean | M4: Total | N4: # Sales
A5: 40721 | B5: 40738 | C5: 40731 | D5: Not Available | E5: 2010/2011 | F5: 2010/2011 | G5: Corn | H5: 130000 | J5: 2010/2011 | K5: =SUMIFS($H$5:$H$757,$E$5:$E$757,J5,$G$5:$G$757,"Corn") -> 130000 | L5: =SUMIFS($H$5:$H$757,$E$5:$E$757,J5,$G$5:$G$757,"Soybean") -> 0 | M5: =K5+L5 -> 130000 | N5: =COUNTIFS($E$5:$E$757,J5) -> 1
A6: 40721 | B6: 40738 | C6: 40731 | D6: Not Available | E6: 2011/2012 | F6: 2010/2011 | G6: Corn | H6: 100000 | J6: 2011/2012 | K6: =SUMIFS($H$5:$H$757,$E$5:$E$757,J6,$G$5:$G$757,"Corn") -> 100000 | L6: =SUMIFS($H$5:$H$757,$E$5:$E$757,J6,$G$5:$G$757,"Soybean") -> 0 | M6: =K6+L6 -> 100000 | N6: =COUNTIFS($E$5:$E$757,J6) -> 1
A7: 41291 | B7: 41305 | C7: 41298 | D7: Not Available | E7: 2013/2014 | F7: 2012/2013 | G7: Soybean | H7: 240000 | J7: 2012/2013 | K7: =SUMIFS($H$5:$H$757,$E$5:$E$757,J7,$G$5:$G$757,"Corn") -> 58928 | L7: =SUMIFS($H$5:$H$757,$E$5:$E$757,J7,$G$5:$G$757,"Soybean") -> 75450 | M7: =K7+L7 -> 134378 | N7: =COUNTIFS($E$5:$E$757,J7) -> 3
A8: 41326 | B8: 41340 | C8: 41333 | D8: Not Available | E8: 2012/2013 | F8: 2012/2013 | G8: Soybean | H8: 75450 | J8: 2013/2014 | K8: =SUMIFS($H$5:$H$757,$E$5:$E$757,J8,$G$5:$G$757,"Corn") -> 978280 | L8: =SUMIFS($H$5:$H$757,$E$5:$E$757,J8,$G$5:$G$757,"Soybean") -> 3383650 | M8: =K8+L8 -> 4361930 | N8: =COUNTIFS($E$5:$E$757,J8) -> 26
A9: 41326 | B9: 41340 | C9: 41333 | D9: Not Available | E9: 2013/2014 | F9: 2012/2013 | G9: Soybean | H9: 55000 | J9: 2014/2015 | K9: =SUMIFS($H$5:$H$757,$E$5:$E$757,J9,$G$5:$G$757,"Corn") -> 16256 | L9: =SUMIFS($H$5:$H$757,$E$5:$E$757,J9,$G$5:$G$757,"Soybean") -> 435000 | M9: =K9+L9 -> 451256 | N9: =COUNTIFS($E$5:$E$757,J9) -> 4
A10: 41330 | B10: 41347 | C10: 41340 | D10: Not Available | E10: 2012/2013 | F10: 2012/2013 | G10: Corn | H10: 50800 | J10: 2015/2016 | K10: =SUMIFS($H$5:$H$757,$E$5:$E$757,J10,$G$5:$G$757,"Corn") -> 1644690 | L10: =SUMIFS($H$5:$H$757,$E$5:$E$757,J10,$G$5:$G$757,"Soybean") -> 2756500 | M10: =K10+L10 -> 4401190 | N10: =COUNTIFS($E$5:$E$757,J10) -> 29
A11: 41330 | B11: 41347 | C11: 41340 | D11: Not Available | E11: 2013/2014 | F11: 2012/2013 | G11: Corn | H11: 76200 | J11: 2016/2017 | K11: =SUMIFS($H$5:$H$757,$E$5:$E$757,J11,$G$5:$G$757,"Corn") -> 3606283 | L11: =SUMIFS($H$5:$H$757,$E$5:$E$757,J11,$G$5:$G$757,"Soybean") -> 10305291 | M11: =K11+L11 -> 13911574 | N11: =COUNTIFS($E$5:$E$757,J11) -> 93
A12: 41452 | B12: 41466 | C12: 41459 | D12: Not Available | E12: 2013/2014 | F12: 2012/2013 | G12: Soybean | H12: 172500 | J12: 2017/2018 | K12: =SUMIFS($H$5:$H$757,$E$5:$E$757,J12,$G$5:$G$757,"Corn") -> 4388664 | L12: =SUMIFS($H$5:$H$757,$E$5:$E$757,J12,$G$5:$G$757,"Soybean") -> 8560600 | M12: =K12+L12 -> 12949264 | N12: =COUNTIFS($E$5:$E$757,J12) -> 76
A13: 41466 | B13: 41480 | C13: 41473 | D13: Not Available | E13: 2013/2014 | F13: 2012/2013 | G13: Soybean | H13: 120000 | J13: 2018/2019 | K13: =SUMIFS($H$5:$H$757,$E$5:$E$757,J13,$G$5:$G$757,"Corn") -> 1998484 | L13: =SUMIFS($H$5:$H$757,$E$5:$E$757,J13,$G$5:$G$757,"Soybean") -> 8553006 | M13: =K13+L13 -> 10551490 | N13: =COUNTIFS($E$5:$E$757,J13) -> 65
A14: 41470 | B14: 41487 | C14: 41480 | D14: Not Available | E14: 2013/2014 | F14: 2012/2013 | G14: Corn | H14: 120000 | J14: 2019/2020 | K14: =SUMIFS($H$5:$H$757,$E$5:$E$757,J14,$G$5:$G$757,"Corn") -> 1902009 | L14: =SUMIFS($H$5:$H$757,$E$5:$E$757,J14,$G$5:$G$757,"Soybean") -> 4068579 | M14: =K14+L14 -> 5970588 | N14: =COUNTIFS($E$5:$E$757,J14) -> 46
A15: 41481 | B15: 41501 | C15: 41494 | D15: Not Available | E15: 2012/2013 | F15: 2012/2013 | G15: Corn | H15: 8128 | J15: 2020/2021 | K15: =SUMIFS($H$5:$H$757,$E$5:$E$757,J15,$G$5:$G$757,"Corn") -> 5430028 | L15: =SUMIFS($H$5:$H$757,$E$5:$E$757,J15,$G$5:$G$757,"Soybean") -> 9149550 | M15: =K15+L15 -> 14579578 | N15: =COUNTIFS($E$5:$E$757,J15) -> 82
A16: 41481 | B16: 41501 | C16: 41494 | D16: Not Available | E16: 2013/2014 | F16: 2012/2013 | G16: Corn | H16: 203200 | J16: 2021/2022 | K16: =SUMIFS($H$5:$H$757,$E$5:$E$757,J16,$G$5:$G$757,"Corn") -> 2846684 | L16: =SUMIFS($H$5:$H$757,$E$5:$E$757,J16,$G$5:$G$757,"Soybean") -> 9363030 | M16: =K16+L16 -> 12209714 | N16: =COUNTIFS($E$5:$E$757,J16) -> 68
... A21: 41527 | B21: 41543 | C21: 41536 | D21: Not Available | E21: 2013/2014 | F21: 2013/2014 | G21: Soybean | H21: 121000 | J21: 2026/2027 | K21: =SUMIFS($H$5:$H$757,$E$5:$E$757,J21,$G$5:$G$757,"Corn") -> 532272 | L21: =SUMIFS($H$5:$H$757,$E$5:$E$757,J21,$G$5:$G$757,"Soybean") -> 4172250 | M21: =K21+L21 -> 4704522 | N21: =COUNTIFS($E$5:$E$757,J21) -> 27
A22: 41535 | B22: 41550 | C22: 41543 | D22: Not Available | E22: 2013/2014 | F22: 2013/2014 | G22: Soybean | H22: 182000 | J22: Total | K22: =SUM(K5:K21) -> 38070189 | L22: =SUM(L5:L21) -> 88620406 | M22: =SUM(M5:M21) -> 126690595 | N22: =SUM(N5:N21) -> 753
A23: 41536 | B23: 41550 | C23: 41543 | D23: Not Available | E23: 2013/2014 | F23: 2013/2014 | G23: Soybean | H23: 120000
A24: 41542 | B24: 41557 | C24: 41550 | D24: Not Available | E24: 2013/2014 | F24: 2013/2014 | G24: Soybean | H24: 140000
A25: 41565 | B25: 41585 | C25: 41578 | D25: Not Available | E25: 2013/2014 | F25: 2013/2014 | G25: Soybean | H25: 140000 | J25: By sale season (Sep 1 – Aug 31, based on the date the sale was made)
A26: 41568 | B26: 41585 | C26: 41578 | D26: Not Available | E26: 2013/2014 | F26: 2013/2014 | G26: Soybean | H26: 235000 | J26: Sale Season | K26: Corn | L26: Soybean | M26: Total | N26: # Sales
A27: 41583 | B27: 41599 | C27: 41592 | D27: Not Available | E27: 2013/2014 | F27: 2013/2014 | G27: Corn | H27: 126000 | J27: 2010/2011 | K27: =SUMIFS($H$5:$H$757,$F$5:$F$757,J27,$G$5:$G$757,"Corn") -> 230000 | L27: =SUMIFS($H$5:$H$757,$F$5:$F$757,J27,$G$5:$G$757,"Soybean") -> 0 | M27: =K27+L27 -> 230000 | N27: =COUNTIFS($F$5:$F$757,J27) -> 2
A28: 41603 | B28: 41620 | C28: 41613 | D28: Not Available | E28: 2014/2015 | F28: 2013/2014 | G28: Soybean | H28: 120000 | J28: 2012/2013 | K28: =SUMIFS($H$5:$H$757,$F$5:$F$757,J28,$G$5:$G$757,"Corn") -> 458328 | L28: =SUMIFS($H$5:$H$757,$F$5:$F$757,J28,$G$5:$G$757,"Soybean") -> 1338950 | M28: =K28+L28 -> 1797278 | N28: =COUNTIFS($F$5:$F$757,J28) -> 14
A29: 41604 | B29: 41620 | C29: 41613 | D29: Not Available | E29: 2013/2014 | F29: 2013/2014 | G29: Soybean | H29: 360000 | J29: 2013/2014 | K29: =SUMIFS($H$5:$H$757,$F$5:$F$757,J29,$G$5:$G$757,"Corn") -> 595136 | L29: =SUMIFS($H$5:$H$757,$F$5:$F$757,J29,$G$5:$G$757,"Soybean") -> 2555150 | M29: =K29+L29 -> 3150286 | N29: =COUNTIFS($F$5:$F$757,J29) -> 19
A30: 41614 | B30: 41634 | C30: 41627 | D30: Not Available | E30: 2013/2014 | F30: 2013/2014 | G30: Soybean | H30: 189150 | J30: 2015/2016 | K30: =SUMIFS($H$5:$H$757,$F$5:$F$757,J30,$G$5:$G$757,"Corn") -> 2616488 | L30: =SUMIFS($H$5:$H$757,$F$5:$F$757,J30,$G$5:$G$757,"Soybean") -> 6800700 | M30: =K30+L30 -> 9417188 | N30: =COUNTIFS($F$5:$F$757,J30) -> 61
A31: 41614 | B31: 41634 | C31: 41627 | D31: Not Available | E31: 2014/2015 | F31: 2013/2014 | G31: Soybean | H31: 195000 | J31: 2016/2017 | K31: =SUMIFS($H$5:$H$757,$F$5:$F$757,J31,$G$5:$G$757,"Corn") -> 2919785 | L31: =SUMIFS($H$5:$H$757,$F$5:$F$757,J31,$G$5:$G$757,"Soybean") -> 7836091 | M31: =K31+L31 -> 10755876 | N31: =COUNTIFS($F$5:$F$757,J31) -> 74
A32: 41619 | B32: 41634 | C32: 41627 | D32: Not Available | E32: 2013/2014 | F32: 2013/2014 | G32: Corn | H32: 120000 | J32: 2017/2018 | K32: =SUMIFS($H$5:$H$757,$F$5:$F$757,J32,$G$5:$G$757,"Corn") -> 5088936 | L32: =SUMIFS($H$5:$H$757,$F$5:$F$757,J32,$G$5:$G$757,"Soybean") -> 10284300 | M32: =K32+L32 -> 15373236 | N32: =COUNTIFS($F$5:$F$757,J32) -> 89
A33: 41620 | B33: 41634 | C33: 41627 | D33: Not Available | E33: 2013/2014 | F33: 2013/2014 | G33: Corn | H33: 120000 | J33: 2018/2019 | K33: =SUMIFS($H$5:$H$757,$F$5:$F$757,J33,$G$5:$G$757,"Corn") -> 1138525 | L33: =SUMIFS($H$5:$H$757,$F$5:$F$757,J33,$G$5:$G$757,"Soybean") -> 6477806 | M33: =K33+L33 -> 7616331 | N33: =COUNTIFS($F$5:$F$757,J33) -> 49
A34: 41627 | B34: 41641 | C34: 41634 | D34: Not Available | E34: 2013/2014 | F34: 2013/2014 | G34: Corn | H34: 111280 | J34: 2019/2020 | K34: =SUMIFS($H$5:$H$757,$F$5:$F$757,J34,$G$5:$G$757,"Corn") -> 2969908 | L34: =SUMIFS($H$5:$H$757,$F$5:$F$757,J34,$G$5:$G$757,"Soybean") -> 6224879 | M34: =K34+L34 -> 9194787 | N34: =COUNTIFS($F$5:$F$757,J34) -> 63
A35: 41627 | B35: 41641 | C35: 41634 | D35: Not Available | E35: 2014/2015 | F35: 2013/2014 | G35: Corn | H35: 16256 | J35: 2020/2021 | K35: =SUMIFS($H$5:$H$757,$F$5:$F$757,J35,$G$5:$G$757,"Corn") -> 5132332 | L35: =SUMIFS($H$5:$H$757,$F$5:$F$757,J35,$G$5:$G$757,"Soybean") -> 8496900 | M35: =K35+L35 -> 13629232 | N35: =COUNTIFS($F$5:$F$757,J35) -> 77
A36: 41632 | B36: 41648 | C36: 41641 | D36: Not Available | E36: 2013/2014 | F36: 2013/2014 | G36: Soybean | H36: 65000 | J36: 2021/2022 | K36: =SUMIFS($H$5:$H$757,$F$5:$F$757,J36,$G$5:$G$757,"Corn") -> 2121668 | L36: =SUMIFS($H$5:$H$757,$F$5:$F$757,J36,$G$5:$G$757,"Soybean") -> 9141380 | M36: =K36+L36 -> 11263048 | N36: =COUNTIFS($F$5:$F$757,J36) -> 65
A37: 41632 | B37: 41648 | C37: 41641 | D37: Not Available | E37: 2014/2015 | F37: 2013/2014 | G37: Soybean | H37: 120000 | J37: 2022/2023 | K37: =SUMIFS($H$5:$H$757,$F$5:$F$757,J37,$G$5:$G$757,"Corn") -> 872600 | L37: =SUMIFS($H$5:$H$757,$F$5:$F$757,J37,$G$5:$G$757,"Soybean") -> 7701450 | M37: =K37+L37 -> 8574050 | N37: =COUNTIFS($F$5:$F$757,J37) -> 42
A38: 41695 | B38: 41711 | C38: 41704 | D38: Not Available | E38: 2013/2014 | F38: 2013/2014 | G38: Soybean | H38: 568000 | J38: 2023/2024 | K38: =SUMIFS($H$5:$H$757,$F$5:$F$757,J38,$G$5:$G$757,"Corn") -> 1307208 | L38: =SUMIFS($H$5:$H$757,$F$5:$F$757,J38,$G$5:$G$757,"Soybean") -> 7918750 | M38: =K38+L38 -> 9225958 | N38: =COUNTIFS($F$5:$F$757,J38) -> 51
... A41: 42380 | B41: 42397 | C41: 42390 | D41: Not Available | E41: 2015/2016 | F41: 2015/2016 | G41: Soybean | H41: 248000 | J41: 2026/2027 | K41: =SUMIFS($H$5:$H$757,$F$5:$F$757,J41,$G$5:$G$757,"Corn") -> 0 | L41: =SUMIFS($H$5:$H$757,$F$5:$F$757,J41,$G$5:$G$757,"Soybean") -> 766100 | M41: =K41+L41 -> 766100 | N41: =COUNTIFS($F$5:$F$757,J41) -> 5
A42: 42381 | B42: 42397 | C42: 42390 | D42: Not Available | E42: 2015/2016 | F42: 2015/2016 | G42: Soybean | H42: 140000 | J42: Total | K42: =SUM(K27:K41) -> 38070189 | L42: =SUM(L27:L41) -> 88620406 | M42: =SUM(M27:M41) -> 126690595 | N42: =SUM(N27:N41) -> 753
A43: 42388 | B43: 42404 | C43: 42397 | D43: Not Available | E43: 2015/2016 | F43: 2015/2016 | G43: Corn | H43: 110500
A44: 42410 | B44: 42425 | C44: 42418 | D44: Not Available | E44: 2015/2016 | F44: 2015/2016 | G44: Corn | H44: 152400
A45: 42430 | B45: 42446 | C45: 42439 | D45: Not Available | E45: 2015/2016 | F45: 2015/2016 | G45: Soybean | H45: 140000
A46: 42437 | B46: 42453 | C46: 42446 | D46: Not Available | E46: 2015/2016 | F46: 2015/2016 | G46: Soybean | H46: 70000
A47: 42437 | B47: 42453 | C47: 42446 | D47: Not Available | E47: 2016/2017 | F47: 2015/2016 | G47: Soybean | H47: 210000
A48: 42445 | B48: 42460 | C48: 42453 | D48: Not Available | E48: 2015/2016 | F48: 2015/2016 | G48: Soybean | H48: 100000
A49: 42454 | B49: 42474 | C49: 42467 | D49: Not Available | E49: 2015/2016 | F49: 2015/2016 | G49: Soybean | H49: 214000
A50: 42454 | B50: 42474 | C50: 42467 | D50: Not Available | E50: 2016/2017 | F50: 2015/2016 | G50: Soybean | H50: 90000
A51: 42468 | B51: 42488 | C51: 42481 | D51: Not Available | E51: 2015/2016 | F51: 2015/2016 | G51: Corn | H51: 120000
A52: 42474 | B52: 42488 | C52: 42481 | D52: Not Available | E52: 2015/2016 | F52: 2015/2016 | G52: Corn | H52: 344200
A53: 42478 | B53: 42495 | C53: 42488 | D53: Not Available | E53: 2015/2016 | F53: 2015/2016 | G53: Corn | H53: 65766
A54: 42478 | B54: 42495 | C54: 42488 | D54: Not Available | E54: 2016/2017 | F54: 2015/2016 | G54: Corn | H54: 175750
... A757: 46300 | B757: 46317 | C757: 46310 | D757: Not Available | E757: 2026/2027 | F757: 2026/2027 | G757: Soybean | H757: 104000

Sheet China
A1: China — USDA daily flash sales (metric tonnes)
A2: Detail sorted by sale date. Summaries on the right are formulas over the detail.
J3: By delivery marketing year (USDA "Marketing Year": season the grain ships in)
A4: Sale Date | B4: Reported in | C4: Week Ending Date | D4: Destination | E4: Delivery MY (USDA) | F4: Sale Season (Sep-Aug) | G4: Product | H4: Quantity | J4: Delivery MY | K4: Corn | L4: Soybean | M4: Total | N4: # Sales
A5: 40721 | B5: 40738 | C5: 40731 | D5: China | E5: 2010/2011 | F5: 2010/2011 | G5: Soybean | H5: 132000 | J5: 2010/2011 | K5: =SUMIFS($H$5:$H$527,$E$5:$E$527,J5,$G$5:$G$527,"Corn") -> 0 | L5: =SUMIFS($H$5:$H$527,$E$5:$E$527,J5,$G$5:$G$527,"Soybean") -> 132000 | M5: =K5+L5 -> 132000 | N5: =COUNTIFS($E$5:$E$527,J5) -> 1
A6: 40949 | B6: 40969 | C6: 40962 | D6: China | E6: 2011/2012 | F6: 2011/2012 | G6: Soybean | H6: 120000 | J6: 2011/2012 | K6: =SUMIFS($H$5:$H$527,$E$5:$E$527,J6,$G$5:$G$527,"Corn") -> 0 | L6: =SUMIFS($H$5:$H$527,$E$5:$E$527,J6,$G$5:$G$527,"Soybean") -> 773000 | M6: =K6+L6 -> 773000 | N6: =COUNTIFS($E$5:$E$527,J6) -> 3
A7: 40956 | B7: 40976 | C7: 40969 | D7: China | E7: 2011/2012 | F7: 2011/2012 | G7: Soybean | H7: 173000 | J7: 2012/2013 | K7: =SUMIFS($H$5:$H$527,$E$5:$E$527,J7,$G$5:$G$527,"Corn") -> 0 | L7: =SUMIFS($H$5:$H$527,$E$5:$E$527,J7,$G$5:$G$527,"Soybean") -> 2750000 | M7: =K7+L7 -> 2750000 | N7: =COUNTIFS($E$5:$E$527,J7) -> 1
A8: 40956 | B8: 40976 | C8: 40969 | D8: China | E8: 2012/2013 | F8: 2011/2012 | G8: Soybean | H8: 2750000 | J8: 2013/2014 | K8: =SUMIFS($H$5:$H$527,$E$5:$E$527,J8,$G$5:$G$527,"Corn") -> 1080000 | L8: =SUMIFS($H$5:$H$527,$E$5:$E$527,J8,$G$5:$G$527,"Soybean") -> 5005000 | M8: =K8+L8 -> 6085000 | N8: =COUNTIFS($E$5:$E$527,J8) -> 18
A9: 41046 | B9: 41060 | C9: 41053 | D9: China | E9: 2011/2012 | F9: 2011/2012 | G9: Soybean | H9: 480000 | J9: 2014/2015 | K9: =SUMIFS($H$5:$H$527,$E$5:$E$527,J9,$G$5:$G$527,"Corn") -> 0 | L9: =SUMIFS($H$5:$H$527,$E$5:$E$527,J9,$G$5:$G$527,"Soybean") -> 477000 | M9: =K9+L9 -> 477000 | N9: =COUNTIFS($E$5:$E$527,J9) -> 3
A10: 41330 | B10: 41347 | C10: 41340 | D10: China | E10: 2013/2014 | F10: 2012/2013 | G10: Soybean | H10: 120000 | J10: 2015/2016 | K10: =SUMIFS($H$5:$H$527,$E$5:$E$527,J10,$G$5:$G$527,"Corn") -> 0 | L10: =SUMIFS($H$5:$H$527,$E$5:$E$527,J10,$G$5:$G$527,"Soybean") -> 1219000 | M10: =K10+L10 -> 1219000 | N10: =COUNTIFS($E$5:$E$527,J10) -> 8
A11: 41443 | B11: 41459 | C11: 41452 | D11: China | E11: 2013/2014 | F11: 2012/2013 | G11: Soybean | H11: 240000 | J11: 2016/2017 | K11: =SUMIFS($H$5:$H$527,$E$5:$E$527,J11,$G$5:$G$527,"Corn") -> 0 | L11: =SUMIFS($H$5:$H$527,$E$5:$E$527,J11,$G$5:$G$527,"Soybean") -> 11002570 | M11: =K11+L11 -> 11002570 | N11: =COUNTIFS($E$5:$E$527,J11) -> 51
A12: 41466 | B12: 41480 | C12: 41473 | D12: China | E12: 2013/2014 | F12: 2012/2013 | G12: Corn | H12: 120000 | J12: 2017/2018 | K12: =SUMIFS($H$5:$H$527,$E$5:$E$527,J12,$G$5:$G$527,"Corn") -> 0 | L12: =SUMIFS($H$5:$H$527,$E$5:$E$527,J12,$G$5:$G$527,"Soybean") -> 9965000 | M12: =K12+L12 -> 9965000 | N12: =COUNTIFS($E$5:$E$527,J12) -> 42
A13: 41467 | B13: 41487 | C13: 41480 | D13: China | E13: 2013/2014 | F13: 2012/2013 | G13: Corn | H13: 960000 | J13: 2018/2019 | K13: =SUMIFS($H$5:$H$527,$E$5:$E$527,J13,$G$5:$G$527,"Corn") -> 300000 | L13: =SUMIFS($H$5:$H$527,$E$5:$E$527,J13,$G$5:$G$527,"Soybean") -> 12235000 | M13: =K13+L13 -> 12535000 | N13: =COUNTIFS($E$5:$E$527,J13) -> 20
A14: 41472 | B14: 41487 | C14: 41480 | D14: China | E14: 2013/2014 | F14: 2012/2013 | G14: Soybean | H14: 165000 | J14: 2019/2020 | K14: =SUMIFS($H$5:$H$527,$E$5:$E$527,J14,$G$5:$G$527,"Corn") -> 1955000 | L14: =SUMIFS($H$5:$H$527,$E$5:$E$527,J14,$G$5:$G$527,"Soybean") -> 6740000 | M14: =K14+L14 -> 8695000 | N14: =COUNTIFS($E$5:$E$527,J14) -> 37
A15: 41481 | B15: 41501 | C15: 41494 | D15: China | E15: 2013/2014 | F15: 2012/2013 | G15: Soybean | H15: 220000 | J15: 2020/2021 | K15: =SUMIFS($H$5:$H$527,$E$5:$E$527,J15,$G$5:$G$527,"Corn") -> 20005000 | L15: =SUMIFS($H$5:$H$527,$E$5:$E$527,J15,$G$5:$G$527,"Soybean") -> 13377000 | M15: =K15+L15 -> 33382000 | N15: =COUNTIFS($E$5:$E$527,J15) -> 84
A16: 41498 | B16: 41515 | C16: 41508 | D16: China | E16: 2013/2014 | F16: 2012/2013 | G16: Soybean | H16: 713000 | J16: 2021/2022 | K16: =SUMIFS($H$5:$H$527,$E$5:$E$527,J16,$G$5:$G$527,"Corn") -> 13759000 | L16: =SUMIFS($H$5:$H$527,$E$5:$E$527,J16,$G$5:$G$527,"Soybean") -> 7769000 | M16: =K16+L16 -> 21528000 | N16: =COUNTIFS($E$5:$E$527,J16) -> 68
... A21: 41535 | B21: 41550 | C21: 41543 | D21: China | E21: 2013/2014 | F21: 2013/2014 | G21: Soybean | H21: 1930000 | J21: 2026/2027 | K21: =SUMIFS($H$5:$H$527,$E$5:$E$527,J21,$G$5:$G$527,"Corn") -> 0 | L21: =SUMIFS($H$5:$H$527,$E$5:$E$527,J21,$G$5:$G$527,"Soybean") -> 6175000 | M21: =K21+L21 -> 6175000 | N21: =COUNTIFS($E$5:$E$527,J21) -> 28
A22: 41548 | B22: 41564 | C22: 41557 | D22: China | E22: 2013/2014 | F22: 2013/2014 | G22: Soybean | H22: 113000 | J22: Total | K22: =SUM(K5:K21) -> 44964000 | L22: =SUM(L5:L21) -> 102951270 | M22: =SUM(M5:M21) -> 147915270 | N22: =SUM(N5:N21) -> 523
A23: 41565 | B23: 41585 | C23: 41578 | D23: China | E23: 2013/2014 | F23: 2013/2014 | G23: Soybean | H23: 222000
A24: 41572 | B24: 41592 | C24: 41585 | D24: China | E24: 2013/2014 | F24: 2013/2014 | G24: Soybean | H24: 120000
A25: 41579 | B25: 41599 | C25: 41592 | D25: China | E25: 2013/2014 | F25: 2013/2014 | G25: Soybean | H25: 115000 | J25: By sale season (Sep 1 – Aug 31, based on the date the sale was made)
A26: 41591 | B26: 41606 | C26: 41599 | D26: China | E26: 2013/2014 | F26: 2013/2014 | G26: Soybean | H26: 123000 | J26: Sale Season | K26: Corn | L26: Soybean | M26: Total | N26: # Sales
A27: 41597 | B27: 41613 | C27: 41606 | D27: China | E27: 2014/2015 | F27: 2013/2014 | G27: Soybean | H27: 240000 | J27: 2010/2011 | K27: =SUMIFS($H$5:$H$527,$F$5:$F$527,J27,$G$5:$G$527,"Corn") -> 0 | L27: =SUMIFS($H$5:$H$527,$F$5:$F$527,J27,$G$5:$G$527,"Soybean") -> 132000 | M27: =K27+L27 -> 132000 | N27: =COUNTIFS($F$5:$F$527,J27) -> 1
A28: 41604 | B28: 41620 | C28: 41613 | D28: China | E28: 2013/2014 | F28: 2013/2014 | G28: Soybean | H28: 300000 | J28: 2011/2012 | K28: =SUMIFS($H$5:$H$527,$F$5:$F$527,J28,$G$5:$G$527,"Corn") -> 0 | L28: =SUMIFS($H$5:$H$527,$F$5:$F$527,J28,$G$5:$G$527,"Soybean") -> 3523000 | M28: =K28+L28 -> 3523000 | N28: =COUNTIFS($F$5:$F$527,J28) -> 4
A29: 41613 | B29: 41627 | C29: 41620 | D29: China | E29: 2014/2015 | F29: 2013/2014 | G29: Soybean | H29: 111000 | J29: 2012/2013 | K29: =SUMIFS($H$5:$H$527,$F$5:$F$527,J29,$G$5:$G$527,"Corn") -> 1080000 | L29: =SUMIFS($H$5:$H$527,$F$5:$F$527,J29,$G$5:$G$527,"Soybean") -> 2082000 | M29: =K29+L29 -> 3162000 | N29: =COUNTIFS($F$5:$F$527,J29) -> 11
A30: 41663 | B30: 41683 | C30: 41676 | D30: China | E30: 2014/2015 | F30: 2013/2014 | G30: Soybean | H30: 126000 | J30: 2013/2014 | K30: =SUMIFS($H$5:$H$527,$F$5:$F$527,J30,$G$5:$G$527,"Corn") -> 0 | L30: =SUMIFS($H$5:$H$527,$F$5:$F$527,J30,$G$5:$G$527,"Soybean") -> 3400000 | M30: =K30+L30 -> 3400000 | N30: =COUNTIFS($F$5:$F$527,J30) -> 10
A31: 42376 | B31: 42390 | C31: 42383 | D31: China | E31: 2015/2016 | F31: 2015/2016 | G31: Soybean | H31: 246000 | J31: 2015/2016 | K31: =SUMIFS($H$5:$H$527,$F$5:$F$527,J31,$G$5:$G$527,"Corn") -> 0 | L31: =SUMIFS($H$5:$H$527,$F$5:$F$527,J31,$G$5:$G$527,"Soybean") -> 5189000 | M31: =K31+L31 -> 5189000 | N31: =COUNTIFS($F$5:$F$527,J31) -> 28
A32: 42380 | B32: 42397 | C32: 42390 | D32: China | E32: 2015/2016 | F32: 2015/2016 | G32: Soybean | H32: 120000 | J32: 2016/2017 | K32: =SUMIFS($H$5:$H$527,$F$5:$F$527,J32,$G$5:$G$527,"Corn") -> 0 | L32: =SUMIFS($H$5:$H$527,$F$5:$F$527,J32,$G$5:$G$527,"Soybean") -> 10029570 | M32: =K32+L32 -> 10029570 | N32: =COUNTIFS($F$5:$F$527,J32) -> 43
A33: 42397 | B33: 42411 | C33: 42404 | D33: China | E33: 2015/2016 | F33: 2015/2016 | G33: Soybean | H33: 395000 | J33: 2017/2018 | K33: =SUMIFS($H$5:$H$527,$F$5:$F$527,J33,$G$5:$G$527,"Corn") -> 0 | L33: =SUMIFS($H$5:$H$527,$F$5:$F$527,J33,$G$5:$G$527,"Soybean") -> 8408000 | M33: =K33+L33 -> 8408000 | N33: =COUNTIFS($F$5:$F$527,J33) -> 35
A34: 42437 | B34: 42453 | C34: 42446 | D34: China | E34: 2016/2017 | F34: 2015/2016 | G34: Soybean | H34: 110000 | J34: 2018/2019 | K34: =SUMIFS($H$5:$H$527,$F$5:$F$527,J34,$G$5:$G$527,"Corn") -> 300000 | L34: =SUMIFS($H$5:$H$527,$F$5:$F$527,J34,$G$5:$G$527,"Soybean") -> 10858000 | M34: =K34+L34 -> 11158000 | N34: =COUNTIFS($F$5:$F$527,J34) -> 16
A35: 42474 | B35: 42488 | C35: 42481 | D35: China | E35: 2016/2017 | F35: 2015/2016 | G35: Soybean | H35: 132000 | J35: 2019/2020 | K35: =SUMIFS($H$5:$H$527,$F$5:$F$527,J35,$G$5:$G$527,"Corn") -> 9960000 | L35: =SUMIFS($H$5:$H$527,$F$5:$F$527,J35,$G$5:$G$527,"Soybean") -> 14696000 | M35: =K35+L35 -> 24656000 | N35: =COUNTIFS($F$5:$F$527,J35) -> 81
A36: 42509 | B36: 42523 | C36: 42516 | D36: China | E36: 2015/2016 | F36: 2015/2016 | G36: Soybean | H36: 129000 | J36: 2020/2021 | K36: =SUMIFS($H$5:$H$527,$F$5:$F$527,J36,$G$5:$G$527,"Corn") -> 22744000 | L36: =SUMIFS($H$5:$H$527,$F$5:$F$527,J36,$G$5:$G$527,"Soybean") -> 8711000 | M36: =K36+L36 -> 31455000 | N36: =COUNTIFS($F$5:$F$527,J36) -> 68
A37: 42517 | B37: 42537 | C37: 42530 | D37: China | E37: 2016/2017 | F37: 2015/2016 | G37: Soybean | H37: 110000 | J37: 2021/2022 | K37: =SUMIFS($H$5:$H$527,$F$5:$F$527,J37,$G$5:$G$527,"Corn") -> 5797000 | L37: =SUMIFS($H$5:$H$527,$F$5:$F$527,J37,$G$5:$G$527,"Soybean") -> 9875000 | M37: =K37+L37 -> 15672000 | N37: =COUNTIFS($F$5:$F$527,J37) -> 76
A38: 42528 | B38: 42544 | C38: 42537 | D38: China | E38: 2016/2017 | F38: 2015/2016 | G38: Soybean | H38: 180000 | J38: 2022/2023 | K38: =SUMIFS($H$5:$H$527,$F$5:$F$527,J38,$G$5:$G$527,"Corn") -> 5083000 | L38: =SUMIFS($H$5:$H$527,$F$5:$F$527,J38,$G$5:$G$527,"Soybean") -> 4390700 | M38: =K38+L38 -> 9473700 | N38: =COUNTIFS($F$5:$F$527,J38) -> 42
... A42: 42538 | B42: 42558 | C42: 42551 | D42: China | E42: 2016/2017 | F42: 2015/2016 | G42: Soybean | H42: 63000 | J42: 2026/2027 | K42: =SUMIFS($H$5:$H$527,$F$5:$F$527,J42,$G$5:$G$527,"Corn") -> 0 | L42: =SUMIFS($H$5:$H$527,$F$5:$F$527,J42,$G$5:$G$527,"Soybean") -> 1253000 | M42: =K42+L42 -> 1253000 | N42: =COUNTIFS($F$5:$F$527,J42) -> 6
A43: 42542 | B43: 42558 | C43: 42551 | D43: China | E43: 2016/2017 | F43: 2015/2016 | G43: Soybean | H43: 132000 | J43: Total | K43: =SUM(K27:K42) -> 44964000 | L43: =SUM(L27:L42) -> 102951270 | M43: =SUM(M27:M42) -> 147915270 | N43: =SUM(N27:N42) -> 523
A44: 42558 | B44: 42572 | C44: 42565 | D44: China | E44: 2016/2017 | F44: 2015/2016 | G44: Soybean | H44: 120000
A45: 42578 | B45: 42593 | C45: 42586 | D45: China | E45: 2015/2016 | F45: 2015/2016 | G45: Soybean | H45: 65000
A46: 42578 | B46: 42593 | C46: 42586 | D46: China | E46: 2016/2017 | F46: 2015/2016 | G46: Soybean | H46: 66000
A47: 42579 | B47: 42593 | C47: 42586 | D47: China | E47: 2015/2016 | F47: 2015/2016 | G47: Soybean | H47: 66000
A48: 42579 | B48: 42593 | C48: 42586 | D48: China | E48: 2016/2017 | F48: 2015/2016 | G48: Soybean | H48: 63000
A49: 42584 | B49: 42600 | C49: 42593 | D49: China | E49: 2016/2017 | F49: 2015/2016 | G49: Soybean | H49: 252000
A50: 42585 | B50: 42600 | C50: 42593 | D50: China | E50: 2016/2017 | F50: 2015/2016 | G50: Soybean | H50: 441000
A51: 42586 | B51: 42600 | C51: 42593 | D51: China | E51: 2016/2017 | F51: 2015/2016 | G51: Soybean | H51: 252000
A52: 42587 | B52: 42607 | C52: 42600 | D52: China | E52: 2016/2017 | F52: 2015/2016 | G52: Soybean | H52: 498000
A53: 42590 | B53: 42607 | C53: 42600 | D53: China | E53: 2016/2017 | F53: 2015/2016 | G53: Soybean | H53: 246000
A54: 42593 | B54: 42607 | C54: 42600 | D54: China | E54: 2016/2017 | F54: 2015/2016 | G54: Soybean | H54: 120000
A55: 42594 | B55: 42614 | C55: 42607 | D55: China | E55: 2016/2017 | F55: 2015/2016 | G55: Soybean | H55: 258000
... A527: 46283 | B527: 46303 | C527: 46296 | D527: China | E527: 2026/2027 | F527: 2026/2027 | G527: Soybean | H527: 111000

Sheet Mexico
A1: Mexico — USDA daily flash sales (metric tonnes)
A2: Detail sorted by sale date. Summaries on the right are formulas over the detail.
J3: By delivery marketing year (USDA "Marketing Year": season the grain ships in)
A4: Sale Date | B4: Reported in | C4: Week Ending Date | D4: Destination | E4: Delivery MY (USDA) | F4: Sale Season (Sep-Aug) | G4: Product | H4: Quantity | J4: Delivery MY | K4: Corn | L4: Soybean | M4: Total | N4: # Sales
A5: 41478 | B5: 41494 | C5: 41487 | D5: Mexico | E5: 2012/2013 | F5: 2012/2013 | G5: Corn | H5: 11000 | J5: 2012/2013 | K5: =SUMIFS($H$5:$H$365,$E$5:$E$365,J5,$G$5:$G$365,"Corn") -> 11000 | L5: =SUMIFS($H$5:$H$365,$E$5:$E$365,J5,$G$5:$G$365,"Soybean") -> 0 | M5: =K5+L5 -> 11000 | N5: =COUNTIFS($E$5:$E$365,J5) -> 1
A6: 41478 | B6: 41494 | C6: 41487 | D6: Mexico | E6: 2013/2014 | F6: 2012/2013 | G6: Corn | H6: 95400 | J6: 2013/2014 | K6: =SUMIFS($H$5:$H$365,$E$5:$E$365,J6,$G$5:$G$365,"Corn") -> 677353 | L6: =SUMIFS($H$5:$H$365,$E$5:$E$365,J6,$G$5:$G$365,"Soybean") -> 0 | M6: =K6+L6 -> 677353 | N6: =COUNTIFS($E$5:$E$365,J6) -> 4
A7: 41498 | B7: 41515 | C7: 41508 | D7: Mexico | E7: 2013/2014 | F7: 2012/2013 | G7: Corn | H7: 252153 | J7: 2014/2015 | K7: =SUMIFS($H$5:$H$365,$E$5:$E$365,J7,$G$5:$G$365,"Corn") -> 243150 | L7: =SUMIFS($H$5:$H$365,$E$5:$E$365,J7,$G$5:$G$365,"Soybean") -> 0 | M7: =K7+L7 -> 243150 | N7: =COUNTIFS($E$5:$E$365,J7) -> 2
A8: 41540 | B8: 41557 | C8: 41550 | D8: Mexico | E8: 2013/2014 | F8: 2013/2014 | G8: Corn | H8: 197200 | J8: 2015/2016 | K8: =SUMIFS($H$5:$H$365,$E$5:$E$365,J8,$G$5:$G$365,"Corn") -> 460440 | L8: =SUMIFS($H$5:$H$365,$E$5:$E$365,J8,$G$5:$G$365,"Soybean") -> 47500 | M8: =K8+L8 -> 507940 | N8: =COUNTIFS($E$5:$E$365,J8) -> 5
A9: 41571 | B9: 41585 | C9: 41578 | D9: Mexico | E9: 2014/2015 | F9: 2013/2014 | G9: Corn | H9: 210000 | J9: 2016/2017 | K9: =SUMIFS($H$5:$H$365,$E$5:$E$365,J9,$G$5:$G$365,"Corn") -> 2835048 | L9: =SUMIFS($H$5:$H$365,$E$5:$E$365,J9,$G$5:$G$365,"Soybean") -> 517000 | M9: =K9+L9 -> 3352048 | N9: =COUNTIFS($E$5:$E$365,J9) -> 15
A10: 41612 | B10: 41627 | C10: 41620 | D10: Mexico | E10: 2013/2014 | F10: 2013/2014 | G10: Corn | H10: 132600 | J10: 2017/2018 | K10: =SUMIFS($H$5:$H$365,$E$5:$E$365,J10,$G$5:$G$365,"Corn") -> 4573677 | L10: =SUMIFS($H$5:$H$365,$E$5:$E$365,J10,$G$5:$G$365,"Soybean") -> 601546 | M10: =K10+L10 -> 5175223 | N10: =COUNTIFS($E$5:$E$365,J10) -> 30
A11: 41612 | B11: 41627 | C11: 41620 | D11: Mexico | E11: 2014/2015 | F11: 2013/2014 | G11: Corn | H11: 33150 | J11: 2018/2019 | K11: =SUMIFS($H$5:$H$365,$E$5:$E$365,J11,$G$5:$G$365,"Corn") -> 5111605 | L11: =SUMIFS($H$5:$H$365,$E$5:$E$365,J11,$G$5:$G$365,"Soybean") -> 1707246 | M11: =K11+L11 -> 6818851 | N11: =COUNTIFS($E$5:$E$365,J11) -> 29
A12: 42383 | B12: 42397 | C12: 42390 | D12: Mexico | E12: 2015/2016 | F12: 2015/2016 | G12: Corn | H12: 102100 | J12: 2019/2020 | K12: =SUMIFS($H$5:$H$365,$E$5:$E$365,J12,$G$5:$G$365,"Corn") -> 5360532 | L12: =SUMIFS($H$5:$H$365,$E$5:$E$365,J12,$G$5:$G$365,"Soybean") -> 1386584 | M12: =K12+L12 -> 6747116 | N12: =COUNTIFS($E$5:$E$365,J12) -> 27
A13: 42389 | B13: 42404 | C13: 42397 | D13: Mexico | E13: 2015/2016 | F13: 2015/2016 | G13: Corn | H13: 243100 | J13: 2020/2021 | K13: =SUMIFS($H$5:$H$365,$E$5:$E$365,J13,$G$5:$G$365,"Corn") -> 4544553 | L13: =SUMIFS($H$5:$H$365,$E$5:$E$365,J13,$G$5:$G$365,"Soybean") -> 1233013 | M13: =K13+L13 -> 5777566 | N13: =COUNTIFS($E$5:$E$365,J13) -> 31
A14: 42408 | B14: 42425 | C14: 42418 | D14: Mexico | E14: 2015/2016 | F14: 2015/2016 | G14: Corn | H14: 100000 | J14: 2021/2022 | K14: =SUMIFS($H$5:$H$365,$E$5:$E$365,J14,$G$5:$G$365,"Corn") -> 5509685 | L14: =SUMIFS($H$5:$H$365,$E$5:$E$365,J14,$G$5:$G$365,"Soybean") -> 1900466 | M14: =K14+L14 -> 7410151 | N14: =COUNTIFS($E$5:$E$365,J14) -> 38
A15: 42478 | B15: 42495 | C15: 42488 | D15: Mexico | E15: 2015/2016 | F15: 2015/2016 | G15: Soybean | H15: 47500 | J15: 2022/2023 | K15: =SUMIFS($H$5:$H$365,$E$5:$E$365,J15,$G$5:$G$365,"Corn") -> 4649566 | L15: =SUMIFS($H$5:$H$365,$E$5:$E$365,J15,$G$5:$G$365,"Soybean") -> 1079559 | M15: =K15+L15 -> 5729125 | N15: =COUNTIFS($E$5:$E$365,J15) -> 29
A16: 42478 | B16: 42495 | C16: 42488 | D16: Mexico | E16: 2016/2017 | F16: 2015/2016 | G16: Soybean | H16: 332500 | J16: 2023/2024 | K16: =SUMIFS($H$5:$H$365,$E$5:$E$365,J16,$G$5:$G$365,"Corn") -> 6488894 | L16: =SUMIFS($H$5:$H$365,$E$5:$E$365,J16,$G$5:$G$365,"Soybean") -> 1099394 | M16: =K16+L16 -> 7588288 | N16: =COUNTIFS($E$5:$E$365,J16) -> 43
... A21: 42558 | B21: 42572 | C21: 42565 | D21: Mexico | E21: 2017/2018 | F21: 2015/2016 | G21: Corn | H21: 30480 | J21: 2028/2029 | K21: =SUMIFS($H$5:$H$365,$E$5:$E$365,J21,$G$5:$G$365,"Corn") -> 22400 | L21: =SUMIFS($H$5:$H$365,$E$5:$E$365,J21,$G$5:$G$365,"Soybean") -> 0 | M21: =K21+L21 -> 22400 | N21: =COUNTIFS($E$5:$E$365,J21) -> 1
A22: 42590 | B22: 42607 | C22: 42600 | D22: Mexico | E22: 2016/2017 | F22: 2015/2016 | G22: Corn | H22: 162569 | J22: Total | K22: =SUM(K5:K21) -> 59200680 | L22: =SUM(L5:L21) -> 11851974 | M22: =SUM(M5:M21) -> 71052654 | N22: =SUM(N5:N21) -> 361
A23: 42592 | B23: 42607 | C23: 42600 | D23: Mexico | E23: 2016/2017 | F23: 2015/2016 | G23: Corn | H23: 143650
A24: 42613 | B24: 42628 | C24: 42621 | D24: Mexico | E24: 2016/2017 | F24: 2015/2016 | G24: Corn | H24: 275000
A25: 42614 | B25: 42628 | C25: 42621 | D25: Mexico | E25: 2016/2017 | F25: 2016/2017 | G25: Corn | H25: 99060 | J25: By sale season (Sep 1 – Aug 31, based on the date the sale was made)
A26: 42614 | B26: 42628 | C26: 42621 | D26: Mexico | E26: 2017/2018 | F26: 2016/2017 | G26: Corn | H26: 30480 | J26: Sale Season | K26: Corn | L26: Soybean | M26: Total | N26: # Sales
A27: 42632 | B27: 42649 | C27: 42642 | D27: Mexico | E27: 2016/2017 | F27: 2016/2017 | G27: Corn | H27: 191000 | J27: 2012/2013 | K27: =SUMIFS($H$5:$H$365,$F$5:$F$365,J27,$G$5:$G$365,"Corn") -> 358553 | L27: =SUMIFS($H$5:$H$365,$F$5:$F$365,J27,$G$5:$G$365,"Soybean") -> 0 | M27: =K27+L27 -> 358553 | N27: =COUNTIFS($F$5:$F$365,J27) -> 3
A28: 42641 | B28: 42656 | C28: 42649 | D28: Mexico | E28: 2016/2017 | F28: 2016/2017 | G28: Corn | H28: 1036320 | J28: 2013/2014 | K28: =SUMIFS($H$5:$H$365,$F$5:$F$365,J28,$G$5:$G$365,"Corn") -> 572950 | L28: =SUMIFS($H$5:$H$365,$F$5:$F$365,J28,$G$5:$G$365,"Soybean") -> 0 | M28: =K28+L28 -> 572950 | N28: =COUNTIFS($F$5:$F$365,J28) -> 4
A29: 42641 | B29: 42656 | C29: 42649 | D29: Mexico | E29: 2017/2018 | F29: 2016/2017 | G29: Corn | H29: 541020 | J29: 2015/2016 | K29: =SUMIFS($H$5:$H$365,$F$5:$F$365,J29,$G$5:$G$365,"Corn") -> 1283979 | L29: =SUMIFS($H$5:$H$365,$F$5:$F$365,J29,$G$5:$G$365,"Soybean") -> 380000 | M29: =K29+L29 -> 1663979 | N29: =COUNTIFS($F$5:$F$365,J29) -> 13
A30: 42675 | B30: 42691 | C30: 42684 | D30: Mexico | E30: 2016/2017 | F30: 2016/2017 | G30: Corn | H30: 212344 | J30: 2016/2017 | K30: =SUMIFS($H$5:$H$365,$F$5:$F$365,J30,$G$5:$G$365,"Corn") -> 3706744 | L30: =SUMIFS($H$5:$H$365,$F$5:$F$365,J30,$G$5:$G$365,"Soybean") -> 254500 | M30: =K30+L30 -> 3961244 | N30: =COUNTIFS($F$5:$F$365,J30) -> 20
A31: 42677 | B31: 42691 | C31: 42684 | D31: Mexico | E31: 2016/2017 | F31: 2016/2017 | G31: Corn | H31: 432000 | J31: 2017/2018 | K31: =SUMIFS($H$5:$H$365,$F$5:$F$365,J31,$G$5:$G$365,"Corn") -> 3933705 | L31: =SUMIFS($H$5:$H$365,$F$5:$F$365,J31,$G$5:$G$365,"Soybean") -> 1280216 | M31: =K31+L31 -> 5213921 | N31: =COUNTIFS($F$5:$F$365,J31) -> 30
A32: 42726 | B32: 42740 | C32: 42733 | D32: Mexico | E32: 2016/2017 | F32: 2016/2017 | G32: Corn | H32: 100400 | J32: 2018/2019 | K32: =SUMIFS($H$5:$H$365,$F$5:$F$365,J32,$G$5:$G$365,"Corn") -> 6118191 | L32: =SUMIFS($H$5:$H$365,$F$5:$F$365,J32,$G$5:$G$365,"Soybean") -> 1324498 | M32: =K32+L32 -> 7442689 | N32: =COUNTIFS($F$5:$F$365,J32) -> 26
A33: 42759 | B33: 42775 | C33: 42768 | D33: Mexico | E33: 2016/2017 | F33: 2016/2017 | G33: Soybean | H33: 42000 | J33: 2019/2020 | K33: =SUMIFS($H$5:$H$365,$F$5:$F$365,J33,$G$5:$G$365,"Corn") -> 4557643 | L33: =SUMIFS($H$5:$H$365,$F$5:$F$365,J33,$G$5:$G$365,"Soybean") -> 1685577 | M33: =K33+L33 -> 6243220 | N33: =COUNTIFS($F$5:$F$365,J33) -> 29
A34: 42759 | B34: 42775 | C34: 42768 | D34: Mexico | E34: 2017/2018 | F34: 2016/2017 | G34: Soybean | H34: 70000 | J34: 2020/2021 | K34: =SUMIFS($H$5:$H$365,$F$5:$F$365,J34,$G$5:$G$365,"Corn") -> 5036443 | L34: =SUMIFS($H$5:$H$365,$F$5:$F$365,J34,$G$5:$G$365,"Soybean") -> 1187788 | M34: =K34+L34 -> 6224231 | N34: =COUNTIFS($F$5:$F$365,J34) -> 32
A35: 42780 | B35: 42796 | C35: 42789 | D35: Mexico | E35: 2016/2017 | F35: 2016/2017 | G35: Soybean | H35: 142500 | J35: 2021/2022 | K35: =SUMIFS($H$5:$H$365,$F$5:$F$365,J35,$G$5:$G$365,"Corn") -> 4884495 | L35: =SUMIFS($H$5:$H$365,$F$5:$F$365,J35,$G$5:$G$365,"Soybean") -> 1780882 | M35: =K35+L35 -> 6665377 | N35: =COUNTIFS($F$5:$F$365,J35) -> 35
A36: 42808 | B36: 42824 | C36: 42817 | D36: Mexico | E36: 2017/2018 | F36: 2016/2017 | G36: Corn | H36: 120000 | J36: 2022/2023 | K36: =SUMIFS($H$5:$H$365,$F$5:$F$365,J36,$G$5:$G$365,"Corn") -> 5701859 | L36: =SUMIFS($H$5:$H$365,$F$5:$F$365,J36,$G$5:$G$365,"Soybean") -> 1066617 | M36: =K36+L36 -> 6768476 | N36: =COUNTIFS($F$5:$F$365,J36) -> 35
A37: 42902 | B37: 42922 | C37: 42915 | D37: Mexico | E37: 2017/2018 | F37: 2016/2017 | G37: Corn | H37: 120000 | J37: 2023/2024 | K37: =SUMIFS($H$5:$H$365,$F$5:$F$365,J37,$G$5:$G$365,"Corn") -> 6872074 | L37: =SUMIFS($H$5:$H$365,$F$5:$F$365,J37,$G$5:$G$365,"Soybean") -> 959722 | M37: =K37+L37 -> 7831796 | N37: =COUNTIFS($F$5:$F$365,J37) -> 47
A38: 42919 | B38: 42936 | C38: 42929 | D38: Mexico | E38: 2017/2018 | F38: 2016/2017 | G38: Corn | H38: 22860 | J38: 2024/2025 | K38: =SUMIFS($H$5:$H$365,$F$5:$F$365,J38,$G$5:$G$365,"Corn") -> 8478400 | L38: =SUMIFS($H$5:$H$365,$F$5:$F$365,J38,$G$5:$G$365,"Soybean") -> 1092016 | M38: =K38+L38 -> 9570416 | N38: =COUNTIFS($F$5:$F$365,J38) -> 46
... A40: 42923 | B40: 42943 | C40: 42936 | D40: Mexico | E40: 2016/2017 | F40: 2016/2017 | G40: Corn | H40: 11000 | J40: 2026/2027 | K40: =SUMIFS($H$5:$H$365,$F$5:$F$365,J40,$G$5:$G$365,"Corn") -> 895020 | L40: =SUMIFS($H$5:$H$365,$F$5:$F$365,J40,$G$5:$G$365,"Soybean") -> 0 | M40: =K40+L40 -> 895020 | N40: =COUNTIFS($F$5:$F$365,J40) -> 7
A41: 42923 | B41: 42943 | C41: 42936 | D41: Mexico | E41: 2017/2018 | F41: 2016/2017 | G41: Corn | H41: 132000 | J41: Total | K41: =SUM(K27:K40) -> 59200680 | L41: =SUM(L27:L40) -> 11851974 | M41: =SUM(M27:M40) -> 71052654 | N41: =SUM(N27:N40) -> 361
A42: 42954 | B42: 42971 | C42: 42964 | D42: Mexico | E42: 2017/2018 | F42: 2016/2017 | G42: Corn | H42: 180800
A43: 42975 | B43: 42992 | C43: 42985 | D43: Mexico | E43: 2017/2018 | F43: 2016/2017 | G43: Corn | H43: 160020
A44: 42976 | B44: 42992 | C44: 42985 | D44: Mexico | E44: 2017/2018 | F44: 2016/2017 | G44: Corn | H44: 226000
A45: 42983 | B45: 42999 | C45: 42992 | D45: Mexico | E45: 2017/2018 | F45: 2017/2018 | G45: Corn | H45: 143650
A46: 42984 | B46: 42999 | C46: 42992 | D46: Mexico | E46: 2017/2018 | F46: 2017/2018 | G46: Corn | H46: 253300
A47: 42991 | B47: 43006 | C47: 42999 | D47: Mexico | E47: 2017/2018 | F47: 2017/2018 | G47: Soybean | H47: 167370
A48: 43000 | B48: 43020 | C48: 43013 | D48: Mexico | E48: 2017/2018 | F48: 2017/2018 | G48: Soybean | H48: 190000
A49: 43010 | B49: 43027 | C49: 43020 | D49: Mexico | E49: 2017/2018 | F49: 2017/2018 | G49: Corn | H49: 597464
A50: 43019 | B50: 43034 | C50: 43027 | D50: Mexico | E50: 2017/2018 | F50: 2017/2018 | G50: Corn | H50: 150000
A51: 43020 | B51: 43034 | C51: 43027 | D51: Mexico | E51: 2017/2018 | F51: 2017/2018 | G51: Corn | H51: 120000
A52: 43025 | B52: 43041 | C52: 43034 | D52: Mexico | E52: 2017/2018 | F52: 2017/2018 | G52: Corn | H52: 115000
A53: 43041 | B53: 43055 | C53: 43048 | D53: Mexico | E53: 2017/2018 | F53: 2017/2018 | G53: Corn | H53: 845820
... A365: 46300 | B365: 46317 | C365: 46310 | D365: Mexico | E365: 2026/2027 | F365: 2026/2027 | G365: Corn | H365: 129540

Sheet Japan
A1: Japan — USDA daily flash sales (metric tonnes)
A2: Detail sorted by sale date. Summaries on the right are formulas over the detail.
J3: By delivery marketing year (USDA "Marketing Year": season the grain ships in)
A4: Sale Date | B4: Reported in | C4: Week Ending Date | D4: Destination | E4: Delivery MY (USDA) | F4: Sale Season (Sep-Aug) | G4: Product | H4: Quantity | J4: Delivery MY | K4: Corn | L4: Soybean | M4: Total | N4: # Sales
A5: 41578 | B5: 41592 | C5: 41585 | D5: Japan | E5: 2013/2014 | F5: 2013/2014 | G5: Corn | H5: 123040 | J5: 2013/2014 | K5: =SUMIFS($H$5:$H$63,$E$5:$E$63,J5,$G$5:$G$63,"Corn") -> 223040 | L5: =SUMIFS($H$5:$H$63,$E$5:$E$63,J5,$G$5:$G$63,"Soybean") -> 0 | M5: =K5+L5 -> 223040 | N5: =COUNTIFS($E$5:$E$63,J5) -> 2
A6: 41625 | B6: 41641 | C6: 41634 | D6: Japan | E6: 2014/2015 | F6: 2013/2014 | G6: Corn | H6: 278384 | J6: 2014/2015 | K6: =SUMIFS($H$5:$H$63,$E$5:$E$63,J6,$G$5:$G$63,"Corn") -> 458384 | L6: =SUMIFS($H$5:$H$63,$E$5:$E$63,J6,$G$5:$G$63,"Soybean") -> 0 | M6: =K6+L6 -> 458384 | N6: =COUNTIFS($E$5:$E$63,J6) -> 2
A7: 41628 | B7: 41648 | C7: 41641 | D7: Japan | E7: 2014/2015 | F7: 2013/2014 | G7: Corn | H7: 180000 | J7: 2015/2016 | K7: =SUMIFS($H$5:$H$63,$E$5:$E$63,J7,$G$5:$G$63,"Corn") -> 1146884 | L7: =SUMIFS($H$5:$H$63,$E$5:$E$63,J7,$G$5:$G$63,"Soybean") -> 0 | M7: =K7+L7 -> 1146884 | N7: =COUNTIFS($E$5:$E$63,J7) -> 9
A8: 41663 | B8: 41683 | C8: 41676 | D8: Japan | E8: 2013/2014 | F8: 2013/2014 | G8: Corn | H8: 100000 | J8: 2016/2017 | K8: =SUMIFS($H$5:$H$63,$E$5:$E$63,J8,$G$5:$G$63,"Corn") -> 1139704 | L8: =SUMIFS($H$5:$H$63,$E$5:$E$63,J8,$G$5:$G$63,"Soybean") -> 0 | M8: =K8+L8 -> 1139704 | N8: =COUNTIFS($E$5:$E$63,J8) -> 10
A9: 42409 | B9: 42425 | C9: 42418 | D9: Japan | E9: 2016/2017 | F9: 2015/2016 | G9: Corn | H9: 243000 | J9: 2017/2018 | K9: =SUMIFS($H$5:$H$63,$E$5:$E$63,J9,$G$5:$G$63,"Corn") -> 981456 | L9: =SUMIFS($H$5:$H$63,$E$5:$E$63,J9,$G$5:$G$63,"Soybean") -> 0 | M9: =K9+L9 -> 981456 | N9: =COUNTIFS($E$5:$E$63,J9) -> 7
A10: 42419 | B10: 42439 | C10: 42432 | D10: Japan | E10: 2015/2016 | F10: 2015/2016 | G10: Corn | H10: 101600 | J10: 2018/2019 | K10: =SUMIFS($H$5:$H$63,$E$5:$E$63,J10,$G$5:$G$63,"Corn") -> 561000 | L10: =SUMIFS($H$5:$H$63,$E$5:$E$63,J10,$G$5:$G$63,"Soybean") -> 0 | M10: =K10+L10 -> 561000 | N10: =COUNTIFS($E$5:$E$63,J10) -> 3
A11: 42440 | B11: 42460 | C11: 42453 | D11: Japan | E11: 2015/2016 | F11: 2015/2016 | G11: Corn | H11: 170800 | J11: 2019/2020 | K11: =SUMIFS($H$5:$H$63,$E$5:$E$63,J11,$G$5:$G$63,"Corn") -> 347688 | L11: =SUMIFS($H$5:$H$63,$E$5:$E$63,J11,$G$5:$G$63,"Soybean") -> 0 | M11: =K11+L11 -> 347688 | N11: =COUNTIFS($E$5:$E$63,J11) -> 2
A12: 42467 | B12: 42481 | C12: 42474 | D12: Japan | E12: 2015/2016 | F12: 2015/2016 | G12: Corn | H12: 145544 | J12: 2020/2021 | K12: =SUMIFS($H$5:$H$63,$E$5:$E$63,J12,$G$5:$G$63,"Corn") -> 777052 | L12: =SUMIFS($H$5:$H$63,$E$5:$E$63,J12,$G$5:$G$63,"Soybean") -> 0 | M12: =K12+L12 -> 777052 | N12: =COUNTIFS($E$5:$E$63,J12) -> 7
A13: 42473 | B13: 42488 | C13: 42481 | D13: Japan | E13: 2015/2016 | F13: 2015/2016 | G13: Corn | H13: 110800 | J13: 2021/2022 | K13: =SUMIFS($H$5:$H$63,$E$5:$E$63,J13,$G$5:$G$63,"Corn") -> 303000 | L13: =SUMIFS($H$5:$H$63,$E$5:$E$63,J13,$G$5:$G$63,"Soybean") -> 0 | M13: =K13+L13 -> 303000 | N13: =COUNTIFS($E$5:$E$63,J13) -> 2
A14: 42481 | B14: 42495 | C14: 42488 | D14: Japan | E14: 2015/2016 | F14: 2015/2016 | G14: Corn | H14: 180000 | J14: 2022/2023 | K14: =SUMIFS($H$5:$H$63,$E$5:$E$63,J14,$G$5:$G$63,"Corn") -> 341300 | L14: =SUMIFS($H$5:$H$63,$E$5:$E$63,J14,$G$5:$G$63,"Soybean") -> 0 | M14: =K14+L14 -> 341300 | N14: =COUNTIFS($E$5:$E$63,J14) -> 4
A15: 42481 | B15: 42495 | C15: 42488 | D15: Japan | E15: 2016/2017 | F15: 2015/2016 | G15: Corn | H15: 60000 | J15: 2023/2024 | K15: =SUMIFS($H$5:$H$63,$E$5:$E$63,J15,$G$5:$G$63,"Corn") -> 294000 | L15: =SUMIFS($H$5:$H$63,$E$5:$E$63,J15,$G$5:$G$63,"Soybean") -> 0 | M15: =K15+L15 -> 294000 | N15: =COUNTIFS($E$5:$E$63,J15) -> 2
A16: 42488 | B16: 42502 | C16: 42495 | D16: Japan | E16: 2015/2016 | F16: 2015/2016 | G16: Corn | H16: 100640 | J16: 2024/2025 | K16: =SUMIFS($H$5:$H$63,$E$5:$E$63,J16,$G$5:$G$63,"Corn") -> 752600 | L16: =SUMIFS($H$5:$H$63,$E$5:$E$63,J16,$G$5:$G$63,"Soybean") -> 0 | M16: =K16+L16 -> 752600 | N16: =COUNTIFS($E$5:$E$63,J16) -> 5
... A19: 42535 | B19: 42551 | C19: 42544 | D19: Japan | E19: 2015/2016 | F19: 2015/2016 | G19: Corn | H19: 60000 | J19: 2027/2028 | K19: =SUMIFS($H$5:$H$63,$E$5:$E$63,J19,$G$5:$G$63,"Corn") -> 24000 | L19: =SUMIFS($H$5:$H$63,$E$5:$E$63,J19,$G$5:$G$63,"Soybean") -> 0 | M19: =K19+L19 -> 24000 | N19: =COUNTIFS($E$5:$E$63,J19) -> 1
A20: 42535 | B20: 42551 | C20: 42544 | D20: Japan | E20: 2016/2017 | F20: 2015/2016 | G20: Corn | H20: 76000 | J20: Total | K20: =SUM(K5:K19) -> 7884108 | L20: =SUM(L5:L19) -> 0 | M20: =SUM(M5:M19) -> 7884108 | N20: =SUM(N5:N19) -> 59
A21: 42723 | B21: 42740 | C21: 42733 | D21: Japan | E21: 2016/2017 | F21: 2016/2017 | G21: Corn | H21: 128000
A22: 42747 | B22: 42761 | C22: 42754 | D22: Japan | E22: 2016/2017 | F22: 2016/2017 | G22: Corn | H22: 110000
A23: 42768 | B23: 42782 | C23: 42775 | D23: Japan | E23: 2016/2017 | F23: 2016/2017 | G23: Corn | H23: 110000 | J23: By sale season (Sep 1 – Aug 31, based on the date the sale was made)
A24: 42773 | B24: 42789 | C24: 42782 | D24: Japan | E24: 2016/2017 | F24: 2016/2017 | G24: Corn | H24: 128000 | J24: Sale Season | K24: Corn | L24: Soybean | M24: Total | N24: # Sales
A25: 42780 | B25: 42796 | C25: 42789 | D25: Japan | E25: 2017/2018 | F25: 2016/2017 | G25: Corn | H25: 229000 | J25: 2013/2014 | K25: =SUMIFS($H$5:$H$63,$F$5:$F$63,J25,$G$5:$G$63,"Corn") -> 681424 | L25: =SUMIFS($H$5:$H$63,$F$5:$F$63,J25,$G$5:$G$63,"Soybean") -> 0 | M25: =K25+L25 -> 681424 | N25: =COUNTIFS($F$5:$F$63,J25) -> 4
A26: 42783 | B26: 42803 | C26: 42796 | D26: Japan | E26: 2016/2017 | F26: 2016/2017 | G26: Corn | H26: 60000 | J26: 2015/2016 | K26: =SUMIFS($H$5:$H$63,$F$5:$F$63,J26,$G$5:$G$63,"Corn") -> 1525884 | L26: =SUMIFS($H$5:$H$63,$F$5:$F$63,J26,$G$5:$G$63,"Soybean") -> 0 | M26: =K26+L26 -> 1525884 | N26: =COUNTIFS($F$5:$F$63,J26) -> 12
A27: 42783 | B27: 42803 | C27: 42796 | D27: Japan | E27: 2017/2018 | F27: 2016/2017 | G27: Corn | H27: 134112 | J27: 2016/2017 | K27: =SUMIFS($H$5:$H$63,$F$5:$F$63,J27,$G$5:$G$63,"Corn") -> 1288408 | L27: =SUMIFS($H$5:$H$63,$F$5:$F$63,J27,$G$5:$G$63,"Soybean") -> 0 | M27: =K27+L27 -> 1288408 | N27: =COUNTIFS($F$5:$F$63,J27) -> 10
A28: 42787 | B28: 42803 | C28: 42796 | D28: Japan | E28: 2016/2017 | F28: 2016/2017 | G28: Corn | H28: 104704 | J28: 2017/2018 | K28: =SUMIFS($H$5:$H$63,$F$5:$F$63,J28,$G$5:$G$63,"Corn") -> 659752 | L28: =SUMIFS($H$5:$H$63,$F$5:$F$63,J28,$G$5:$G$63,"Soybean") -> 0 | M28: =K28+L28 -> 659752 | N28: =COUNTIFS($F$5:$F$63,J28) -> 5
A29: 42787 | B29: 42803 | C29: 42796 | D29: Japan | E29: 2017/2018 | F29: 2016/2017 | G29: Corn | H29: 164592 | J29: 2018/2019 | K29: =SUMIFS($H$5:$H$63,$F$5:$F$63,J29,$G$5:$G$63,"Corn") -> 355000 | L29: =SUMIFS($H$5:$H$63,$F$5:$F$63,J29,$G$5:$G$63,"Soybean") -> 0 | M29: =K29+L29 -> 355000 | N29: =COUNTIFS($F$5:$F$63,J29) -> 2
A30: 42803 | B30: 42817 | C30: 42810 | D30: Japan | E30: 2016/2017 | F30: 2016/2017 | G30: Corn | H30: 120000 | J30: 2019/2020 | K30: =SUMIFS($H$5:$H$63,$F$5:$F$63,J30,$G$5:$G$63,"Corn") -> 558940 | L30: =SUMIFS($H$5:$H$63,$F$5:$F$63,J30,$G$5:$G$63,"Soybean") -> 0 | M30: =K30+L30 -> 558940 | N30: =COUNTIFS($F$5:$F$63,J30) -> 4
A31: 43137 | B31: 43153 | C31: 43146 | D31: Japan | E31: 2017/2018 | F31: 2017/2018 | G31: Corn | H31: 120000 | J31: 2020/2021 | K31: =SUMIFS($H$5:$H$63,$F$5:$F$63,J31,$G$5:$G$63,"Corn") -> 740800 | L31: =SUMIFS($H$5:$H$63,$F$5:$F$63,J31,$G$5:$G$63,"Soybean") -> 0 | M31: =K31+L31 -> 740800 | N31: =COUNTIFS($F$5:$F$63,J31) -> 6
A32: 43147 | B32: 43167 | C32: 43160 | D32: Japan | E32: 2017/2018 | F32: 2017/2018 | G32: Corn | H32: 116000 | J32: 2021/2022 | K32: =SUMIFS($H$5:$H$63,$F$5:$F$63,J32,$G$5:$G$63,"Corn") -> 128000 | L32: =SUMIFS($H$5:$H$63,$F$5:$F$63,J32,$G$5:$G$63,"Soybean") -> 0 | M32: =K32+L32 -> 128000 | N32: =COUNTIFS($F$5:$F$63,J32) -> 1
A33: 43167 | B33: 43181 | C33: 43174 | D33: Japan | E33: 2017/2018 | F33: 2017/2018 | G33: Corn | H33: 110000 | J33: 2022/2023 | K33: =SUMIFS($H$5:$H$63,$F$5:$F$63,J33,$G$5:$G$63,"Corn") -> 511300 | L33: =SUMIFS($H$5:$H$63,$F$5:$F$63,J33,$G$5:$G$63,"Soybean") -> 0 | M33: =K33+L33 -> 511300 | N33: =COUNTIFS($F$5:$F$63,J33) -> 5
A34: 43171 | B34: 43188 | C34: 43181 | D34: Japan | E34: 2017/2018 | F34: 2017/2018 | G34: Corn | H34: 107752 | J34: 2023/2024 | K34: =SUMIFS($H$5:$H$63,$F$5:$F$63,J34,$G$5:$G$63,"Corn") -> 279000 | L34: =SUMIFS($H$5:$H$63,$F$5:$F$63,J34,$G$5:$G$63,"Soybean") -> 0 | M34: =K34+L34 -> 279000 | N34: =COUNTIFS($F$5:$F$63,J34) -> 2
A35: 43178 | B35: 43195 | C35: 43188 | D35: Japan | E35: 2018/2019 | F35: 2017/2018 | G35: Corn | H35: 206000 | J35: 2024/2025 | K35: =SUMIFS($H$5:$H$63,$F$5:$F$63,J35,$G$5:$G$63,"Corn") -> 597600 | L35: =SUMIFS($H$5:$H$63,$F$5:$F$63,J35,$G$5:$G$63,"Soybean") -> 0 | M35: =K35+L35 -> 597600 | N35: =COUNTIFS($F$5:$F$63,J35) -> 4
A36: 43376 | B36: 43391 | C36: 43384 | D36: Japan | E36: 2018/2019 | F36: 2018/2019 | G36: Corn | H36: 230000 | J36: 2025/2026 | K36: =SUMIFS($H$5:$H$63,$F$5:$F$63,J36,$G$5:$G$63,"Corn") -> 558000 | L36: =SUMIFS($H$5:$H$63,$F$5:$F$63,J36,$G$5:$G$63,"Soybean") -> 0 | M36: =K36+L36 -> 558000 | N36: =COUNTIFS($F$5:$F$63,J36) -> 4
A37: 43448 | B37: 43468 | C37: 43461 | D37: Japan | E37: 2018/2019 | F37: 2018/2019 | G37: Corn | H37: 125000 | J37: Total | K37: =SUM(K25:K36) -> 7884108 | L37: =SUM(L25:L36) -> 0 | M37: =SUM(M25:M36) -> 7884108 | N37: =SUM(N25:N36) -> 59
A38: 43857 | B38: 43874 | C38: 43867 | D38: Japan | E38: 2020/2021 | F38: 2019/2020 | G38: Corn | H38: 111252
A39: 43896 | B39: 43916 | C39: 43909 | D39: Japan | E39: 2019/2020 | F39: 2019/2020 | G39: Corn | H39: 234688
A40: 43921 | B40: 43937 | C40: 43930 | D40: Japan | E40: 2019/2020 | F40: 2019/2020 | G40: Corn | H40: 113000
A41: 44068 | B41: 44084 | C41: 44077 | D41: Japan | E41: 2020/2021 | F41: 2019/2020 | G41: Corn | H41: 100000
A42: 44088 | B42: 44105 | C42: 44098 | D42: Japan | E42: 2020/2021 | F42: 2020/2021 | G42: Corn | H42: 106000
A43: 44102 | B43: 44119 | C43: 44112 | D43: Japan | E43: 2020/2021 | F43: 2020/2021 | G43: Corn | H43: 110800
A44: 44215 | B44: 44231 | C44: 44224 | D44: Japan | E44: 2020/2021 | F44: 2020/2021 | G44: Corn | H44: 128000
A45: 44228 | B45: 44245 | C45: 44238 | D45: Japan | E45: 2020/2021 | F45: 2020/2021 | G45: Corn | H45: 110000
A46: 44257 | B46: 44273 | C46: 44266 | D46: Japan | E46: 2021/2022 | F46: 2020/2021 | G46: Corn | H46: 175000
A47: 44280 | B47: 44294 | C47: 44287 | D47: Japan | E47: 2020/2021 | F47: 2020/2021 | G47: Corn | H47: 111000
A48: 44603 | B48: 44623 | C48: 44616 | D48: Japan | E48: 2021/2022 | F48: 2021/2022 | G48: Corn | H48: 128000
A49: 44922 | B49: 44938 | C49: 44931 | D49: Japan | E49: 2022/2023 | F49: 2022/2023 | G49: Corn | H49: 7500
... A63: 46079 | B63: 46093 | C63: 46086 | D63: Japan | E63: 2027/2028 | F63: 2025/2026 | G63: Corn | H63: 24000

Sheet South Korea
A1: South Korea — USDA daily flash sales (metric tonnes)
A2: Detail sorted by sale date. Summaries on the right are formulas over the detail.
J3: By delivery marketing year (USDA "Marketing Year": season the grain ships in)
A4: Sale Date | B4: Reported in | C4: Week Ending Date | D4: Destination | E4: Delivery MY (USDA) | F4: Sale Season (Sep-Aug) | G4: Product | H4: Quantity | J4: Delivery MY | K4: Corn | L4: Soybean | M4: Total | N4: # Sales
A5: 40730 | B5: 40745 | C5: 40738 | D5: South Korea | E5: 2011/2012 | F5: 2010/2011 | G5: Corn | H5: 225000 | J5: 2011/2012 | K5: =SUMIFS($H$5:$H$48,$E$5:$E$48,J5,$G$5:$G$48,"Corn") -> 357000 | L5: =SUMIFS($H$5:$H$48,$E$5:$E$48,J5,$G$5:$G$48,"Soybean") -> 0 | M5: =K5+L5 -> 357000 | N5: =COUNTIFS($E$5:$E$48,J5) -> 2
A6: 40956 | B6: 40976 | C6: 40969 | D6: South Korea | E6: 2011/2012 | F6: 2011/2012 | G6: Corn | H6: 132000 | J6: 2013/2014 | K6: =SUMIFS($H$5:$H$48,$E$5:$E$48,J6,$G$5:$G$48,"Corn") -> 444000 | L6: =SUMIFS($H$5:$H$48,$E$5:$E$48,J6,$G$5:$G$48,"Soybean") -> 0 | M6: =K6+L6 -> 444000 | N6: =COUNTIFS($E$5:$E$48,J6) -> 3
A7: 41578 | B7: 41592 | C7: 41585 | D7: South Korea | E7: 2013/2014 | F7: 2013/2014 | G7: Corn | H7: 174000 | J7: 2015/2016 | K7: =SUMIFS($H$5:$H$48,$E$5:$E$48,J7,$G$5:$G$48,"Corn") -> 197000 | L7: =SUMIFS($H$5:$H$48,$E$5:$E$48,J7,$G$5:$G$48,"Soybean") -> 0 | M7: =K7+L7 -> 197000 | N7: =COUNTIFS($E$5:$E$48,J7) -> 2
A8: 41583 | B8: 41599 | C8: 41592 | D8: South Korea | E8: 2013/2014 | F8: 2013/2014 | G8: Corn | H8: 140000 | J8: 2016/2017 | K8: =SUMIFS($H$5:$H$48,$E$5:$E$48,J8,$G$5:$G$48,"Corn") -> 1081000 | L8: =SUMIFS($H$5:$H$48,$E$5:$E$48,J8,$G$5:$G$48,"Soybean") -> 0 | M8: =K8+L8 -> 1081000 | N8: =COUNTIFS($E$5:$E$48,J8) -> 6
A9: 41627 | B9: 41641 | C9: 41634 | D9: South Korea | E9: 2013/2014 | F9: 2013/2014 | G9: Corn | H9: 130000 | J9: 2017/2018 | K9: =SUMIFS($H$5:$H$48,$E$5:$E$48,J9,$G$5:$G$48,"Corn") -> 613000 | L9: =SUMIFS($H$5:$H$48,$E$5:$E$48,J9,$G$5:$G$48,"Soybean") -> 0 | M9: =K9+L9 -> 613000 | N9: =COUNTIFS($E$5:$E$48,J9) -> 4
A10: 42506 | B10: 42523 | C10: 42516 | D10: South Korea | E10: 2015/2016 | F10: 2015/2016 | G10: Corn | H10: 128000 | J10: 2018/2019 | K10: =SUMIFS($H$5:$H$48,$E$5:$E$48,J10,$G$5:$G$48,"Corn") -> 1087000 | L10: =SUMIFS($H$5:$H$48,$E$5:$E$48,J10,$G$5:$G$48,"Soybean") -> 0 | M10: =K10+L10 -> 1087000 | N10: =COUNTIFS($E$5:$E$48,J10) -> 7
A11: 42544 | B11: 42558 | C11: 42551 | D11: South Korea | E11: 2015/2016 | F11: 2015/2016 | G11: Corn | H11: 69000 | J11: 2019/2020 | K11: =SUMIFS($H$5:$H$48,$E$5:$E$48,J11,$G$5:$G$48,"Corn") -> 530000 | L11: =SUMIFS($H$5:$H$48,$E$5:$E$48,J11,$G$5:$G$48,"Soybean") -> 0 | M11: =K11+L11 -> 530000 | N11: =COUNTIFS($E$5:$E$48,J11) -> 4
A12: 42544 | B12: 42558 | C12: 42551 | D12: South Korea | E12: 2016/2017 | F12: 2015/2016 | G12: Corn | H12: 69000 | J12: 2020/2021 | K12: =SUMIFS($H$5:$H$48,$E$5:$E$48,J12,$G$5:$G$48,"Corn") -> 337000 | L12: =SUMIFS($H$5:$H$48,$E$5:$E$48,J12,$G$5:$G$48,"Soybean") -> 0 | M12: =K12+L12 -> 337000 | N12: =COUNTIFS($E$5:$E$48,J12) -> 2
A13: 42677 | B13: 42691 | C13: 42684 | D13: South Korea | E13: 2016/2017 | F13: 2016/2017 | G13: Corn | H13: 136000 | J13: 2024/2025 | K13: =SUMIFS($H$5:$H$48,$E$5:$E$48,J13,$G$5:$G$48,"Corn") -> 394000 | L13: =SUMIFS($H$5:$H$48,$E$5:$E$48,J13,$G$5:$G$48,"Soybean") -> 0 | M13: =K13+L13 -> 394000 | N13: =COUNTIFS($E$5:$E$48,J13) -> 3
A14: 42710 | B14: 42726 | C14: 42719 | D14: South Korea | E14: 2016/2017 | F14: 2016/2017 | G14: Corn | H14: 276000 | J14: 2025/2026 | K14: =SUMIFS($H$5:$H$48,$E$5:$E$48,J14,$G$5:$G$48,"Corn") -> 1631000 | L14: =SUMIFS($H$5:$H$48,$E$5:$E$48,J14,$G$5:$G$48,"Soybean") -> 0 | M14: =K14+L14 -> 1631000 | N14: =COUNTIFS($E$5:$E$48,J14) -> 11
A15: 42712 | B15: 42726 | C15: 42719 | D15: South Korea | E15: 2016/2017 | F15: 2016/2017 | G15: Corn | H15: 332000 | J15: Total | K15: =SUM(K5:K14) -> 6671000 | L15: =SUM(L5:L14) -> 0 | M15: =SUM(M5:M14) -> 6671000 | N15: =SUM(N5:N14) -> 44
A16: 42788 | B16: 42803 | C16: 42796 | D16: South Korea | E16: 2016/2017 | F16: 2016/2017 | G16: Corn | H16: 136000
A17: 42814 | B17: 42831 | C17: 42824 | D17: South Korea | E17: 2016/2017 | F17: 2016/2017 | G17: Corn | H17: 132000
A18: 43042 | B18: 43062 | C18: 43055 | D18: South Korea | E18: 2017/2018 | F18: 2017/2018 | G18: Corn | H18: 135000 | J18: By sale season (Sep 1 – Aug 31, based on the date the sale was made)
A19: 43136 | B19: 43153 | C19: 43146 | D19: South Korea | E19: 2017/2018 | F19: 2017/2018 | G19: Corn | H19: 130000 | J19: Sale Season | K19: Corn | L19: Soybean | M19: Total | N19: # Sales
A20: 43172 | B20: 43188 | C20: 43181 | D20: South Korea | E20: 2017/2018 | F20: 2017/2018 | G20: Corn | H20: 210000 | J20: 2010/2011 | K20: =SUMIFS($H$5:$H$48,$F$5:$F$48,J20,$G$5:$G$48,"Corn") -> 225000 | L20: =SUMIFS($H$5:$H$48,$F$5:$F$48,J20,$G$5:$G$48,"Soybean") -> 0 | M20: =K20+L20 -> 225000 | N20: =COUNTIFS($F$5:$F$48,J20) -> 1
A21: 43180 | B21: 43195 | C21: 43188 | D21: South Korea | E21: 2017/2018 | F21: 2017/2018 | G21: Corn | H21: 138000 | J21: 2011/2012 | K21: =SUMIFS($H$5:$H$48,$F$5:$F$48,J21,$G$5:$G$48,"Corn") -> 132000 | L21: =SUMIFS($H$5:$H$48,$F$5:$F$48,J21,$G$5:$G$48,"Soybean") -> 0 | M21: =K21+L21 -> 132000 | N21: =COUNTIFS($F$5:$F$48,J21) -> 1
A22: 43286 | B22: 43300 | C22: 43293 | D22: South Korea | E22: 2018/2019 | F22: 2017/2018 | G22: Corn | H22: 137000 | J22: 2013/2014 | K22: =SUMIFS($H$5:$H$48,$F$5:$F$48,J22,$G$5:$G$48,"Corn") -> 444000 | L22: =SUMIFS($H$5:$H$48,$F$5:$F$48,J22,$G$5:$G$48,"Soybean") -> 0 | M22: =K22+L22 -> 444000 | N22: =COUNTIFS($F$5:$F$48,J22) -> 3
A23: 43354 | B23: 43370 | C23: 43363 | D23: South Korea | E23: 2018/2019 | F23: 2018/2019 | G23: Corn | H23: 138000 | J23: 2015/2016 | K23: =SUMIFS($H$5:$H$48,$F$5:$F$48,J23,$G$5:$G$48,"Corn") -> 266000 | L23: =SUMIFS($H$5:$H$48,$F$5:$F$48,J23,$G$5:$G$48,"Soybean") -> 0 | M23: =K23+L23 -> 266000 | N23: =COUNTIFS($F$5:$F$48,J23) -> 3
A24: 43423 | B24: 43440 | C24: 43433 | D24: South Korea | E24: 2018/2019 | F24: 2018/2019 | G24: Corn | H24: 276000 | J24: 2016/2017 | K24: =SUMIFS($H$5:$H$48,$F$5:$F$48,J24,$G$5:$G$48,"Corn") -> 1012000 | L24: =SUMIFS($H$5:$H$48,$F$5:$F$48,J24,$G$5:$G$48,"Soybean") -> 0 | M24: =K24+L24 -> 1012000 | N24: =COUNTIFS($F$5:$F$48,J24) -> 5
A25: 43427 | B25: 43447 | C25: 43440 | D25: South Korea | E25: 2018/2019 | F25: 2018/2019 | G25: Corn | H25: 132000 | J25: 2017/2018 | K25: =SUMIFS($H$5:$H$48,$F$5:$F$48,J25,$G$5:$G$48,"Corn") -> 750000 | L25: =SUMIFS($H$5:$H$48,$F$5:$F$48,J25,$G$5:$G$48,"Soybean") -> 0 | M25: =K25+L25 -> 750000 | N25: =COUNTIFS($F$5:$F$48,J25) -> 5
A26: 43494 | B26: 43510 | C26: 43503 | D26: South Korea | E26: 2018/2019 | F26: 2018/2019 | G26: Corn | H26: 138000 | J26: 2018/2019 | K26: =SUMIFS($H$5:$H$48,$F$5:$F$48,J26,$G$5:$G$48,"Corn") -> 950000 | L26: =SUMIFS($H$5:$H$48,$F$5:$F$48,J26,$G$5:$G$48,"Soybean") -> 0 | M26: =K26+L26 -> 950000 | N26: =COUNTIFS($F$5:$F$48,J26) -> 6
A27: 43524 | B27: 43538 | C27: 43531 | D27: South Korea | E27: 2018/2019 | F27: 2018/2019 | G27: Corn | H27: 133000 | J27: 2019/2020 | K27: =SUMIFS($H$5:$H$48,$F$5:$F$48,J27,$G$5:$G$48,"Corn") -> 530000 | L27: =SUMIFS($H$5:$H$48,$F$5:$F$48,J27,$G$5:$G$48,"Soybean") -> 0 | M27: =K27+L27 -> 530000 | N27: =COUNTIFS($F$5:$F$48,J27) -> 4
A28: 43529 | B28: 43545 | C28: 43538 | D28: South Korea | E28: 2018/2019 | F28: 2018/2019 | G28: Corn | H28: 133000 | J28: 2020/2021 | K28: =SUMIFS($H$5:$H$48,$F$5:$F$48,J28,$G$5:$G$48,"Corn") -> 337000 | L28: =SUMIFS($H$5:$H$48,$F$5:$F$48,J28,$G$5:$G$48,"Soybean") -> 0 | M28: =K28+L28 -> 337000 | N28: =COUNTIFS($F$5:$F$48,J28) -> 2
A29: 43843 | B29: 43860 | C29: 43853 | D29: South Korea | E29: 2019/2020 | F29: 2019/2020 | G29: Corn | H29: 137000 | J29: 2024/2025 | K29: =SUMIFS($H$5:$H$48,$F$5:$F$48,J29,$G$5:$G$48,"Corn") -> 945000 | L29: =SUMIFS($H$5:$H$48,$F$5:$F$48,J29,$G$5:$G$48,"Soybean") -> 0 | M29: =K29+L29 -> 945000 | N29: =COUNTIFS($F$5:$F$48,J29) -> 7
A30: 43861 | B30: 43881 | C30: 43874 | D30: South Korea | E30: 2019/2020 | F30: 2019/2020 | G30: Corn | H30: 134000 | J30: 2025/2026 | K30: =SUMIFS($H$5:$H$48,$F$5:$F$48,J30,$G$5:$G$48,"Corn") -> 1080000 | L30: =SUMIFS($H$5:$H$48,$F$5:$F$48,J30,$G$5:$G$48,"Soybean") -> 0 | M30: =K30+L30 -> 1080000 | N30: =COUNTIFS($F$5:$F$48,J30) -> 7
A31: 43887 | B31: 43902 | C31: 43895 | D31: South Korea | E31: 2019/2020 | F31: 2019/2020 | G31: Corn | H31: 123000 | J31: Total | K31: =SUM(K20:K30) -> 6671000 | L31: =SUM(L20:L30) -> 0 | M31: =SUM(M20:M30) -> 6671000 | N31: =SUM(N20:N30) -> 44
A32: 43903 | B32: 43923 | C32: 43916 | D32: South Korea | E32: 2019/2020 | F32: 2019/2020 | G32: Corn | H32: 136000
A33: 44132 | B33: 44147 | C33: 44140 | D33: South Korea | E33: 2020/2021 | F33: 2020/2021 | G33: Corn | H33: 207000
A34: 44145 | B34: 44161 | C34: 44154 | D34: South Korea | E34: 2020/2021 | F34: 2020/2021 | G34: Corn | H34: 130000
A35: 45586 | B35: 45603 | C35: 45596 | D35: South Korea | E35: 2024/2025 | F35: 2024/2025 | G35: Corn | H35: 130000
A36: 45685 | B36: 45701 | C36: 45694 | D36: South Korea | E36: 2024/2025 | F36: 2024/2025 | G36: Corn | H36: 132000
A37: 45692 | B37: 45708 | C37: 45701 | D37: South Korea | E37: 2024/2025 | F37: 2024/2025 | G37: Corn | H37: 132000
A38: 45862 | B38: 45876 | C38: 45869 | D38: South Korea | E38: 2025/2026 | F38: 2024/2025 | G38: Corn | H38: 135000
A39: 45863 | B39: 45883 | C39: 45876 | D39: South Korea | E39: 2025/2026 | F39: 2024/2025 | G39: Corn | H39: 140000
A40: 45869 | B40: 45883 | C40: 45876 | D40: South Korea | E40: 2025/2026 | F40: 2024/2025 | G40: Corn | H40: 140000
A41: 45883 | B41: 45897 | C41: 45890 | D41: South Korea | E41: 2025/2026 | F41: 2024/2025 | G41: Corn | H41: 136000
A42: 45931 | B42: 45946 | C42: 45939 | D42: South Korea | E42: 2025/2026 | F42: 2025/2026 | G42: Corn | H42: 140000
A43: 45959 | B43: 45974 | C43: 45967 | D43: South Korea | E43: 2025/2026 | F43: 2025/2026 | G43: Corn | H43: 204000
... A48: 46153 | B48: 46170 | C48: 46163 | D48: South Korea | E48: 2025/2026 | F48: 2025/2026 | G48: Corn | H48: 128000

Sheet Colombia
A1: Colombia — USDA daily flash sales (metric tonnes)
A2: Detail sorted by sale date. Summaries on the right are formulas over the detail.
J3: By delivery marketing year (USDA "Marketing Year": season the grain ships in)
A4: Sale Date | B4: Reported in | C4: Week Ending Date | D4: Destination | E4: Delivery MY (USDA) | F4: Sale Season (Sep-Aug) | G4: Product | H4: Quantity | J4: Delivery MY | K4: Corn | L4: Soybean | M4: Total | N4: # Sales
A5: 42416 | B5: 42432 | C5: 42425 | D5: Colombia | E5: 2015/2016 | F5: 2015/2016 | G5: Corn | H5: 190000 | J5: 2015/2016 | K5: =SUMIFS($H$5:$H$37,$E$5:$E$37,J5,$G$5:$G$37,"Corn") -> 525000 | L5: =SUMIFS($H$5:$H$37,$E$5:$E$37,J5,$G$5:$G$37,"Soybean") -> 0 | M5: =K5+L5 -> 525000 | N5: =COUNTIFS($E$5:$E$37,J5) -> 4
A6: 42422 | B6: 42439 | C6: 42432 | D6: Colombia | E6: 2015/2016 | F6: 2015/2016 | G6: Corn | H6: 100000 | J6: 2016/2017 | K6: =SUMIFS($H$5:$H$37,$E$5:$E$37,J6,$G$5:$G$37,"Corn") -> 105000 | L6: =SUMIFS($H$5:$H$37,$E$5:$E$37,J6,$G$5:$G$37,"Soybean") -> 0 | M6: =K6+L6 -> 105000 | N6: =COUNTIFS($E$5:$E$37,J6) -> 1
A7: 42424 | B7: 42439 | C7: 42432 | D7: Colombia | E7: 2015/2016 | F7: 2015/2016 | G7: Corn | H7: 110000 | J7: 2017/2018 | K7: =SUMIFS($H$5:$H$37,$E$5:$E$37,J7,$G$5:$G$37,"Corn") -> 250000 | L7: =SUMIFS($H$5:$H$37,$E$5:$E$37,J7,$G$5:$G$37,"Soybean") -> 0 | M7: =K7+L7 -> 250000 | N7: =COUNTIFS($E$5:$E$37,J7) -> 2
A8: 42510 | B8: 42530 | C8: 42523 | D8: Colombia | E8: 2015/2016 | F8: 2015/2016 | G8: Corn | H8: 125000 | J8: 2018/2019 | K8: =SUMIFS($H$5:$H$37,$E$5:$E$37,J8,$G$5:$G$37,"Corn") -> 207500 | L8: =SUMIFS($H$5:$H$37,$E$5:$E$37,J8,$G$5:$G$37,"Soybean") -> 0 | M8: =K8+L8 -> 207500 | N8: =COUNTIFS($E$5:$E$37,J8) -> 2
A9: 42765 | B9: 42782 | C9: 42775 | D9: Colombia | E9: 2016/2017 | F9: 2016/2017 | G9: Corn | H9: 105000 | J9: 2020/2021 | K9: =SUMIFS($H$5:$H$37,$E$5:$E$37,J9,$G$5:$G$37,"Corn") -> 108500 | L9: =SUMIFS($H$5:$H$37,$E$5:$E$37,J9,$G$5:$G$37,"Soybean") -> 0 | M9: =K9+L9 -> 108500 | N9: =COUNTIFS($E$5:$E$37,J9) -> 1
A10: 42947 | B10: 42964 | C10: 42957 | D10: Colombia | E10: 2017/2018 | F10: 2016/2017 | G10: Corn | H10: 150000 | J10: 2021/2022 | K10: =SUMIFS($H$5:$H$37,$E$5:$E$37,J10,$G$5:$G$37,"Corn") -> 650000 | L10: =SUMIFS($H$5:$H$37,$E$5:$E$37,J10,$G$5:$G$37,"Soybean") -> 0 | M10: =K10+L10 -> 650000 | N10: =COUNTIFS($E$5:$E$37,J10) -> 5
A11: 42948 | B11: 42964 | C11: 42957 | D11: Colombia | E11: 2017/2018 | F11: 2016/2017 | G11: Corn | H11: 100000 | J11: 2022/2023 | K11: =SUMIFS($H$5:$H$37,$E$5:$E$37,J11,$G$5:$G$37,"Corn") -> 150000 | L11: =SUMIFS($H$5:$H$37,$E$5:$E$37,J11,$G$5:$G$37,"Soybean") -> 0 | M11: =K11+L11 -> 150000 | N11: =COUNTIFS($E$5:$E$37,J11) -> 1
A12: 43528 | B12: 43545 | C12: 43538 | D12: Colombia | E12: 2018/2019 | F12: 2018/2019 | G12: Corn | H12: 100500 | J12: 2023/2024 | K12: =SUMIFS($H$5:$H$37,$E$5:$E$37,J12,$G$5:$G$37,"Corn") -> 300000 | L12: =SUMIFS($H$5:$H$37,$E$5:$E$37,J12,$G$5:$G$37,"Soybean") -> 100000 | M12: =K12+L12 -> 400000 | N12: =COUNTIFS($E$5:$E$37,J12) -> 3
A13: 43594 | B13: 43608 | C13: 43601 | D13: Colombia | E13: 2018/2019 | F13: 2018/2019 | G13: Corn | H13: 107000 | J13: 2024/2025 | K13: =SUMIFS($H$5:$H$37,$E$5:$E$37,J13,$G$5:$G$37,"Corn") -> 585000 | L13: =SUMIFS($H$5:$H$37,$E$5:$E$37,J13,$G$5:$G$37,"Soybean") -> 88000 | M13: =K13+L13 -> 673000 | N13: =COUNTIFS($E$5:$E$37,J13) -> 6
A14: 44207 | B14: 44224 | C14: 44217 | D14: Colombia | E14: 2020/2021 | F14: 2020/2021 | G14: Corn | H14: 108500 | J14: 2025/2026 | K14: =SUMIFS($H$5:$H$37,$E$5:$E$37,J14,$G$5:$G$37,"Corn") -> 675800 | L14: =SUMIFS($H$5:$H$37,$E$5:$E$37,J14,$G$5:$G$37,"Soybean") -> 0 | M14: =K14+L14 -> 675800 | N14: =COUNTIFS($E$5:$E$37,J14) -> 6
A15: 44434 | B15: 44448 | C15: 44441 | D15: Colombia | E15: 2021/2022 | F15: 2020/2021 | G15: Corn | H15: 100000 | J15: 2026/2027 | K15: =SUMIFS($H$5:$H$37,$E$5:$E$37,J15,$G$5:$G$37,"Corn") -> 215000 | L15: =SUMIFS($H$5:$H$37,$E$5:$E$37,J15,$G$5:$G$37,"Soybean") -> 0 | M15: =K15+L15 -> 215000 | N15: =COUNTIFS($E$5:$E$37,J15) -> 2
A16: 44435 | B16: 44455 | C16: 44448 | D16: Colombia | E16: 2021/2022 | F16: 2020/2021 | G16: Corn | H16: 150000 | J16: Total | K16: =SUM(K5:K15) -> 3771800 | L16: =SUM(L5:L15) -> 188000 | M16: =SUM(M5:M15) -> 3959800 | N16: =SUM(N5:N15) -> 33
A17: 44508 | B17: 44525 | C17: 44518 | D17: Colombia | E17: 2021/2022 | F17: 2021/2022 | G17: Corn | H17: 150000
A18: 44531 | B18: 44546 | C18: 44539 | D18: Colombia | E18: 2021/2022 | F18: 2021/2022 | G18: Corn | H18: 150000
A19: 44629 | B19: 44644 | C19: 44637 | D19: Colombia | E19: 2021/2022 | F19: 2021/2022 | G19: Corn | H19: 100000 | J19: By sale season (Sep 1 – Aug 31, based on the date the sale was made)
A20: 44943 | B20: 44959 | C20: 44952 | D20: Colombia | E20: 2022/2023 | F20: 2022/2023 | G20: Corn | H20: 150000 | J20: Sale Season | K20: Corn | L20: Soybean | M20: Total | N20: # Sales
A21: 45330 | B21: 45344 | C21: 45337 | D21: Colombia | E21: 2023/2024 | F21: 2023/2024 | G21: Corn | H21: 200000 | J21: 2015/2016 | K21: =SUMIFS($H$5:$H$37,$F$5:$F$37,J21,$G$5:$G$37,"Corn") -> 525000 | L21: =SUMIFS($H$5:$H$37,$F$5:$F$37,J21,$G$5:$G$37,"Soybean") -> 0 | M21: =K21+L21 -> 525000 | N21: =COUNTIFS($F$5:$F$37,J21) -> 4
A22: 45475 | B22: 45491 | C22: 45484 | D22: Colombia | E22: 2023/2024 | F22: 2023/2024 | G22: Corn | H22: 100000 | J22: 2016/2017 | K22: =SUMIFS($H$5:$H$37,$F$5:$F$37,J22,$G$5:$G$37,"Corn") -> 355000 | L22: =SUMIFS($H$5:$H$37,$F$5:$F$37,J22,$G$5:$G$37,"Soybean") -> 0 | M22: =K22+L22 -> 355000 | N22: =COUNTIFS($F$5:$F$37,J22) -> 3
A23: 45513 | B23: 45533 | C23: 45526 | D23: Colombia | E23: 2023/2024 | F23: 2023/2024 | G23: Soybean | H23: 100000 | J23: 2018/2019 | K23: =SUMIFS($H$5:$H$37,$F$5:$F$37,J23,$G$5:$G$37,"Corn") -> 207500 | L23: =SUMIFS($H$5:$H$37,$F$5:$F$37,J23,$G$5:$G$37,"Soybean") -> 0 | M23: =K23+L23 -> 207500 | N23: =COUNTIFS($F$5:$F$37,J23) -> 2
A24: 45513 | B24: 45533 | C24: 45526 | D24: Colombia | E24: 2024/2025 | F24: 2023/2024 | G24: Soybean | H24: 88000 | J24: 2020/2021 | K24: =SUMIFS($H$5:$H$37,$F$5:$F$37,J24,$G$5:$G$37,"Corn") -> 358500 | L24: =SUMIFS($H$5:$H$37,$F$5:$F$37,J24,$G$5:$G$37,"Soybean") -> 0 | M24: =K24+L24 -> 358500 | N24: =COUNTIFS($F$5:$F$37,J24) -> 3
A25: 45532 | B25: 45547 | C25: 45540 | D25: Colombia | E25: 2024/2025 | F25: 2023/2024 | G25: Corn | H25: 100000 | J25: 2021/2022 | K25: =SUMIFS($H$5:$H$37,$F$5:$F$37,J25,$G$5:$G$37,"Corn") -> 400000 | L25: =SUMIFS($H$5:$H$37,$F$5:$F$37,J25,$G$5:$G$37,"Soybean") -> 0 | M25: =K25+L25 -> 400000 | N25: =COUNTIFS($F$5:$F$37,J25) -> 3
A26: 45644 | B26: 45659 | C26: 45652 | D26: Colombia | E26: 2024/2025 | F26: 2024/2025 | G26: Corn | H26: 135000 | J26: 2022/2023 | K26: =SUMIFS($H$5:$H$37,$F$5:$F$37,J26,$G$5:$G$37,"Corn") -> 150000 | L26: =SUMIFS($H$5:$H$37,$F$5:$F$37,J26,$G$5:$G$37,"Soybean") -> 0 | M26: =K26+L26 -> 150000 | N26: =COUNTIFS($F$5:$F$37,J26) -> 1
A27: 45646 | B27: 45666 | C27: 45659 | D27: Colombia | E27: 2024/2025 | F27: 2024/2025 | G27: Corn | H27: 150000 | J27: 2023/2024 | K27: =SUMIFS($H$5:$H$37,$F$5:$F$37,J27,$G$5:$G$37,"Corn") -> 400000 | L27: =SUMIFS($H$5:$H$37,$F$5:$F$37,J27,$G$5:$G$37,"Soybean") -> 188000 | M27: =K27+L27 -> 588000 | N27: =COUNTIFS($F$5:$F$37,J27) -> 5
A28: 45664 | B28: 45680 | C28: 45673 | D28: Colombia | E28: 2024/2025 | F28: 2024/2025 | G28: Corn | H28: 100000 | J28: 2024/2025 | K28: =SUMIFS($H$5:$H$37,$F$5:$F$37,J28,$G$5:$G$37,"Corn") -> 685000 | L28: =SUMIFS($H$5:$H$37,$F$5:$F$37,J28,$G$5:$G$37,"Soybean") -> 0 | M28: =K28+L28 -> 685000 | N28: =COUNTIFS($F$5:$F$37,J28) -> 6
A29: 45702 | B29: 45722 | C29: 45715 | D29: Colombia | E29: 2024/2025 | F29: 2024/2025 | G29: Corn | H29: 100000 | J29: 2025/2026 | K29: =SUMIFS($H$5:$H$37,$F$5:$F$37,J29,$G$5:$G$37,"Corn") -> 690800 | L29: =SUMIFS($H$5:$H$37,$F$5:$F$37,J29,$G$5:$G$37,"Soybean") -> 0 | M29: =K29+L29 -> 690800 | N29: =COUNTIFS($F$5:$F$37,J29) -> 6
A30: 45869 | B30: 45883 | C30: 45876 | D30: Colombia | E30: 2025/2026 | F30: 2024/2025 | G30: Corn | H30: 100000 | J30: Total | K30: =SUM(K21:K29) -> 3771800 | L30: =SUM(L21:L29) -> 188000 | M30: =SUM(M21:M29) -> 3959800 | N30: =SUM(N21:N29) -> 33
A31: 45889 | B31: 45904 | C31: 45897 | D31: Colombia | E31: 2025/2026 | F31: 2024/2025 | G31: Corn | H31: 100000
A32: 45995 | B32: 46009 | C32: 46002 | D32: Colombia | E32: 2025/2026 | F32: 2025/2026 | G32: Corn | H32: 100800
A33: 46043 | B33: 46058 | C33: 46051 | D33: Colombia | E33: 2025/2026 | F33: 2025/2026 | G33: Corn | H33: 150000
A34: 46076 | B34: 46093 | C34: 46086 | D34: Colombia | E34: 2025/2026 | F34: 2025/2026 | G34: Corn | H34: 125000
A35: 46133 | B35: 46149 | C35: 46142 | D35: Colombia | E35: 2025/2026 | F35: 2025/2026 | G35: Corn | H35: 100000
A36: 46176 | B36: 46191 | C36: 46184 | D36: Colombia | E36: 2026/2027 | F36: 2025/2026 | G36: Corn | H36: 115000
A37: 46223 | B37: 46240 | C37: 46233 | D37: Colombia | E37: 2026/2027 | F37: 2025/2026 | G37: Corn | H37: 100000

Sheet Egypt
A1: Egypt — USDA daily flash sales (metric tonnes)
A2: Detail sorted by sale date. Summaries on the right are formulas over the detail.
J3: By delivery marketing year (USDA "Marketing Year": season the grain ships in)
A4: Sale Date | B4: Reported in | C4: Week Ending Date | D4: Destination | E4: Delivery MY (USDA) | F4: Sale Season (Sep-Aug) | G4: Product | H4: Quantity | J4: Delivery MY | K4: Corn | L4: Soybean | M4: Total | N4: # Sales
A5: 40730 | B5: 40745 | C5: 40738 | D5: Egypt | E5: 2010/2011 | F5: 2010/2011 | G5: Corn | H5: 120000 | J5: 2010/2011 | K5: =SUMIFS($H$5:$H$30,$E$5:$E$30,J5,$G$5:$G$30,"Corn") -> 120000 | L5: =SUMIFS($H$5:$H$30,$E$5:$E$30,J5,$G$5:$G$30,"Soybean") -> 0 | M5: =K5+L5 -> 120000 | N5: =COUNTIFS($E$5:$E$30,J5) -> 1
A6: 40949 | B6: 40969 | C6: 40962 | D6: Egypt | E6: 2011/2012 | F6: 2011/2012 | G6: Corn | H6: 240000 | J6: 2011/2012 | K6: =SUMIFS($H$5:$H$30,$E$5:$E$30,J6,$G$5:$G$30,"Corn") -> 240000 | L6: =SUMIFS($H$5:$H$30,$E$5:$E$30,J6,$G$5:$G$30,"Soybean") -> 0 | M6: =K6+L6 -> 240000 | N6: =COUNTIFS($E$5:$E$30,J6) -> 1
A7: 41632 | B7: 41648 | C7: 41641 | D7: Egypt | E7: 2013/2014 | F7: 2013/2014 | G7: Soybean | H7: 114000 | J7: 2013/2014 | K7: =SUMIFS($H$5:$H$30,$E$5:$E$30,J7,$G$5:$G$30,"Corn") -> 664000 | L7: =SUMIFS($H$5:$H$30,$E$5:$E$30,J7,$G$5:$G$30,"Soybean") -> 114000 | M7: =K7+L7 -> 778000 | N7: =COUNTIFS($E$5:$E$30,J7) -> 4
A8: 41656 | B8: 41676 | C8: 41669 | D8: Egypt | E8: 2013/2014 | F8: 2013/2014 | G8: Corn | H8: 204000 | J8: 2014/2015 | K8: =SUMIFS($H$5:$H$30,$E$5:$E$30,J8,$G$5:$G$30,"Corn") -> 176000 | L8: =SUMIFS($H$5:$H$30,$E$5:$E$30,J8,$G$5:$G$30,"Soybean") -> 120000 | M8: =K8+L8 -> 296000 | N8: =COUNTIFS($E$5:$E$30,J8) -> 2
A9: 41663 | B9: 41683 | C9: 41676 | D9: Egypt | E9: 2013/2014 | F9: 2013/2014 | G9: Corn | H9: 120000 | J9: 2017/2018 | K9: =SUMIFS($H$5:$H$30,$E$5:$E$30,J9,$G$5:$G$30,"Corn") -> 560000 | L9: =SUMIFS($H$5:$H$30,$E$5:$E$30,J9,$G$5:$G$30,"Soybean") -> 120000 | M9: =K9+L9 -> 680000 | N9: =COUNTIFS($E$5:$E$30,J9) -> 6
A10: 41698 | B10: 41718 | C10: 41711 | D10: Egypt | E10: 2014/2015 | F10: 2013/2014 | G10: Soybean | H10: 120000 | J10: 2018/2019 | K10: =SUMIFS($H$5:$H$30,$E$5:$E$30,J10,$G$5:$G$30,"Corn") -> 53000 | L10: =SUMIFS($H$5:$H$30,$E$5:$E$30,J10,$G$5:$G$30,"Soybean") -> 55000 | M10: =K10+L10 -> 108000 | N10: =COUNTIFS($E$5:$E$30,J10) -> 2
A11: 41719 | B11: 41739 | C11: 41732 | D11: Egypt | E11: 2013/2014 | F11: 2013/2014 | G11: Corn | H11: 340000 | J11: 2019/2020 | K11: =SUMIFS($H$5:$H$30,$E$5:$E$30,J11,$G$5:$G$30,"Corn") -> 0 | L11: =SUMIFS($H$5:$H$30,$E$5:$E$30,J11,$G$5:$G$30,"Soybean") -> 185000 | M11: =K11+L11 -> 185000 | N11: =COUNTIFS($E$5:$E$30,J11) -> 2
A12: 41823 | B12: 41837 | C12: 41830 | D12: Egypt | E12: 2014/2015 | F12: 2013/2014 | G12: Corn | H12: 176000 | J12: 2020/2021 | K12: =SUMIFS($H$5:$H$30,$E$5:$E$30,J12,$G$5:$G$30,"Corn") -> 0 | L12: =SUMIFS($H$5:$H$30,$E$5:$E$30,J12,$G$5:$G$30,"Soybean") -> 230000 | M12: =K12+L12 -> 230000 | N12: =COUNTIFS($E$5:$E$30,J12) -> 2
A13: 43108 | B13: 43125 | C13: 43118 | D13: Egypt | E13: 2017/2018 | F13: 2017/2018 | G13: Soybean | H13: 120000 | J13: 2021/2022 | K13: =SUMIFS($H$5:$H$30,$E$5:$E$30,J13,$G$5:$G$30,"Corn") -> 0 | L13: =SUMIFS($H$5:$H$30,$E$5:$E$30,J13,$G$5:$G$30,"Soybean") -> 230000 | M13: =K13+L13 -> 230000 | N13: =COUNTIFS($E$5:$E$30,J13) -> 2
A14: 43129 | B14: 43146 | C14: 43139 | D14: Egypt | E14: 2017/2018 | F14: 2017/2018 | G14: Corn | H14: 115000 | J14: 2024/2025 | K14: =SUMIFS($H$5:$H$30,$E$5:$E$30,J14,$G$5:$G$30,"Corn") -> 0 | L14: =SUMIFS($H$5:$H$30,$E$5:$E$30,J14,$G$5:$G$30,"Soybean") -> 110000 | M14: =K14+L14 -> 110000 | N14: =COUNTIFS($E$5:$E$30,J14) -> 1
A15: 43133 | B15: 43153 | C15: 43146 | D15: Egypt | E15: 2017/2018 | F15: 2017/2018 | G15: Corn | H15: 170000 | J15: 2025/2026 | K15: =SUMIFS($H$5:$H$30,$E$5:$E$30,J15,$G$5:$G$30,"Corn") -> 0 | L15: =SUMIFS($H$5:$H$30,$E$5:$E$30,J15,$G$5:$G$30,"Soybean") -> 338000 | M15: =K15+L15 -> 338000 | N15: =COUNTIFS($E$5:$E$30,J15) -> 3
A16: 43154 | B16: 43174 | C16: 43167 | D16: Egypt | E16: 2017/2018 | F16: 2017/2018 | G16: Corn | H16: 115000 | J16: Total | K16: =SUM(K5:K15) -> 1813000 | L16: =SUM(L5:L15) -> 1502000 | M16: =SUM(M5:M15) -> 3315000 | N16: =SUM(N5:N15) -> 26
A17: 43196 | B17: 43216 | C17: 43209 | D17: Egypt | E17: 2017/2018 | F17: 2017/2018 | G17: Corn | H17: 100000
A18: 43291 | B18: 43307 | C18: 43300 | D18: Egypt | E18: 2017/2018 | F18: 2017/2018 | G18: Corn | H18: 60000
A19: 43291 | B19: 43307 | C19: 43300 | D19: Egypt | E19: 2018/2019 | F19: 2017/2018 | G19: Corn | H19: 53000 | J19: By sale season (Sep 1 – Aug 31, based on the date the sale was made)
A20: 43623 | B20: 43643 | C20: 43636 | D20: Egypt | E20: 2018/2019 | F20: 2018/2019 | G20: Soybean | H20: 55000 | J20: Sale Season | K20: Corn | L20: Soybean | M20: Total | N20: # Sales
A21: 43623 | B21: 43643 | C21: 43636 | D21: Egypt | E21: 2019/2020 | F21: 2018/2019 | G21: Soybean | H21: 55000 | J21: 2010/2011 | K21: =SUMIFS($H$5:$H$30,$F$5:$F$30,J21,$G$5:$G$30,"Corn") -> 120000 | L21: =SUMIFS($H$5:$H$30,$F$5:$F$30,J21,$G$5:$G$30,"Soybean") -> 0 | M21: =K21+L21 -> 120000 | N21: =COUNTIFS($F$5:$F$30,J21) -> 1
A22: 43864 | B22: 43881 | C22: 43874 | D22: Egypt | E22: 2019/2020 | F22: 2019/2020 | G22: Soybean | H22: 130000 | J22: 2011/2012 | K22: =SUMIFS($H$5:$H$30,$F$5:$F$30,J22,$G$5:$G$30,"Corn") -> 240000 | L22: =SUMIFS($H$5:$H$30,$F$5:$F$30,J22,$G$5:$G$30,"Soybean") -> 0 | M22: =K22+L22 -> 240000 | N22: =COUNTIFS($F$5:$F$30,J22) -> 1
A23: 44105 | B23: 44119 | C23: 44112 | D23: Egypt | E23: 2020/2021 | F23: 2020/2021 | G23: Soybean | H23: 120000 | J23: 2013/2014 | K23: =SUMIFS($H$5:$H$30,$F$5:$F$30,J23,$G$5:$G$30,"Corn") -> 840000 | L23: =SUMIFS($H$5:$H$30,$F$5:$F$30,J23,$G$5:$G$30,"Soybean") -> 234000 | M23: =K23+L23 -> 1074000 | N23: =COUNTIFS($F$5:$F$30,J23) -> 6
A24: 44132 | B24: 44147 | C24: 44140 | D24: Egypt | E24: 2020/2021 | F24: 2020/2021 | G24: Soybean | H24: 110000 | J24: 2017/2018 | K24: =SUMIFS($H$5:$H$30,$F$5:$F$30,J24,$G$5:$G$30,"Corn") -> 613000 | L24: =SUMIFS($H$5:$H$30,$F$5:$F$30,J24,$G$5:$G$30,"Soybean") -> 120000 | M24: =K24+L24 -> 733000 | N24: =COUNTIFS($F$5:$F$30,J24) -> 7
A25: 44504 | B25: 44518 | C25: 44511 | D25: Egypt | E25: 2021/2022 | F25: 2021/2022 | G25: Soybean | H25: 100000 | J25: 2018/2019 | K25: =SUMIFS($H$5:$H$30,$F$5:$F$30,J25,$G$5:$G$30,"Corn") -> 0 | L25: =SUMIFS($H$5:$H$30,$F$5:$F$30,J25,$G$5:$G$30,"Soybean") -> 110000 | M25: =K25+L25 -> 110000 | N25: =COUNTIFS($F$5:$F$30,J25) -> 2
A26: 44704 | B26: 44721 | C26: 44714 | D26: Egypt | E26: 2021/2022 | F26: 2021/2022 | G26: Soybean | H26: 130000 | J26: 2019/2020 | K26: =SUMIFS($H$5:$H$30,$F$5:$F$30,J26,$G$5:$G$30,"Corn") -> 0 | L26: =SUMIFS($H$5:$H$30,$F$5:$F$30,J26,$G$5:$G$30,"Soybean") -> 130000 | M26: =K26+L26 -> 130000 | N26: =COUNTIFS($F$5:$F$30,J26) -> 1
A27: 45834 | B27: 45848 | C27: 45841 | D27: Egypt | E27: 2024/2025 | F27: 2024/2025 | G27: Soybean | H27: 110000 | J27: 2020/2021 | K27: =SUMIFS($H$5:$H$30,$F$5:$F$30,J27,$G$5:$G$30,"Corn") -> 0 | L27: =SUMIFS($H$5:$H$30,$F$5:$F$30,J27,$G$5:$G$30,"Soybean") -> 230000 | M27: =K27+L27 -> 230000 | N27: =COUNTIFS($F$5:$F$30,J27) -> 2
A28: 45957 | B28: 45974 | C28: 45967 | D28: Egypt | E28: 2025/2026 | F28: 2025/2026 | G28: Soybean | H28: 130000 | J28: 2021/2022 | K28: =SUMIFS($H$5:$H$30,$F$5:$F$30,J28,$G$5:$G$30,"Corn") -> 0 | L28: =SUMIFS($H$5:$H$30,$F$5:$F$30,J28,$G$5:$G$30,"Soybean") -> 230000 | M28: =K28+L28 -> 230000 | N28: =COUNTIFS($F$5:$F$30,J28) -> 2
A29: 46020 | B29: 46037 | C29: 46030 | D29: Egypt | E29: 2025/2026 | F29: 2025/2026 | G29: Soybean | H29: 100000 | J29: 2024/2025 | K29: =SUMIFS($H$5:$H$30,$F$5:$F$30,J29,$G$5:$G$30,"Corn") -> 0 | L29: =SUMIFS($H$5:$H$30,$F$5:$F$30,J29,$G$5:$G$30,"Soybean") -> 110000 | M29: =K29+L29 -> 110000 | N29: =COUNTIFS($F$5:$F$30,J29) -> 1
A30: 46065 | B30: 46079 | C30: 46072 | D30: Egypt | E30: 2025/2026 | F30: 2025/2026 | G30: Soybean | H30: 108000 | J30: 2025/2026 | K30: =SUMIFS($H$5:$H$30,$F$5:$F$30,J30,$G$5:$G$30,"Corn") -> 0 | L30: =SUMIFS($H$5:$H$30,$F$5:$F$30,J30,$G$5:$G$30,"Soybean") -> 338000 | M30: =K30+L30 -> 338000 | N30: =COUNTIFS($F$5:$F$30,J30) -> 3
J31: Total | K31: =SUM(K21:K30) -> 1813000 | L31: =SUM(L21:L30) -> 1502000 | M31: =SUM(M21:M30) -> 3315000 | N31: =SUM(N21:N30) -> 26

Sheet Spain
A1: Spain — USDA daily flash sales (metric tonnes)
A2: Detail sorted by sale date. Summaries on the right are formulas over the detail.
J3: By delivery marketing year (USDA "Marketing Year": season the grain ships in)
A4: Sale Date | B4: Reported in | C4: Week Ending Date | D4: Destination | E4: Delivery MY (USDA) | F4: Sale Season (Sep-Aug) | G4: Product | H4: Quantity | J4: Delivery MY | K4: Corn | L4: Soybean | M4: Total | N4: # Sales
A5: 41663 | B5: 41683 | C5: 41676 | D5: Spain | E5: 2013/2014 | F5: 2013/2014 | G5: Corn | H5: 150000 | J5: 2013/2014 | K5: =SUMIFS($H$5:$H$17,$E$5:$E$17,J5,$G$5:$G$17,"Corn") -> 150000 | L5: =SUMIFS($H$5:$H$17,$E$5:$E$17,J5,$G$5:$G$17,"Soybean") -> 0 | M5: =K5+L5 -> 150000 | N5: =COUNTIFS($E$5:$E$17,J5) -> 1
A6: 43028 | B6: 43048 | C6: 43041 | D6: Spain | E6: 2017/2018 | F6: 2017/2018 | G6: Corn | H6: 120000 | J6: 2017/2018 | K6: =SUMIFS($H$5:$H$17,$E$5:$E$17,J6,$G$5:$G$17,"Corn") -> 384000 | L6: =SUMIFS($H$5:$H$17,$E$5:$E$17,J6,$G$5:$G$17,"Soybean") -> 0 | M6: =K6+L6 -> 384000 | N6: =COUNTIFS($E$5:$E$17,J6) -> 3
A7: 43035 | B7: 43055 | C7: 43048 | D7: Spain | E7: 2017/2018 | F7: 2017/2018 | G7: Corn | H7: 132000 | J7: 2022/2023 | K7: =SUMIFS($H$5:$H$17,$E$5:$E$17,J7,$G$5:$G$17,"Corn") -> 0 | L7: =SUMIFS($H$5:$H$17,$E$5:$E$17,J7,$G$5:$G$17,"Soybean") -> 363000 | M7: =K7+L7 -> 363000 | N7: =COUNTIFS($E$5:$E$17,J7) -> 2
A8: 43130 | B8: 43146 | C8: 43139 | D8: Spain | E8: 2017/2018 | F8: 2017/2018 | G8: Corn | H8: 132000 | J8: 2023/2024 | K8: =SUMIFS($H$5:$H$17,$E$5:$E$17,J8,$G$5:$G$17,"Corn") -> 220000 | L8: =SUMIFS($H$5:$H$17,$E$5:$E$17,J8,$G$5:$G$17,"Soybean") -> 0 | M8: =K8+L8 -> 220000 | N8: =COUNTIFS($E$5:$E$17,J8) -> 2
A9: 44862 | B9: 44882 | C9: 44875 | D9: Spain | E9: 2022/2023 | F9: 2022/2023 | G9: Soybean | H9: 198000 | J9: 2024/2025 | K9: =SUMIFS($H$5:$H$17,$E$5:$E$17,J9,$G$5:$G$17,"Corn") -> 360000 | L9: =SUMIFS($H$5:$H$17,$E$5:$E$17,J9,$G$5:$G$17,"Soybean") -> 187000 | M9: =K9+L9 -> 547000 | N9: =COUNTIFS($E$5:$E$17,J9) -> 3
A10: 45083 | B10: 45099 | C10: 45092 | D10: Spain | E10: 2022/2023 | F10: 2022/2023 | G10: Soybean | H10: 165000 | J10: 2025/2026 | K10: =SUMIFS($H$5:$H$17,$E$5:$E$17,J10,$G$5:$G$17,"Corn") -> 272452 | L10: =SUMIFS($H$5:$H$17,$E$5:$E$17,J10,$G$5:$G$17,"Soybean") -> 0 | M10: =K10+L10 -> 272452 | N10: =COUNTIFS($E$5:$E$17,J10) -> 2
A11: 45433 | B11: 45449 | C11: 45442 | D11: Spain | E11: 2023/2024 | F11: 2023/2024 | G11: Corn | H11: 110000 | J11: Total | K11: =SUM(K5:K10) -> 1386452 | L11: =SUM(L5:L10) -> 550000 | M11: =SUM(M5:M10) -> 1936452 | N11: =SUM(N5:N10) -> 13
A12: 45446 | B12: 45463 | C12: 45456 | D12: Spain | E12: 2023/2024 | F12: 2023/2024 | G12: Corn | H12: 110000
A13: 45643 | B13: 45659 | C13: 45652 | D13: Spain | E13: 2024/2025 | F13: 2024/2025 | G13: Soybean | H13: 187000
A14: 45755 | B14: 45771 | C14: 45764 | D14: Spain | E14: 2024/2025 | F14: 2024/2025 | G14: Corn | H14: 240000 | J14: By sale season (Sep 1 – Aug 31, based on the date the sale was made)
A15: 45776 | B15: 45792 | C15: 45785 | D15: Spain | E15: 2024/2025 | F15: 2024/2025 | G15: Corn | H15: 120000 | J15: Sale Season | K15: Corn | L15: Soybean | M15: Total | N15: # Sales
A16: 45883 | B16: 45897 | C16: 45890 | D16: Spain | E16: 2025/2026 | F16: 2024/2025 | G16: Corn | H16: 132000 | J16: 2013/2014 | K16: =SUMIFS($H$5:$H$17,$F$5:$F$17,J16,$G$5:$G$17,"Corn") -> 150000 | L16: =SUMIFS($H$5:$H$17,$F$5:$F$17,J16,$G$5:$G$17,"Soybean") -> 0 | M16: =K16+L16 -> 150000 | N16: =COUNTIFS($F$5:$F$17,J16) -> 1
A17: 45891 | B17: 45911 | C17: 45904 | D17: Spain | E17: 2025/2026 | F17: 2024/2025 | G17: Corn | H17: 140452 | J17: 2017/2018 | K17: =SUMIFS($H$5:$H$17,$F$5:$F$17,J17,$G$5:$G$17,"Corn") -> 384000 | L17: =SUMIFS($H$5:$H$17,$F$5:$F$17,J17,$G$5:$G$17,"Soybean") -> 0 | M17: =K17+L17 -> 384000 | N17: =COUNTIFS($F$5:$F$17,J17) -> 3
J18: 2022/2023 | K18: =SUMIFS($H$5:$H$17,$F$5:$F$17,J18,$G$5:$G$17,"Corn") -> 0 | L18: =SUMIFS($H$5:$H$17,$F$5:$F$17,J18,$G$5:$G$17,"Soybean") -> 363000 | M18: =K18+L18 -> 363000 | N18: =COUNTIFS($F$5:$F$17,J18) -> 2
J19: 2023/2024 | K19: =SUMIFS($H$5:$H$17,$F$5:$F$17,J19,$G$5:$G$17,"Corn") -> 220000 | L19: =SUMIFS($H$5:$H$17,$F$5:$F$17,J19,$G$5:$G$17,"Soybean") -> 0 | M19: =K19+L19 -> 220000 | N19: =COUNTIFS($F$5:$F$17,J19) -> 2
J20: 2024/2025 | K20: =SUMIFS($H$5:$H$17,$F$5:$F$17,J20,$G$5:$G$17,"Corn") -> 632452 | L20: =SUMIFS($H$5:$H$17,$F$5:$F$17,J20,$G$5:$G$17,"Soybean") -> 187000 | M20: =K20+L20 -> 819452 | N20: =COUNTIFS($F$5:$F$17,J20) -> 5
J21: Total | K21: =SUM(K16:K20) -> 1386452 | L21: =SUM(L16:L20) -> 550000 | M21: =SUM(M16:M20) -> 1936452 | N21: =SUM(N16:N20) -> 13

Sheet Taiwan
A1: Taiwan — USDA daily flash sales (metric tonnes)
A2: Detail sorted by sale date. Summaries on the right are formulas over the detail.
J3: By delivery marketing year (USDA "Marketing Year": season the grain ships in)
A4: Sale Date | B4: Reported in | C4: Week Ending Date | D4: Destination | E4: Delivery MY (USDA) | F4: Sale Season (Sep-Aug) | G4: Product | H4: Quantity | J4: Delivery MY | K4: Corn | L4: Soybean | M4: Total | N4: # Sales
A5: 41572 | B5: 41592 | C5: 41585 | D5: Taiwan | E5: 2013/2014 | F5: 2013/2014 | G5: Soybean | H5: 120000 | J5: 2013/2014 | K5: =SUMIFS($H$5:$H$14,$E$5:$E$14,J5,$G$5:$G$14,"Corn") -> 0 | L5: =SUMIFS($H$5:$H$14,$E$5:$E$14,J5,$G$5:$G$14,"Soybean") -> 120000 | M5: =K5+L5 -> 120000 | N5: =COUNTIFS($E$5:$E$14,J5) -> 1
A6: 42453 | B6: 42467 | C6: 42460 | D6: Taiwan | E6: 2015/2016 | F6: 2015/2016 | G6: Corn | H6: 260000 | J6: 2015/2016 | K6: =SUMIFS($H$5:$H$14,$E$5:$E$14,J6,$G$5:$G$14,"Corn") -> 445000 | L6: =SUMIFS($H$5:$H$14,$E$5:$E$14,J6,$G$5:$G$14,"Soybean") -> 0 | M6: =K6+L6 -> 445000 | N6: =COUNTIFS($E$5:$E$14,J6) -> 3
A7: 42516 | B7: 42530 | C7: 42523 | D7: Taiwan | E7: 2015/2016 | F7: 2015/2016 | G7: Corn | H7: 65000 | J7: 2016/2017 | K7: =SUMIFS($H$5:$H$14,$E$5:$E$14,J7,$G$5:$G$14,"Corn") -> 195000 | L7: =SUMIFS($H$5:$H$14,$E$5:$E$14,J7,$G$5:$G$14,"Soybean") -> 118000 | M7: =K7+L7 -> 313000 | N7: =COUNTIFS($E$5:$E$14,J7) -> 3
A8: 42516 | B8: 42530 | C8: 42523 | D8: Taiwan | E8: 2016/2017 | F8: 2015/2016 | G8: Corn | H8: 65000 | J8: 2022/2023 | K8: =SUMIFS($H$5:$H$14,$E$5:$E$14,J8,$G$5:$G$14,"Corn") -> 0 | L8: =SUMIFS($H$5:$H$14,$E$5:$E$14,J8,$G$5:$G$14,"Soybean") -> 104000 | M8: =K8+L8 -> 104000 | N8: =COUNTIFS($E$5:$E$14,J8) -> 1
A9: 42521 | B9: 42537 | C9: 42530 | D9: Taiwan | E9: 2015/2016 | F9: 2015/2016 | G9: Corn | H9: 120000 | J9: 2023/2024 | K9: =SUMIFS($H$5:$H$14,$E$5:$E$14,J9,$G$5:$G$14,"Corn") -> 110000 | L9: =SUMIFS($H$5:$H$14,$E$5:$E$14,J9,$G$5:$G$14,"Soybean") -> 0 | M9: =K9+L9 -> 110000 | N9: =COUNTIFS($E$5:$E$14,J9) -> 1
A10: 42634 | B10: 42649 | C10: 42642 | D10: Taiwan | E10: 2016/2017 | F10: 2016/2017 | G10: Soybean | H10: 118000 | J10: 2024/2025 | K10: =SUMIFS($H$5:$H$14,$E$5:$E$14,J10,$G$5:$G$14,"Corn") -> 135000 | L10: =SUMIFS($H$5:$H$14,$E$5:$E$14,J10,$G$5:$G$14,"Soybean") -> 0 | M10: =K10+L10 -> 135000 | N10: =COUNTIFS($E$5:$E$14,J10) -> 1
A11: 42745 | B11: 42761 | C11: 42754 | D11: Taiwan | E11: 2016/2017 | F11: 2016/2017 | G11: Corn | H11: 130000 | J11: Total | K11: =SUM(K5:K10) -> 885000 | L11: =SUM(L5:L10) -> 342000 | M11: =SUM(M5:M10) -> 1227000 | N11: =SUM(N5:N10) -> 10
A12: 44813 | B12: 44833 | C12: 44826 | D12: Taiwan | E12: 2022/2023 | F12: 2022/2023 | G12: Soybean | H12: 104000
A13: 45355 | B13: 45372 | C13: 45365 | D13: Taiwan | E13: 2023/2024 | F13: 2023/2024 | G13: Corn | H13: 110000
A14: 45673 | B14: 45687 | C14: 45680 | D14: Taiwan | E14: 2024/2025 | F14: 2024/2025 | G14: Corn | H14: 135000 | J14: By sale season (Sep 1 – Aug 31, based on the date the sale was made)
J15: Sale Season | K15: Corn | L15: Soybean | M15: Total | N15: # Sales
J16: 2013/2014 | K16: =SUMIFS($H$5:$H$14,$F$5:$F$14,J16,$G$5:$G$14,"Corn") -> 0 | L16: =SUMIFS($H$5:$H$14,$F$5:$F$14,J16,$G$5:$G$14,"Soybean") -> 120000 | M16: =K16+L16 -> 120000 | N16: =COUNTIFS($F$5:$F$14,J16) -> 1
J17: 2015/2016 | K17: =SUMIFS($H$5:$H$14,$F$5:$F$14,J17,$G$5:$G$14,"Corn") -> 510000 | L17: =SUMIFS($H$5:$H$14,$F$5:$F$14,J17,$G$5:$G$14,"Soybean") -> 0 | M17: =K17+L17 -> 510000 | N17: =COUNTIFS($F$5:$F$14,J17) -> 4
J18: 2016/2017 | K18: =SUMIFS($H$5:$H$14,$F$5:$F$14,J18,$G$5:$G$14,"Corn") -> 130000 | L18: =SUMIFS($H$5:$H$14,$F$5:$F$14,J18,$G$5:$G$14,"Soybean") -> 118000 | M18: =K18+L18 -> 248000 | N18: =COUNTIFS($F$5:$F$14,J18) -> 2
J19: 2022/2023 | K19: =SUMIFS($H$5:$H$14,$F$5:$F$14,J19,$G$5:$G$14,"Corn") -> 0 | L19: =SUMIFS($H$5:$H$14,$F$5:$F$14,J19,$G$5:$G$14,"Soybean") -> 104000 | M19: =K19+L19 -> 104000 | N19: =COUNTIFS($F$5:$F$14,J19) -> 1
J20: 2023/2024 | K20: =SUMIFS($H$5:$H$14,$F$5:$F$14,J20,$G$5:$G$14,"Corn") -> 110000 | L20: =SUMIFS($H$5:$H$14,$F$5:$F$14,J20,$G$5:$G$14,"Soybean") -> 0 | M20: =K20+L20 -> 110000 | N20: =COUNTIFS($F$5:$F$14,J20) -> 1
J21: 2024/2025 | K21: =SUMIFS($H$5:$H$14,$F$5:$F$14,J21,$G$5:$G$14,"Corn") -> 135000 | L21: =SUMIFS($H$5:$H$14,$F$5:$F$14,J21,$G$5:$G$14,"Soybean") -> 0 | M21: =K21+L21 -> 135000 | N21: =COUNTIFS($F$5:$F$14,J21) -> 1
J22: Total | K22: =SUM(K16:K21) -> 885000 | L22: =SUM(L16:L21) -> 342000 | M22: =SUM(M16:M21) -> 1227000 | N22: =SUM(N16:N21) -> 10

Sheet Costa Rica
A1: Costa Rica — USDA daily flash sales (metric tonnes)
A2: Detail sorted by sale date. Summaries on the right are formulas over the detail.
J3: By delivery marketing year (USDA "Marketing Year": season the grain ships in)
A4: Sale Date | B4: Reported in | C4: Week Ending Date | D4: Destination | E4: Delivery MY (USDA) | F4: Sale Season (Sep-Aug) | G4: Product | H4: Quantity | J4: Delivery MY | K4: Corn | L4: Soybean | M4: Total | N4: # Sales
A5: 42417 | B5: 42432 | C5: 42425 | D5: Costa Rica | E5: 2015/2016 | F5: 2015/2016 | G5: Corn | H5: 106162 | J5: 2015/2016 | K5: =SUMIFS($H$5:$H$11,$E$5:$E$11,J5,$G$5:$G$11,"Corn") -> 106162 | L5: =SUMIFS($H$5:$H$11,$E$5:$E$11,J5,$G$5:$G$11,"Soybean") -> 0 | M5: =K5+L5 -> 106162 | N5: =COUNTIFS($E$5:$E$11,J5) -> 1
A6: 43084 | B6: 43104 | C6: 43097 | D6: Costa Rica | E6: 2017/2018 | F6: 2017/2018 | G6: Corn | H6: 134503 | J6: 2017/2018 | K6: =SUMIFS($H$5:$H$11,$E$5:$E$11,J6,$G$5:$G$11,"Corn") -> 134503 | L6: =SUMIFS($H$5:$H$11,$E$5:$E$11,J6,$G$5:$G$11,"Soybean") -> 0 | M6: =K6+L6 -> 134503 | N6: =COUNTIFS($E$5:$E$11,J6) -> 1
A7: 43356 | B7: 43370 | C7: 43363 | D7: Costa Rica | E7: 2018/2019 | F7: 2018/2019 | G7: Corn | H7: 142876 | J7: 2018/2019 | K7: =SUMIFS($H$5:$H$11,$E$5:$E$11,J7,$G$5:$G$11,"Corn") -> 142876 | L7: =SUMIFS($H$5:$H$11,$E$5:$E$11,J7,$G$5:$G$11,"Soybean") -> 0 | M7: =K7+L7 -> 142876 | N7: =COUNTIFS($E$5:$E$11,J7) -> 1
A8: 44239 | B8: 44259 | C8: 44252 | D8: Costa Rica | E8: 2020/2021 | F8: 2020/2021 | G8: Corn | H8: 135644 | J8: 2020/2021 | K8: =SUMIFS($H$5:$H$11,$E$5:$E$11,J8,$G$5:$G$11,"Corn") -> 135644 | L8: =SUMIFS($H$5:$H$11,$E$5:$E$11,J8,$G$5:$G$11,"Soybean") -> 0 | M8: =K8+L8 -> 135644 | N8: =COUNTIFS($E$5:$E$11,J8) -> 1
A9: 44239 | B9: 44259 | C9: 44252 | D9: Costa Rica | E9: 2021/2022 | F9: 2020/2021 | G9: Corn | H9: 59694 | J9: 2021/2022 | K9: =SUMIFS($H$5:$H$11,$E$5:$E$11,J9,$G$5:$G$11,"Corn") -> 59694 | L9: =SUMIFS($H$5:$H$11,$E$5:$E$11,J9,$G$5:$G$11,"Soybean") -> 0 | M9: =K9+L9 -> 59694 | N9: =COUNTIFS($E$5:$E$11,J9) -> 1
A10: 44729 | B10: 44749 | C10: 44742 | D10: Costa Rica | E10: 2022/2023 | F10: 2021/2022 | G10: Corn | H10: 144907 | J10: 2022/2023 | K10: =SUMIFS($H$5:$H$11,$E$5:$E$11,J10,$G$5:$G$11,"Corn") -> 144907 | L10: =SUMIFS($H$5:$H$11,$E$5:$E$11,J10,$G$5:$G$11,"Soybean") -> 0 | M10: =K10+L10 -> 144907 | N10: =COUNTIFS($E$5:$E$11,J10) -> 1
A11: 45891 | B11: 45911 | C11: 45904 | D11: Costa Rica | E11: 2025/2026 | F11: 2024/2025 | G11: Corn | H11: 119769 | J11: 2025/2026 | K11: =SUMIFS($H$5:$H$11,$E$5:$E$11,J11,$G$5:$G$11,"Corn") -> 119769 | L11: =SUMIFS($H$5:$H$11,$E$5:$E$11,J11,$G$5:$G$11,"Soybean") -> 0 | M11: =K11+L11 -> 119769 | N11: =COUNTIFS($E$5:$E$11,J11) -> 1
J12: Total | K12: =SUM(K5:K11) -> 843555 | L12: =SUM(L5:L11) -> 0 | M12: =SUM(M5:M11) -> 843555 | N12: =SUM(N5:N11) -> 7
J15: By sale season (Sep 1 – Aug 31, based on the date the sale was made)
J16: Sale Season | K16: Corn | L16: Soybean | M16: Total | N16: # Sales
J17: 2015/2016 | K17: =SUMIFS($H$5:$H$11,$F$5:$F$11,J17,$G$5:$G$11,"Corn") -> 106162 | L17: =SUMIFS($H$5:$H$11,$F$5:$F$11,J17,$G$5:$G$11,"Soybean") -> 0 | M17: =K17+L17 -> 106162 | N17: =COUNTIFS($F$5:$F$11,J17) -> 1
J18: 2017/2018 | K18: =SUMIFS($H$5:$H$11,$F$5:$F$11,J18,$G$5:$G$11,"Corn") -> 134503 | L18: =SUMIFS($H$5:$H$11,$F$5:$F$11,J18,$G$5:$G$11,"Soybean") -> 0 | M18: =K18+L18 -> 134503 | N18: =COUNTIFS($F$5:$F$11,J18) -> 1
J19: 2018/2019 | K19: =SUMIFS($H$5:$H$11,$F$5:$F$11,J19,$G$5:$G$11,"Corn") -> 142876 | L19: =SUMIFS($H$5:$H$11,$F$5:$F$11,J19,$G$5:$G$11,"Soybean") -> 0 | M19: =K19+L19 -> 142876 | N19: =COUNTIFS($F$5:$F$11,J19) -> 1
J20: 2020/2021 | K20: =SUMIFS($H$5:$H$11,$F$5:$F$11,J20,$G$5:$G$11,"Corn") -> 195338 | L20: =SUMIFS($H$5:$H$11,$F$5:$F$11,J20,$G$5:$G$11,"Soybean") -> 0 | M20: =K20+L20 -> 195338 | N20: =COUNTIFS($F$5:$F$11,J20) -> 2
J21: 2021/2022 | K21: =SUMIFS($H$5:$H$11,$F$5:$F$11,J21,$G$5:$G$11,"Corn") -> 144907 | L21: =SUMIFS($H$5:$H$11,$F$5:$F$11,J21,$G$5:$G$11,"Soybean") -> 0 | M21: =K21+L21 -> 144907 | N21: =COUNTIFS($F$5:$F$11,J21) -> 1
J22: 2024/2025 | K22: =SUMIFS($H$5:$H$11,$F$5:$F$11,J22,$G$5:$G$11,"Corn") -> 119769 | L22: =SUMIFS($H$5:$H$11,$F$5:$F$11,J22,$G$5:$G$11,"Soybean") -> 0 | M22: =K22+L22 -> 119769 | N22: =COUNTIFS($F$5:$F$11,J22) -> 1
J23: Total | K23: =SUM(K17:K22) -> 843555 | L23: =SUM(L17:L22) -> 0 | M23: =SUM(M17:M22) -> 843555 | N23: =SUM(N17:N22) -> 7

Sheet Guatemala
A1: Guatemala — USDA daily flash sales (metric tonnes)
A2: Detail sorted by sale date. Summaries on the right are formulas over the detail.
J3: By delivery marketing year (USDA "Marketing Year": season the grain ships in)
A4: Sale Date | B4: Reported in | C4: Week Ending Date | D4: Destination | E4: Delivery MY (USDA) | F4: Sale Season (Sep-Aug) | G4: Product | H4: Quantity | J4: Delivery MY | K4: Corn | L4: Soybean | M4: Total | N4: # Sales
A5: 43853 | B5: 43867 | C5: 43860 | D5: Guatemala | E5: 2019/2020 | F5: 2019/2020 | G5: Corn | H5: 114224 | J5: 2019/2020 | K5: =SUMIFS($H$5:$H$11,$E$5:$E$11,J5,$G$5:$G$11,"Corn") -> 114224 | L5: =SUMIFS($H$5:$H$11,$E$5:$E$11,J5,$G$5:$G$11,"Soybean") -> 0 | M5: =K5+L5 -> 114224 | N5: =COUNTIFS($E$5:$E$11,J5) -> 1
A6: 43853 | B6: 43867 | C6: 43860 | D6: Guatemala | E6: 2020/2021 | F6: 2019/2020 | G6: Corn | H6: 29724 | J6: 2020/2021 | K6: =SUMIFS($H$5:$H$11,$E$5:$E$11,J6,$G$5:$G$11,"Corn") -> 145301 | L6: =SUMIFS($H$5:$H$11,$E$5:$E$11,J6,$G$5:$G$11,"Soybean") -> 0 | M6: =K6+L6 -> 145301 | N6: =COUNTIFS($E$5:$E$11,J6) -> 2
A7: 44239 | B7: 44259 | C7: 44252 | D7: Guatemala | E7: 2020/2021 | F7: 2020/2021 | G7: Corn | H7: 115577 | J7: 2021/2022 | K7: =SUMIFS($H$5:$H$11,$E$5:$E$11,J7,$G$5:$G$11,"Corn") -> 275083 | L7: =SUMIFS($H$5:$H$11,$E$5:$E$11,J7,$G$5:$G$11,"Soybean") -> 0 | M7: =K7+L7 -> 275083 | N7: =COUNTIFS($E$5:$E$11,J7) -> 2
A8: 44309 | B8: 44329 | C8: 44322 | D8: Guatemala | E8: 2021/2022 | F8: 2020/2021 | G8: Corn | H8: 136680 | J8: 2023/2024 | K8: =SUMIFS($H$5:$H$11,$E$5:$E$11,J8,$G$5:$G$11,"Corn") -> 124545 | L8: =SUMIFS($H$5:$H$11,$E$5:$E$11,J8,$G$5:$G$11,"Soybean") -> 0 | M8: =K8+L8 -> 124545 | N8: =COUNTIFS($E$5:$E$11,J8) -> 1
A9: 44462 | B9: 44476 | C9: 44469 | D9: Guatemala | E9: 2021/2022 | F9: 2021/2022 | G9: Corn | H9: 138403 | J9: 2025/2026 | K9: =SUMIFS($H$5:$H$11,$E$5:$E$11,J9,$G$5:$G$11,"Corn") -> 105000 | L9: =SUMIFS($H$5:$H$11,$E$5:$E$11,J9,$G$5:$G$11,"Soybean") -> 0 | M9: =K9+L9 -> 105000 | N9: =COUNTIFS($E$5:$E$11,J9) -> 1
A10: 45211 | B10: 45225 | C10: 45218 | D10: Guatemala | E10: 2023/2024 | F10: 2023/2024 | G10: Corn | H10: 124545 | J10: Total | K10: =SUM(K5:K9) -> 764153 | L10: =SUM(L5:L9) -> 0 | M10: =SUM(M5:M9) -> 764153 | N10: =SUM(N5:N9) -> 7
A11: 45876 | B11: 45890 | C11: 45883 | D11: Guatemala | E11: 2025/2026 | F11: 2024/2025 | G11: Corn | H11: 105000
J13: By sale season (Sep 1 – Aug 31, based on the date the sale was made)
J14: Sale Season | K14: Corn | L14: Soybean | M14: Total | N14: # Sales
J15: 2019/2020 | K15: =SUMIFS($H$5:$H$11,$F$5:$F$11,J15,$G$5:$G$11,"Corn") -> 143948 | L15: =SUMIFS($H$5:$H$11,$F$5:$F$11,J15,$G$5:$G$11,"Soybean") -> 0 | M15: =K15+L15 -> 143948 | N15: =COUNTIFS($F$5:$F$11,J15) -> 2
J16: 2020/2021 | K16: =SUMIFS($H$5:$H$11,$F$5:$F$11,J16,$G$5:$G$11,"Corn") -> 252257 | L16: =SUMIFS($H$5:$H$11,$F$5:$F$11,J16,$G$5:$G$11,"Soybean") -> 0 | M16: =K16+L16 -> 252257 | N16: =COUNTIFS($F$5:$F$11,J16) -> 2
J17: 2021/2022 | K17: =SUMIFS($H$5:$H$11,$F$5:$F$11,J17,$G$5:$G$11,"Corn") -> 138403 | L17: =SUMIFS($H$5:$H$11,$F$5:$F$11,J17,$G$5:$G$11,"Soybean") -> 0 | M17: =K17+L17 -> 138403 | N17: =COUNTIFS($F$5:$F$11,J17) -> 1
J18: 2023/2024 | K18: =SUMIFS($H$5:$H$11,$F$5:$F$11,J18,$G$5:$G$11,"Corn") -> 124545 | L18: =SUMIFS($H$5:$H$11,$F$5:$F$11,J18,$G$5:$G$11,"Soybean") -> 0 | M18: =K18+L18 -> 124545 | N18: =COUNTIFS($F$5:$F$11,J18) -> 1
J19: 2024/2025 | K19: =SUMIFS($H$5:$H$11,$F$5:$F$11,J19,$G$5:$G$11,"Corn") -> 105000 | L19: =SUMIFS($H$5:$H$11,$F$5:$F$11,J19,$G$5:$G$11,"Soybean") -> 0 | M19: =K19+L19 -> 105000 | N19: =COUNTIFS($F$5:$F$11,J19) -> 1
J20: Total | K20: =SUM(K15:K19) -> 764153 | L20: =SUM(L15:L19) -> 0 | M20: =SUM(M15:M19) -> 764153 | N20: =SUM(N15:N19) -> 7

Sheet Saudi Arabia
A1: Saudi Arabia — USDA daily flash sales (metric tonnes)
A2: Detail sorted by sale date. Summaries on the right are formulas over the detail.
J3: By delivery marketing year (USDA "Marketing Year": season the grain ships in)
A4: Sale Date | B4: Reported in | C4: Week Ending Date | D4: Destination | E4: Delivery MY (USDA) | F4: Sale Season (Sep-Aug) | G4: Product | H4: Quantity | J4: Delivery MY | K4: Corn | L4: Soybean | M4: Total | N4: # Sales
A5: 42062 | B5: 42082 | C5: 42075 | D5: Saudi Arabia | E5: 2014/2015 | F5: 2014/2015 | G5: Corn | H5: 140000 | J5: 2014/2015 | K5: =SUMIFS($H$5:$H$10,$E$5:$E$10,J5,$G$5:$G$10,"Corn") -> 140000 | L5: =SUMIFS($H$5:$H$10,$E$5:$E$10,J5,$G$5:$G$10,"Soybean") -> 0 | M5: =K5+L5 -> 140000 | N5: =COUNTIFS($E$5:$E$10,J5) -> 1
A6: 42501 | B6: 42516 | C6: 42509 | D6: Saudi Arabia | E6: 2015/2016 | F6: 2015/2016 | G6: Corn | H6: 210000 | J6: 2015/2016 | K6: =SUMIFS($H$5:$H$10,$E$5:$E$10,J6,$G$5:$G$10,"Corn") -> 210000 | L6: =SUMIFS($H$5:$H$10,$E$5:$E$10,J6,$G$5:$G$10,"Soybean") -> 0 | M6: =K6+L6 -> 210000 | N6: =COUNTIFS($E$5:$E$10,J6) -> 1
A7: 42684 | B7: 42698 | C7: 42691 | D7: Saudi Arabia | E7: 2016/2017 | F7: 2016/2017 | G7: Corn | H7: 140000 | J7: 2016/2017 | K7: =SUMIFS($H$5:$H$10,$E$5:$E$10,J7,$G$5:$G$10,"Corn") -> 140000 | L7: =SUMIFS($H$5:$H$10,$E$5:$E$10,J7,$G$5:$G$10,"Soybean") -> 0 | M7: =K7+L7 -> 140000 | N7: =COUNTIFS($E$5:$E$10,J7) -> 1
A8: 43243 | B8: 43258 | C8: 43251 | D8: Saudi Arabia | E8: 2017/2018 | F8: 2017/2018 | G8: Corn | H8: 70000 | J8: 2017/2018 | K8: =SUMIFS($H$5:$H$10,$E$5:$E$10,J8,$G$5:$G$10,"Corn") -> 70000 | L8: =SUMIFS($H$5:$H$10,$E$5:$E$10,J8,$G$5:$G$10,"Soybean") -> 0 | M8: =K8+L8 -> 70000 | N8: =COUNTIFS($E$5:$E$10,J8) -> 1
A9: 43243 | B9: 43258 | C9: 43251 | D9: Saudi Arabia | E9: 2018/2019 | F9: 2017/2018 | G9: Corn | H9: 70000 | J9: 2018/2019 | K9: =SUMIFS($H$5:$H$10,$E$5:$E$10,J9,$G$5:$G$10,"Corn") -> 70000 | L9: =SUMIFS($H$5:$H$10,$E$5:$E$10,J9,$G$5:$G$10,"Soybean") -> 0 | M9: =K9+L9 -> 70000 | N9: =COUNTIFS($E$5:$E$10,J9) -> 1
A10: 43822 | B10: 43839 | C10: 43832 | D10: Saudi Arabia | E10: 2019/2020 | F10: 2019/2020 | G10: Soybean | H10: 66000 | J10: 2019/2020 | K10: =SUMIFS($H$5:$H$10,$E$5:$E$10,J10,$G$5:$G$10,"Corn") -> 0 | L10: =SUMIFS($H$5:$H$10,$E$5:$E$10,J10,$G$5:$G$10,"Soybean") -> 66000 | M10: =K10+L10 -> 66000 | N10: =COUNTIFS($E$5:$E$10,J10) -> 1
J11: Total | K11: =SUM(K5:K10) -> 630000 | L11: =SUM(L5:L10) -> 66000 | M11: =SUM(M5:M10) -> 696000 | N11: =SUM(N5:N10) -> 6
J14: By sale season (Sep 1 – Aug 31, based on the date the sale was made)
J15: Sale Season | K15: Corn | L15: Soybean | M15: Total | N15: # Sales
J16: 2014/2015 | K16: =SUMIFS($H$5:$H$10,$F$5:$F$10,J16,$G$5:$G$10,"Corn") -> 140000 | L16: =SUMIFS($H$5:$H$10,$F$5:$F$10,J16,$G$5:$G$10,"Soybean") -> 0 | M16: =K16+L16 -> 140000 | N16: =COUNTIFS($F$5:$F$10,J16) -> 1
J17: 2015/2016 | K17: =SUMIFS($H$5:$H$10,$F$5:$F$10,J17,$G$5:$G$10,"Corn") -> 210000 | L17: =SUMIFS($H$5:$H$10,$F$5:$F$10,J17,$G$5:$G$10,"Soybean") -> 0 | M17: =K17+L17 -> 210000 | N17: =COUNTIFS($F$5:$F$10,J17) -> 1
J18: 2016/2017 | K18: =SUMIFS($H$5:$H$10,$F$5:$F$10,J18,$G$5:$G$10,"Corn") -> 140000 | L18: =SUMIFS($H$5:$H$10,$F$5:$F$10,J18,$G$5:$G$10,"Soybean") -> 0 | M18: =K18+L18 -> 140000 | N18: =COUNTIFS($F$5:$F$10,J18) -> 1
J19: 2017/2018 | K19: =SUMIFS($H$5:$H$10,$F$5:$F$10,J19,$G$5:$G$10,"Corn") -> 140000 | L19: =SUMIFS($H$5:$H$10,$F$5:$F$10,J19,$G$5:$G$10,"Soybean") -> 0 | M19: =K19+L19 -> 140000 | N19: =COUNTIFS($F$5:$F$10,J19) -> 2
J20: 2019/2020 | K20: =SUMIFS($H$5:$H$10,$F$5:$F$10,J20,$G$5:$G$10,"Corn") -> 0 | L20: =SUMIFS($H$5:$H$10,$F$5:$F$10,J20,$G$5:$G$10,"Soybean") -> 66000 | M20: =K20+L20 -> 66000 | N20: =COUNTIFS($F$5:$F$10,J20) -> 1
J21: Total | K21: =SUM(K16:K20) -> 630000 | L21: =SUM(L16:L20) -> 66000 | M21: =SUM(M16:M20) -> 696000 | N21: =SUM(N16:N20) -> 6

Sheet Argentina
A1: Argentina — USDA daily flash sales (metric tonnes)
A2: Detail sorted by sale date. Summaries on the right are formulas over the detail.
J3: By delivery marketing year (USDA "Marketing Year": season the grain ships in)
A4: Sale Date | B4: Reported in | C4: Week Ending Date | D4: Destination | E4: Delivery MY (USDA) | F4: Sale Season (Sep-Aug) | G4: Product | H4: Quantity | J4: Delivery MY | K4: Corn | L4: Soybean | M4: Total | N4: # Sales
A5: 43200 | B5: 43216 | C5: 43209 | D5: Argentina | E5: 2018/2019 | F5: 2017/2018 | G5: Soybean | H5: 120000 | J5: 2017/2018 | K5: =SUMIFS($H$5:$H$10,$E$5:$E$10,J5,$G$5:$G$10,"Corn") -> 80000 | L5: =SUMIFS($H$5:$H$10,$E$5:$E$10,J5,$G$5:$G$10,"Soybean") -> 60000 | M5: =K5+L5 -> 140000 | N5: =COUNTIFS($E$5:$E$10,J5) -> 2
A6: 43201 | B6: 43216 | C6: 43209 | D6: Argentina | E6: 2018/2019 | F6: 2017/2018 | G6: Soybean | H6: 120000 | J6: 2018/2019 | K6: =SUMIFS($H$5:$H$10,$E$5:$E$10,J6,$G$5:$G$10,"Corn") -> 0 | L6: =SUMIFS($H$5:$H$10,$E$5:$E$10,J6,$G$5:$G$10,"Soybean") -> 430000 | M6: =K6+L6 -> 430000 | N6: =COUNTIFS($E$5:$E$10,J6) -> 4
A7: 43214 | B7: 43230 | C7: 43223 | D7: Argentina | E7: 2017/2018 | F7: 2017/2018 | G7: Soybean | H7: 60000 | J7: Total | K7: =SUM(K5:K6) -> 80000 | L7: =SUM(L5:L6) -> 490000 | M7: =SUM(M5:M6) -> 570000 | N7: =SUM(N5:N6) -> 6
A8: 43214 | B8: 43230 | C8: 43223 | D8: Argentina | E8: 2018/2019 | F8: 2017/2018 | G8: Soybean | H8: 70000
A9: 43220 | B9: 43237 | C9: 43230 | D9: Argentina | E9: 2018/2019 | F9: 2017/2018 | G9: Soybean | H9: 120000
A10: 43301 | B10: 43321 | C10: 43314 | D10: Argentina | E10: 2017/2018 | F10: 2017/2018 | G10: Corn | H10: 80000 | J10: By sale season (Sep 1 – Aug 31, based on the date the sale was made)
J11: Sale Season | K11: Corn | L11: Soybean | M11: Total | N11: # Sales
J12: 2017/2018 | K12: =SUMIFS($H$5:$H$10,$F$5:$F$10,J12,$G$5:$G$10,"Corn") -> 80000 | L12: =SUMIFS($H$5:$H$10,$F$5:$F$10,J12,$G$5:$G$10,"Soybean") -> 490000 | M12: =K12+L12 -> 570000 | N12: =COUNTIFS($F$5:$F$10,J12) -> 6
J13: Total | K13: =SUM(K12:K12) -> 80000 | L13: =SUM(L12:L12) -> 490000 | M13: =SUM(M12:M12) -> 570000 | N13: =SUM(N12:N12) -> 6

Sheet Pakistan
A1: Pakistan — USDA daily flash sales (metric tonnes)
A2: Detail sorted by sale date. Summaries on the right are formulas over the detail.
J3: By delivery marketing year (USDA "Marketing Year": season the grain ships in)
A4: Sale Date | B4: Reported in | C4: Week Ending Date | D4: Destination | E4: Delivery MY (USDA) | F4: Sale Season (Sep-Aug) | G4: Product | H4: Quantity | J4: Delivery MY | K4: Corn | L4: Soybean | M4: Total | N4: # Sales
A5: 43299 | B5: 43314 | C5: 43307 | D5: Pakistan | E5: 2018/2019 | F5: 2017/2018 | G5: Soybean | H5: 199500 | J5: 2018/2019 | K5: =SUMIFS($H$5:$H$10,$E$5:$E$10,J5,$G$5:$G$10,"Corn") -> 0 | L5: =SUMIFS($H$5:$H$10,$E$5:$E$10,J5,$G$5:$G$10,"Soybean") -> 199500 | M5: =K5+L5 -> 199500 | N5: =COUNTIFS($E$5:$E$10,J5) -> 1
A6: 44095 | B6: 44112 | C6: 44105 | D6: Pakistan | E6: 2020/2021 | F6: 2020/2021 | G6: Soybean | H6: 132000 | J6: 2020/2021 | K6: =SUMIFS($H$5:$H$10,$E$5:$E$10,J6,$G$5:$G$10,"Corn") -> 0 | L6: =SUMIFS($H$5:$H$10,$E$5:$E$10,J6,$G$5:$G$10,"Soybean") -> 132000 | M6: =K6+L6 -> 132000 | N6: =COUNTIFS($E$5:$E$10,J6) -> 1
A7: 44714 | B7: 44728 | C7: 44721 | D7: Pakistan | E7: 2021/2022 | F7: 2021/2022 | G7: Soybean | H7: 55000 | J7: 2021/2022 | K7: =SUMIFS($H$5:$H$10,$E$5:$E$10,J7,$G$5:$G$10,"Corn") -> 0 | L7: =SUMIFS($H$5:$H$10,$E$5:$E$10,J7,$G$5:$G$10,"Soybean") -> 55000 | M7: =K7+L7 -> 55000 | N7: =COUNTIFS($E$5:$E$10,J7) -> 1
A8: 44714 | B8: 44728 | C8: 44721 | D8: Pakistan | E8: 2022/2023 | F8: 2021/2022 | G8: Soybean | H8: 297000 | J8: 2022/2023 | K8: =SUMIFS($H$5:$H$10,$E$5:$E$10,J8,$G$5:$G$10,"Corn") -> 0 | L8: =SUMIFS($H$5:$H$10,$E$5:$E$10,J8,$G$5:$G$10,"Soybean") -> 297000 | M8: =K8+L8 -> 297000 | N8: =COUNTIFS($E$5:$E$10,J8) -> 1
A9: 45785 | B9: 45799 | C9: 45792 | D9: Pakistan | E9: 2025/2026 | F9: 2024/2025 | G9: Soybean | H9: 225000 | J9: 2025/2026 | K9: =SUMIFS($H$5:$H$10,$E$5:$E$10,J9,$G$5:$G$10,"Corn") -> 0 | L9: =SUMIFS($H$5:$H$10,$E$5:$E$10,J9,$G$5:$G$10,"Soybean") -> 345000 | M9: =K9+L9 -> 345000 | N9: =COUNTIFS($E$5:$E$10,J9) -> 2
A10: 45786 | B10: 45806 | C10: 45799 | D10: Pakistan | E10: 2025/2026 | F10: 2024/2025 | G10: Soybean | H10: 120000 | J10: Total | K10: =SUM(K5:K9) -> 0 | L10: =SUM(L5:L9) -> 1028500 | M10: =SUM(M5:M9) -> 1028500 | N10: =SUM(N5:N9) -> 6
J13: By sale season (Sep 1 – Aug 31, based on the date the sale was made)
J14: Sale Season | K14: Corn | L14: Soybean | M14: Total | N14: # Sales
J15: 2017/2018 | K15: =SUMIFS($H$5:$H$10,$F$5:$F$10,J15,$G$5:$G$10,"Corn") -> 0 | L15: =SUMIFS($H$5:$H$10,$F$5:$F$10,J15,$G$5:$G$10,"Soybean") -> 199500 | M15: =K15+L15 -> 199500 | N15: =COUNTIFS($F$5:$F$10,J15) -> 1
J16: 2020/2021 | K16: =SUMIFS($H$5:$H$10,$F$5:$F$10,J16,$G$5:$G$10,"Corn") -> 0 | L16: =SUMIFS($H$5:$H$10,$F$5:$F$10,J16,$G$5:$G$10,"Soybean") -> 132000 | M16: =K16+L16 -> 132000 | N16: =COUNTIFS($F$5:$F$10,J16) -> 1
J17: 2021/2022 | K17: =SUMIFS($H$5:$H$10,$F$5:$F$10,J17,$G$5:$G$10,"Corn") -> 0 | L17: =SUMIFS($H$5:$H$10,$F$5:$F$10,J17,$G$5:$G$10,"Soybean") -> 352000 | M17: =K17+L17 -> 352000 | N17: =COUNTIFS($F$5:$F$10,J17) -> 2
J18: 2024/2025 | K18: =SUMIFS($H$5:$H$10,$F$5:$F$10,J18,$G$5:$G$10,"Corn") -> 0 | L18: =SUMIFS($H$5:$H$10,$F$5:$F$10,J18,$G$5:$G$10,"Soybean") -> 345000 | M18: =K18+L18 -> 345000 | N18: =COUNTIFS($F$5:$F$10,J18) -> 2
J19: Total | K19: =SUM(K15:K18) -> 0 | L19: =SUM(L15:L18) -> 1028500 | M19: =SUM(M15:M18) -> 1028500 | N19: =SUM(N15:N18) -> 6

Sheet Other
A1: Other destinations — USDA daily flash sales (metric tonnes)
A2: Destinations with 3 or fewer sales: Bangladesh, Barbados, Israel, Italy, Netherlands, Panama, Peru, Portugal, Russian Federation, Vietnam
J3: By delivery marketing year (USDA "Marketing Year": season the grain ships in)
A4: Sale Date | B4: Reported in | C4: Week Ending Date | D4: Destination | E4: Delivery MY (USDA) | F4: Sale Season (Sep-Aug) | G4: Product | H4: Quantity | J4: Delivery MY | K4: Corn | L4: Soybean | M4: Total | N4: # Sales
A5: 41570 | B5: 41585 | C5: 41578 | D5: Russian Federation | E5: 2013/2014 | F5: 2013/2014 | G5: Soybean | H5: 120000 | J5: 2013/2014 | K5: =SUMIFS($H$5:$H$19,$E$5:$E$19,J5,$G$5:$G$19,"Corn") -> 0 | L5: =SUMIFS($H$5:$H$19,$E$5:$E$19,J5,$G$5:$G$19,"Soybean") -> 120000 | M5: =K5+L5 -> 120000 | N5: =COUNTIFS($E$5:$E$19,J5) -> 1
A6: 42373 | B6: 42390 | C6: 42383 | D6: Netherlands | E6: 2015/2016 | F6: 2015/2016 | G6: Soybean | H6: 217000 | J6: 2015/2016 | K6: =SUMIFS($H$5:$H$19,$E$5:$E$19,J6,$G$5:$G$19,"Corn") -> 132000 | L6: =SUMIFS($H$5:$H$19,$E$5:$E$19,J6,$G$5:$G$19,"Soybean") -> 217000 | M6: =K6+L6 -> 349000 | N6: =COUNTIFS($E$5:$E$19,J6) -> 2
A7: 42496 | B7: 42516 | C7: 42509 | D7: Israel | E7: 2015/2016 | F7: 2015/2016 | G7: Corn | H7: 132000 | J7: 2016/2017 | K7: =SUMIFS($H$5:$H$19,$E$5:$E$19,J7,$G$5:$G$19,"Corn") -> 100973 | L7: =SUMIFS($H$5:$H$19,$E$5:$E$19,J7,$G$5:$G$19,"Soybean") -> 110000 | M7: =K7+L7 -> 210973 | N7: =COUNTIFS($E$5:$E$19,J7) -> 2
A8: 42674 | B8: 42691 | C8: 42684 | D8: Barbados | E8: 2016/2017 | F8: 2016/2017 | G8: Corn | H8: 100973 | J8: 2017/2018 | K8: =SUMIFS($H$5:$H$19,$E$5:$E$19,J8,$G$5:$G$19,"Corn") -> 110000 | L8: =SUMIFS($H$5:$H$19,$E$5:$E$19,J8,$G$5:$G$19,"Soybean") -> 0 | M8: =K8+L8 -> 110000 | N8: =COUNTIFS($E$5:$E$19,J8) -> 1
A9: 42912 | B9: 42929 | C9: 42922 | D9: Bangladesh | E9: 2016/2017 | F9: 2016/2017 | G9: Soybean | H9: 110000 | J9: 2018/2019 | K9: =SUMIFS($H$5:$H$19,$E$5:$E$19,J9,$G$5:$G$19,"Corn") -> 247000 | L9: =SUMIFS($H$5:$H$19,$E$5:$E$19,J9,$G$5:$G$19,"Soybean") -> 0 | M9: =K9+L9 -> 247000 | N9: =COUNTIFS($E$5:$E$19,J9) -> 2
A10: 43179 | B10: 43195 | C10: 43188 | D10: Peru | E10: 2017/2018 | F10: 2017/2018 | G10: Corn | H10: 110000 | J10: 2019/2020 | K10: =SUMIFS($H$5:$H$19,$E$5:$E$19,J10,$G$5:$G$19,"Corn") -> 104100 | L10: =SUMIFS($H$5:$H$19,$E$5:$E$19,J10,$G$5:$G$19,"Soybean") -> 154500 | M10: =K10+L10 -> 258600 | N10: =COUNTIFS($E$5:$E$19,J10) -> 2
A11: 43273 | B11: 43293 | C11: 43286 | D11: Panama | E11: 2018/2019 | F11: 2017/2018 | G11: Corn | H11: 117000 | J11: 2020/2021 | K11: =SUMIFS($H$5:$H$19,$E$5:$E$19,J11,$G$5:$G$19,"Corn") -> 100000 | L11: =SUMIFS($H$5:$H$19,$E$5:$E$19,J11,$G$5:$G$19,"Soybean") -> 55000 | M11: =K11+L11 -> 155000 | N11: =COUNTIFS($E$5:$E$19,J11) -> 2
A12: 43315 | B12: 43335 | C12: 43328 | D12: Vietnam | E12: 2018/2019 | F12: 2017/2018 | G12: Corn | H12: 130000 | J12: 2021/2022 | K12: =SUMIFS($H$5:$H$19,$E$5:$E$19,J12,$G$5:$G$19,"Corn") -> 0 | L12: =SUMIFS($H$5:$H$19,$E$5:$E$19,J12,$G$5:$G$19,"Soybean") -> 55000 | M12: =K12+L12 -> 55000 | N12: =COUNTIFS($E$5:$E$19,J12) -> 1
A13: 43658 | B13: 43678 | C13: 43671 | D13: Panama | E13: 2019/2020 | F13: 2018/2019 | G13: Corn | H13: 104100 | J13: 2022/2023 | K13: =SUMIFS($H$5:$H$19,$E$5:$E$19,J13,$G$5:$G$19,"Corn") -> 105000 | L13: =SUMIFS($H$5:$H$19,$E$5:$E$19,J13,$G$5:$G$19,"Soybean") -> 0 | M13: =K13+L13 -> 105000 | N13: =COUNTIFS($E$5:$E$19,J13) -> 1
A14: 43822 | B14: 43839 | C14: 43832 | D14: Netherlands | E14: 2019/2020 | F14: 2019/2020 | G14: Soybean | H14: 154500 | J14: 2024/2025 | K14: =SUMIFS($H$5:$H$19,$E$5:$E$19,J14,$G$5:$G$19,"Corn") -> 110000 | L14: =SUMIFS($H$5:$H$19,$E$5:$E$19,J14,$G$5:$G$19,"Soybean") -> 0 | M14: =K14+L14 -> 110000 | N14: =COUNTIFS($E$5:$E$19,J14) -> 1
A15: 44215 | B15: 44231 | C15: 44224 | D15: Israel | E15: 2020/2021 | F15: 2020/2021 | G15: Corn | H15: 100000 | J15: Total | K15: =SUM(K5:K14) -> 1009073 | L15: =SUM(L5:L14) -> 711500 | M15: =SUM(M5:M14) -> 1720573 | N15: =SUM(N5:N14) -> 15
A16: 44298 | B16: 44315 | C16: 44308 | D16: Bangladesh | E16: 2020/2021 | F16: 2020/2021 | G16: Soybean | H16: 55000
A17: 44298 | B17: 44315 | C17: 44308 | D17: Bangladesh | E17: 2021/2022 | F17: 2020/2021 | G17: Soybean | H17: 55000
A18: 44781 | B18: 44798 | C18: 44791 | D18: Italy | E18: 2022/2023 | F18: 2021/2022 | G18: Corn | H18: 105000 | J18: By sale season (Sep 1 – Aug 31, based on the date the sale was made)
A19: 45762 | B19: 45778 | C19: 45771 | D19: Portugal | E19: 2024/2025 | F19: 2024/2025 | G19: Corn | H19: 110000 | J19: Sale Season | K19: Corn | L19: Soybean | M19: Total | N19: # Sales
J20: 2013/2014 | K20: =SUMIFS($H$5:$H$19,$F$5:$F$19,J20,$G$5:$G$19,"Corn") -> 0 | L20: =SUMIFS($H$5:$H$19,$F$5:$F$19,J20,$G$5:$G$19,"Soybean") -> 120000 | M20: =K20+L20 -> 120000 | N20: =COUNTIFS($F$5:$F$19,J20) -> 1
J21: 2015/2016 | K21: =SUMIFS($H$5:$H$19,$F$5:$F$19,J21,$G$5:$G$19,"Corn") -> 132000 | L21: =SUMIFS($H$5:$H$19,$F$5:$F$19,J21,$G$5:$G$19,"Soybean") -> 217000 | M21: =K21+L21 -> 349000 | N21: =COUNTIFS($F$5:$F$19,J21) -> 2
J22: 2016/2017 | K22: =SUMIFS($H$5:$H$19,$F$5:$F$19,J22,$G$5:$G$19,"Corn") -> 100973 | L22: =SUMIFS($H$5:$H$19,$F$5:$F$19,J22,$G$5:$G$19,"Soybean") -> 110000 | M22: =K22+L22 -> 210973 | N22: =COUNTIFS($F$5:$F$19,J22) -> 2
J23: 2017/2018 | K23: =SUMIFS($H$5:$H$19,$F$5:$F$19,J23,$G$5:$G$19,"Corn") -> 357000 | L23: =SUMIFS($H$5:$H$19,$F$5:$F$19,J23,$G$5:$G$19,"Soybean") -> 0 | M23: =K23+L23 -> 357000 | N23: =COUNTIFS($F$5:$F$19,J23) -> 3
J24: 2018/2019 | K24: =SUMIFS($H$5:$H$19,$F$5:$F$19,J24,$G$5:$G$19,"Corn") -> 104100 | L24: =SUMIFS($H$5:$H$19,$F$5:$F$19,J24,$G$5:$G$19,"Soybean") -> 0 | M24: =K24+L24 -> 104100 | N24: =COUNTIFS($F$5:$F$19,J24) -> 1
J25: 2019/2020 | K25: =SUMIFS($H$5:$H$19,$F$5:$F$19,J25,$G$5:$G$19,"Corn") -> 0 | L25: =SUMIFS($H$5:$H$19,$F$5:$F$19,J25,$G$5:$G$19,"Soybean") -> 154500 | M25: =K25+L25 -> 154500 | N25: =COUNTIFS($F$5:$F$19,J25) -> 1
J26: 2020/2021 | K26: =SUMIFS($H$5:$H$19,$F$5:$F$19,J26,$G$5:$G$19,"Corn") -> 100000 | L26: =SUMIFS($H$5:$H$19,$F$5:$F$19,J26,$G$5:$G$19,"Soybean") -> 110000 | M26: =K26+L26 -> 210000 | N26: =COUNTIFS($F$5:$F$19,J26) -> 3
J27: 2021/2022 | K27: =SUMIFS($H$5:$H$19,$F$5:$F$19,J27,$G$5:$G$19,"Corn") -> 105000 | L27: =SUMIFS($H$5:$H$19,$F$5:$F$19,J27,$G$5:$G$19,"Soybean") -> 0 | M27: =K27+L27 -> 105000 | N27: =COUNTIFS($F$5:$F$19,J27) -> 1
J28: 2024/2025 | K28: =SUMIFS($H$5:$H$19,$F$5:$F$19,J28,$G$5:$G$19,"Corn") -> 110000 | L28: =SUMIFS($H$5:$H$19,$F$5:$F$19,J28,$G$5:$G$19,"Soybean") -> 0 | M28: =K28+L28 -> 110000 | N28: =COUNTIFS($F$5:$F$19,J28) -> 1
J29: Total | K29: =SUM(K20:K28) -> 1009073 | L29: =SUM(L20:L28) -> 711500 | M29: =SUM(M20:M28) -> 1720573 | N29: =SUM(N20:N28) -> 15
