Workbook

Sheet Summary China vs RoW
A1: US Soybean Export Inspections — China vs Rest of World (weekly-report basis)
A2: All figures link to the period tabs. Soybean meal is not covered: FGIS inspection data include grains/oilseeds only.
A4: Period | B4: Group | C4: MT 2025 | D4: MT 2026 | E4: Δ MT | F4: Δ % | G4: # Insp 2025 | H4: # Insp 2026 | I4: Δ Insp | J4: Share of MT 2025 | K4: Share of MT 2026
A5: September | B5: China | C5: =September!B39 -> 0 | D5: =September!C39 -> 1581810 | E5: =D5-C5 -> 1581810 | F5: =IF(C5=0,IF(D5=0,0,"new"),D5/C5-1) -> new | G5: =September!F39 -> 0 | H5: =September!G39 -> 24 | I5: =H5-G5 -> 24 | J5: =IF(C$7=0,0,C5/C$7) -> 0 | K5: =IF(D$7=0,0,D5/D$7) -> 0.51499358
B6: Rest of World excl. China | C6: =September!B40 -> 2466553 | D6: =September!C40 -> 1489704 | E6: =D6-C6 -> -976849 | F6: =IF(C6=0,IF(D6=0,0,"new"),D6/C6-1) -> -0.39603811 | G6: =September!F40 -> 892 | H6: =September!G40 -> 697 | I6: =H6-G6 -> -195 | J6: =IF(C$7=0,0,C6/C$7) -> 1 | K6: =IF(D$7=0,0,D6/D$7) -> 0.48500642
B7: Total | C7: =September!B38 -> 2466553 | D7: =September!C38 -> 3071514 | E7: =D7-C7 -> 604961 | F7: =IF(C7=0,IF(D7=0,0,"new"),D7/C7-1) -> 0.24526576 | G7: =September!F38 -> 892 | H7: =September!G38 -> 721 | I7: =H7-G7 -> -171 | J7: =IF(C$7=0,0,C7/C$7) -> 1 | K7: =IF(D$7=0,0,D7/D$7) -> 1
A8: Week 1 October | B8: China | C8: ='Week 1 October'!B31 -> 0 | D8: ='Week 1 October'!C31 -> 756492 | E8: =D8-C8 -> 756492 | F8: =IF(C8=0,IF(D8=0,0,"new"),D8/C8-1) -> new | G8: ='Week 1 October'!F31 -> 0 | H8: ='Week 1 October'!G31 -> 12 | I8: =H8-G8 -> 12 | J8: =IF(C$10=0,0,C8/C$10) -> 0 | K8: =IF(D$10=0,0,D8/D$10) -> 0.63070959
B9: Rest of World excl. China | C9: ='Week 1 October'!B32 -> 783495 | D9: ='Week 1 October'!C32 -> 442938 | E9: =D9-C9 -> -340557 | F9: =IF(C9=0,IF(D9=0,0,"new"),D9/C9-1) -> -0.43466391 | G9: ='Week 1 October'!F32 -> 313 | H9: ='Week 1 October'!G32 -> 130 | I9: =H9-G9 -> -183 | J9: =IF(C$10=0,0,C9/C$10) -> 1 | K9: =IF(D$10=0,0,D9/D$10) -> 0.36929041
B10: Total | C10: ='Week 1 October'!B30 -> 783495 | D10: ='Week 1 October'!C30 -> 1199430 | E10: =D10-C10 -> 415935 | F10: =IF(C10=0,IF(D10=0,0,"new"),D10/C10-1) -> 0.53087129 | G10: ='Week 1 October'!F30 -> 313 | H10: ='Week 1 October'!G30 -> 142 | I10: =H10-G10 -> -171 | J10: =IF(C$10=0,0,C10/C$10) -> 1 | K10: =IF(D$10=0,0,D10/D$10) -> 1
A11: Week 2 October | B11: China | C11: ='Week 2 October'!B32 -> 0 | D11: ='Week 2 October'!C32 -> 649252 | E11: =D11-C11 -> 649252 | F11: =IF(C11=0,IF(D11=0,0,"new"),D11/C11-1) -> new | G11: ='Week 2 October'!F32 -> 0 | H11: ='Week 2 October'!G32 -> 10 | I11: =H11-G11 -> 10 | J11: =IF(C$13=0,0,C11/C$13) -> 0 | K11: =IF(D$13=0,0,D11/D$13) -> 0.583548
B12: Rest of World excl. China | C12: ='Week 2 October'!B33 -> 1017196 | D12: ='Week 2 October'!C33 -> 463342 | E12: =D12-C12 -> -553854 | F12: =IF(C12=0,IF(D12=0,0,"new"),D12/C12-1) -> -0.54449093 | G12: ='Week 2 October'!F33 -> 411 | H12: ='Week 2 October'!G33 -> 223 | I12: =H12-G12 -> -188 | J12: =IF(C$13=0,0,C12/C$13) -> 1 | K12: =IF(D$13=0,0,D12/D$13) -> 0.416452
B13: Total | C13: ='Week 2 October'!B31 -> 1017196 | D13: ='Week 2 October'!C31 -> 1112594 | E13: =D13-C13 -> 95398 | F13: =IF(C13=0,IF(D13=0,0,"new"),D13/C13-1) -> 0.093785269 | G13: ='Week 2 October'!F31 -> 411 | H13: ='Week 2 October'!G31 -> 233 | I13: =H13-G13 -> -178 | J13: =IF(C$13=0,0,C13/C$13) -> 1 | K13: =IF(D$13=0,0,D13/D$13) -> 1
A14: Week 3 October | B14: China | C14: ='Week 3 October'!B31 -> 0 | D14: ='Week 3 October'!C31 -> 1333625 | E14: =D14-C14 -> 1333625 | F14: =IF(C14=0,IF(D14=0,0,"new"),D14/C14-1) -> new | G14: ='Week 3 October'!F31 -> 0 | H14: ='Week 3 October'!G31 -> 20 | I14: =H14-G14 -> 20 | J14: =IF(C$16=0,0,C14/C$16) -> 0 | K14: =IF(D$16=0,0,D14/D$16) -> 0.64485955
B15: Rest of World excl. China | C15: ='Week 3 October'!B32 -> 1591342 | D15: ='Week 3 October'!C32 -> 734461 | E15: =D15-C15 -> -856881 | F15: =IF(C15=0,IF(D15=0,0,"new"),D15/C15-1) -> -0.53846439 | G15: ='Week 3 October'!F32 -> 503 | H15: ='Week 3 October'!G32 -> 391 | I15: =H15-G15 -> -112 | J15: =IF(C$16=0,0,C15/C$16) -> 1 | K15: =IF(D$16=0,0,D15/D$16) -> 0.35514045
B16: Total | C16: ='Week 3 October'!B30 -> 1591342 | D16: ='Week 3 October'!C30 -> 2068086 | E16: =D16-C16 -> 476744 | F16: =IF(C16=0,IF(D16=0,0,"new"),D16/C16-1) -> 0.29958614 | G16: ='Week 3 October'!F30 -> 503 | H16: ='Week 3 October'!G30 -> 411 | I16: =H16-G16 -> -92 | J16: =IF(C$16=0,0,C16/C$16) -> 1 | K16: =IF(D$16=0,0,D16/D$16) -> 1
A17: Week 4 October | B17: China | C17: ='Week 4 October'!B32 -> 0 | D17: ='Week 4 October'!C32 -> 1651940 | E17: =D17-C17 -> 1651940 | F17: =IF(C17=0,IF(D17=0,0,"new"),D17/C17-1) -> new | G17: ='Week 4 October'!F32 -> 0 | H17: ='Week 4 October'!G32 -> 25 | I17: =H17-G17 -> 25 | J17: =IF(C$19=0,0,C17/C$19) -> 0 | K17: =IF(D$19=0,0,D17/D$19) -> 0.66705889
B18: Rest of World excl. China | C18: ='Week 4 October'!B33 -> 1161105 | D18: ='Week 4 October'!C33 -> 824513 | E18: =D18-C18 -> -336592 | F18: =IF(C18=0,IF(D18=0,0,"new"),D18/C18-1) -> -0.28988937 | G18: ='Week 4 October'!F33 -> 454 | H18: ='Week 4 October'!G33 -> 318 | I18: =H18-G18 -> -136 | J18: =IF(C$19=0,0,C18/C$19) -> 1 | K18: =IF(D$19=0,0,D18/D$19) -> 0.33294111
B19: Total | C19: ='Week 4 October'!B31 -> 1161105 | D19: ='Week 4 October'!C31 -> 2476453 | E19: =D19-C19 -> 1315348 | F19: =IF(C19=0,IF(D19=0,0,"new"),D19/C19-1) -> 1.1328416 | G19: ='Week 4 October'!F31 -> 454 | H19: ='Week 4 October'!G31 -> 343 | I19: =H19-G19 -> -111 | J19: =IF(C$19=0,0,C19/C$19) -> 1 | K19: =IF(D$19=0,0,D19/D$19) -> 1
A20: Sept + Oct (Wk 1–4) | B20: China | C20: =C5+C8+C11+C14+C17 -> 0 | D20: =D5+D8+D11+D14+D17 -> 5973119 | E20: =D20-C20 -> 5973119 | F20: =IF(C20=0,IF(D20=0,0,"new"),D20/C20-1) -> new | G20: =G5+G8+G11+G14+G17 -> 0 | H20: =H5+H8+H11+H14+H17 -> 91 | I20: =H20-G20 -> 91 | J20: =IF(C$22=0,0,C20/C$22) -> 0 | K20: =IF(D$22=0,0,D20/D$22) -> 0.60163907
B21: Rest of World excl. China | C21: =C6+C9+C12+C15+C18 -> 7019691 | D21: =D6+D9+D12+D15+D18 -> 3954958 | E21: =D21-C21 -> -3064733 | F21: =IF(C21=0,IF(D21=0,0,"new"),D21/C21-1) -> -0.43659087 | G21: =G6+G9+G12+G15+G18 -> 2573 | H21: =H6+H9+H12+H15+H18 -> 1759 | I21: =H21-G21 -> -814 | J21: =IF(C$22=0,0,C21/C$22) -> 1 | K21: =IF(D$22=0,0,D21/D$22) -> 0.39836093
B22: Total | C22: =C7+C10+C13+C16+C19 -> 7019691 | D22: =D7+D10+D13+D16+D19 -> 9928077 | E22: =D22-C22 -> 2908386 | F22: =IF(C22=0,IF(D22=0,0,"new"),D22/C22-1) -> 0.41431824 | G22: =G7+G10+G13+G16+G19 -> 2573 | H22: =H7+H10+H13+H16+H19 -> 1850 | I22: =H22-G22 -> -723 | J22: =IF(C$22=0,0,C22/C$22) -> 1 | K22: =IF(D$22=0,0,D22/D$22) -> 1
A24: Revision note (CY2026 file, wk ending 22 Oct 2026 vs previous version of this workbook):
A25: Week 2 Oct 2026: 1,109,385 MT / 226 insp. previously → now 1,112,594 MT / 233 insp. (+3,209 MT, all RoW). Week 3 Oct 2026: 2,001,750 MT / 364 insp. previously → now 2,068,086 MT / 411 insp. (+66,336 MT: China +52,036 / 1 cargo, RoW +14,300). Sep and Week 1 Oct unchanged; 2025 unchanged.
A26: Earlier revisions: 19 Oct update Week 2 Oct +12,830 MT; 13 Oct update Sep +759 MT, Week 1 Oct +61,014 MT.

Sheet Country by Country
A1: US Soybean Export Inspections by Destination — season to date (Sep + Oct wk 1–4), 2025 vs 2026
A2: Period columns link to the period tabs (SUMIF on destination). Sorted: China first, then by season-to-date Δ MT (largest loss first). Region grouping is an analyst assumption. Bulk buyers take 1–3 vessels/season: read single-week country changes as lumpy, not trend.
A4: Destination | B4: Region | C4: Sep (MT) | E4: W1 Oct (MT) | G4: W2 Oct (MT) | I4: W3 Oct (MT) | K4: W4 Oct (MT) | M4: Season to date
C5: 2025 | D5: 2026 | E5: 2025 | F5: 2026 | G5: 2025 | H5: 2026 | I5: 2025 | J5: 2026 | K5: 2025 | L5: 2026 | M5: MT 2025 | N5: MT 2026 | O5: Δ MT | P5: Δ % | Q5: # Insp 2025 | R5: # Insp 2026 | S5: Δ Insp | T5: Share of RoW Δ
A6: CHINA | B6: China | C6: =SUMIF(September!$A$6:$A$37,$A6,September!$B$6:$B$37) -> 0 | D6: =SUMIF(September!$A$6:$A$37,$A6,September!$C$6:$C$37) -> 1581810 | E6: =SUMIF('Week 1 October'!$A$6:$A$29,$A6,'Week 1 October'!$B$6:$B$29) -> 0 | F6: =SUMIF('Week 1 October'!$A$6:$A$29,$A6,'Week 1 October'!$C$6:$C$29) -> 756492 | G6: =SUMIF('Week 2 October'!$A$6:$A$30,$A6,'Week 2 October'!$B$6:$B$30) -> 0 | H6: =SUMIF('Week 2 October'!$A$6:$A$30,$A6,'Week 2 October'!$C$6:$C$30) -> 649252 | I6: =SUMIF('Week 3 October'!$A$6:$A$29,$A6,'Week 3 October'!$B$6:$B$29) -> 0 | J6: =SUMIF('Week 3 October'!$A$6:$A$29,$A6,'Week 3 October'!$C$6:$C$29) -> 1333625 | K6: =SUMIF('Week 4 October'!$A$6:$A$30,$A6,'Week 4 October'!$B$6:$B$30) -> 0 | L6: =SUMIF('Week 4 October'!$A$6:$A$30,$A6,'Week 4 October'!$C$6:$C$30) -> 1651940 | M6: =C6+E6+G6+I6+K6 -> 0 | N6: =D6+F6+H6+J6+L6 -> 5973119 | O6: =N6-M6 -> 5973119 | P6: =IF(M6=0,IF(N6=0,0,"new"),N6/M6-1) -> new | Q6: =SUMIF(September!$A$6:$A$37,$A6,September!$F$6:$F$37)+SUMIF('Week 1 October'!$A$6:$A$29,$A6,'Week 1 October'!$F$6:$F$29)+SUMIF('Week 2 October'!$A$6:$A$30,$A6,'Week 2 October'!$F$6:$F$30)+SUMIF('Week 3 October'!$A$6:$A$29,$A6,'Week 3 October'!$F$6:$F$29)+SUMIF('Week 4 October'!$A$6:$A$30,$A6,'Week 4 October'!$F$6:$F$30) -> 0 | R6: =SUMIF(September!$A$6:$A$37,$A6,September!$G$6:$G$37)+SUMIF('Week 1 October'!$A$6:$A$29,$A6,'Week 1 October'!$G$6:$G$29)+SUMIF('Week 2 October'!$A$6:$A$30,$A6,'Week 2 October'!$G$6:$G$30)+SUMIF('Week 3 October'!$A$6:$A$29,$A6,'Week 3 October'!$G$6:$G$29)+SUMIF('Week 4 October'!$A$6:$A$30,$A6,'Week 4 October'!$G$6:$G$30) -> 91 | S6: =R6-Q6 -> 91 | T6: =IF(OR($A6="CHINA",$O$47=0),"",O6/$O$47)
A7: PAKISTAN | B7: South Asia | C7: =SUMIF(September!$A$6:$A$37,$A7,September!$B$6:$B$37) -> 58648 | D7: =SUMIF(September!$A$6:$A$37,$A7,September!$C$6:$C$37) -> 0 | E7: =SUMIF('Week 1 October'!$A$6:$A$29,$A7,'Week 1 October'!$B$6:$B$29) -> 115038 | F7: =SUMIF('Week 1 October'!$A$6:$A$29,$A7,'Week 1 October'!$C$6:$C$29) -> 0 | G7: =SUMIF('Week 2 October'!$A$6:$A$30,$A7,'Week 2 October'!$B$6:$B$30) -> 57840 | H7: =SUMIF('Week 2 October'!$A$6:$A$30,$A7,'Week 2 October'!$C$6:$C$30) -> 0 | I7: =SUMIF('Week 3 October'!$A$6:$A$29,$A7,'Week 3 October'!$B$6:$B$29) -> 167380 | J7: =SUMIF('Week 3 October'!$A$6:$A$29,$A7,'Week 3 October'!$C$6:$C$29) -> 0 | K7: =SUMIF('Week 4 October'!$A$6:$A$30,$A7,'Week 4 October'!$B$6:$B$30) -> 125506 | L7: =SUMIF('Week 4 October'!$A$6:$A$30,$A7,'Week 4 October'!$C$6:$C$30) -> 0 | M7: =C7+E7+G7+I7+K7 -> 524412 | N7: =D7+F7+H7+J7+L7 -> 0 | O7: =N7-M7 -> -524412 | P7: =IF(M7=0,IF(N7=0,0,"new"),N7/M7-1) -> -1 | Q7: =SUMIF(September!$A$6:$A$37,$A7,September!$F$6:$F$37)+SUMIF('Week 1 October'!$A$6:$A$29,$A7,'Week 1 October'!$F$6:$F$29)+SUMIF('Week 2 October'!$A$6:$A$30,$A7,'Week 2 October'!$F$6:$F$30)+SUMIF('Week 3 October'!$A$6:$A$29,$A7,'Week 3 October'!$F$6:$F$29)+SUMIF('Week 4 October'!$A$6:$A$30,$A7,'Week 4 October'!$F$6:$F$30) -> 9 | R7: =SUMIF(September!$A$6:$A$37,$A7,September!$G$6:$G$37)+SUMIF('Week 1 October'!$A$6:$A$29,$A7,'Week 1 October'!$G$6:$G$29)+SUMIF('Week 2 October'!$A$6:$A$30,$A7,'Week 2 October'!$G$6:$G$30)+SUMIF('Week 3 October'!$A$6:$A$29,$A7,'Week 3 October'!$G$6:$G$29)+SUMIF('Week 4 October'!$A$6:$A$30,$A7,'Week 4 October'!$G$6:$G$30) -> 0 | S7: =R7-Q7 -> -9 | T7: =IF(OR($A7="CHINA",$O$47=0),"",O7/$O$47) -> 0.17111181
A8: MEXICO | B8: Americas | C8: =SUMIF(September!$A$6:$A$37,$A8,September!$B$6:$B$37) -> 332913 | D8: =SUMIF(September!$A$6:$A$37,$A8,September!$C$6:$C$37) -> 196733 | E8: =SUMIF('Week 1 October'!$A$6:$A$29,$A8,'Week 1 October'!$B$6:$B$29) -> 217595 | F8: =SUMIF('Week 1 October'!$A$6:$A$29,$A8,'Week 1 October'!$C$6:$C$29) -> 32033 | G8: =SUMIF('Week 2 October'!$A$6:$A$30,$A8,'Week 2 October'!$B$6:$B$30) -> 195947 | H8: =SUMIF('Week 2 October'!$A$6:$A$30,$A8,'Week 2 October'!$C$6:$C$30) -> 99486 | I8: =SUMIF('Week 3 October'!$A$6:$A$29,$A8,'Week 3 October'!$B$6:$B$29) -> 232745 | J8: =SUMIF('Week 3 October'!$A$6:$A$29,$A8,'Week 3 October'!$C$6:$C$29) -> 213260 | K8: =SUMIF('Week 4 October'!$A$6:$A$30,$A8,'Week 4 October'!$B$6:$B$30) -> 166595 | L8: =SUMIF('Week 4 October'!$A$6:$A$30,$A8,'Week 4 October'!$C$6:$C$30) -> 264556 | M8: =C8+E8+G8+I8+K8 -> 1145795 | N8: =D8+F8+H8+J8+L8 -> 806068 | O8: =N8-M8 -> -339727 | P8: =IF(M8=0,IF(N8=0,0,"new"),N8/M8-1) -> -0.29649894 | Q8: =SUMIF(September!$A$6:$A$37,$A8,September!$F$6:$F$37)+SUMIF('Week 1 October'!$A$6:$A$29,$A8,'Week 1 October'!$F$6:$F$29)+SUMIF('Week 2 October'!$A$6:$A$30,$A8,'Week 2 October'!$F$6:$F$30)+SUMIF('Week 3 October'!$A$6:$A$29,$A8,'Week 3 October'!$F$6:$F$29)+SUMIF('Week 4 October'!$A$6:$A$30,$A8,'Week 4 October'!$F$6:$F$30) -> 133 | R8: =SUMIF(September!$A$6:$A$37,$A8,September!$G$6:$G$37)+SUMIF('Week 1 October'!$A$6:$A$29,$A8,'Week 1 October'!$G$6:$G$29)+SUMIF('Week 2 October'!$A$6:$A$30,$A8,'Week 2 October'!$G$6:$G$30)+SUMIF('Week 3 October'!$A$6:$A$29,$A8,'Week 3 October'!$G$6:$G$29)+SUMIF('Week 4 October'!$A$6:$A$30,$A8,'Week 4 October'!$G$6:$G$30) -> 96 | S8: =R8-Q8 -> -37 | T8: =IF(OR($A8="CHINA",$O$47=0),"",O8/$O$47) -> 0.11085044
A9: EGYPT | B9: Middle East & N. Africa | C9: =SUMIF(September!$A$6:$A$37,$A9,September!$B$6:$B$37) -> 392308 | D9: =SUMIF(September!$A$6:$A$37,$A9,September!$C$6:$C$37) -> 287000 | E9: =SUMIF('Week 1 October'!$A$6:$A$29,$A9,'Week 1 October'!$B$6:$B$29) -> 181571 | F9: =SUMIF('Week 1 October'!$A$6:$A$29,$A9,'Week 1 October'!$C$6:$C$29) -> 0 | G9: =SUMIF('Week 2 October'!$A$6:$A$30,$A9,'Week 2 October'!$B$6:$B$30) -> 0 | H9: =SUMIF('Week 2 October'!$A$6:$A$30,$A9,'Week 2 October'!$C$6:$C$30) -> 79022 | I9: =SUMIF('Week 3 October'!$A$6:$A$29,$A9,'Week 3 October'!$B$6:$B$29) -> 163652 | J9: =SUMIF('Week 3 October'!$A$6:$A$29,$A9,'Week 3 October'!$C$6:$C$29) -> 52353 | K9: =SUMIF('Week 4 October'!$A$6:$A$30,$A9,'Week 4 October'!$B$6:$B$30) -> 147560 | L9: =SUMIF('Week 4 October'!$A$6:$A$30,$A9,'Week 4 October'!$C$6:$C$30) -> 135046 | M9: =C9+E9+G9+I9+K9 -> 885091 | N9: =D9+F9+H9+J9+L9 -> 553421 | O9: =N9-M9 -> -331670 | P9: =IF(M9=0,IF(N9=0,0,"new"),N9/M9-1) -> -0.37472983 | Q9: =SUMIF(September!$A$6:$A$37,$A9,September!$F$6:$F$37)+SUMIF('Week 1 October'!$A$6:$A$29,$A9,'Week 1 October'!$F$6:$F$29)+SUMIF('Week 2 October'!$A$6:$A$30,$A9,'Week 2 October'!$F$6:$F$30)+SUMIF('Week 3 October'!$A$6:$A$29,$A9,'Week 3 October'!$F$6:$F$29)+SUMIF('Week 4 October'!$A$6:$A$30,$A9,'Week 4 October'!$F$6:$F$30) -> 16 | R9: =SUMIF(September!$A$6:$A$37,$A9,September!$G$6:$G$37)+SUMIF('Week 1 October'!$A$6:$A$29,$A9,'Week 1 October'!$G$6:$G$29)+SUMIF('Week 2 October'!$A$6:$A$30,$A9,'Week 2 October'!$G$6:$G$30)+SUMIF('Week 3 October'!$A$6:$A$29,$A9,'Week 3 October'!$G$6:$G$29)+SUMIF('Week 4 October'!$A$6:$A$30,$A9,'Week 4 October'!$G$6:$G$30) -> 11 | S9: =R9-Q9 -> -5 | T9: =IF(OR($A9="CHINA",$O$47=0),"",O9/$O$47) -> 0.1082215
A10: SPAIN | B10: Europe | C10: =SUMIF(September!$A$6:$A$37,$A10,September!$B$6:$B$37) -> 50899 | D10: =SUMIF(September!$A$6:$A$37,$A10,September!$C$6:$C$37) -> 0 | E10: =SUMIF('Week 1 October'!$A$6:$A$29,$A10,'Week 1 October'!$B$6:$B$29) -> 0 | F10: =SUMIF('Week 1 October'!$A$6:$A$29,$A10,'Week 1 October'!$C$6:$C$29) -> 0 | G10: =SUMIF('Week 2 October'!$A$6:$A$30,$A10,'Week 2 October'!$B$6:$B$30) -> 182090 | H10: =SUMIF('Week 2 October'!$A$6:$A$30,$A10,'Week 2 October'!$C$6:$C$30) -> 0 | I10: =SUMIF('Week 3 October'!$A$6:$A$29,$A10,'Week 3 October'!$B$6:$B$29) -> 54787 | J10: =SUMIF('Week 3 October'!$A$6:$A$29,$A10,'Week 3 October'!$C$6:$C$29) -> 0 | K10: =SUMIF('Week 4 October'!$A$6:$A$30,$A10,'Week 4 October'!$B$6:$B$30) -> 0 | L10: =SUMIF('Week 4 October'!$A$6:$A$30,$A10,'Week 4 October'!$C$6:$C$30) -> 0 | M10: =C10+E10+G10+I10+K10 -> 287776 | N10: =D10+F10+H10+J10+L10 -> 0 | O10: =N10-M10 -> -287776 | P10: =IF(M10=0,IF(N10=0,0,"new"),N10/M10-1) -> -1 | Q10: =SUMIF(September!$A$6:$A$37,$A10,September!$F$6:$F$37)+SUMIF('Week 1 October'!$A$6:$A$29,$A10,'Week 1 October'!$F$6:$F$29)+SUMIF('Week 2 October'!$A$6:$A$30,$A10,'Week 2 October'!$F$6:$F$30)+SUMIF('Week 3 October'!$A$6:$A$29,$A10,'Week 3 October'!$F$6:$F$29)+SUMIF('Week 4 October'!$A$6:$A$30,$A10,'Week 4 October'!$F$6:$F$30) -> 5 | R10: =SUMIF(September!$A$6:$A$37,$A10,September!$G$6:$G$37)+SUMIF('Week 1 October'!$A$6:$A$29,$A10,'Week 1 October'!$G$6:$G$29)+SUMIF('Week 2 October'!$A$6:$A$30,$A10,'Week 2 October'!$G$6:$G$30)+SUMIF('Week 3 October'!$A$6:$A$29,$A10,'Week 3 October'!$G$6:$G$29)+SUMIF('Week 4 October'!$A$6:$A$30,$A10,'Week 4 October'!$G$6:$G$30) -> 0 | S10: =R10-Q10 -> -5 | T10: =IF(OR($A10="CHINA",$O$47=0),"",O10/$O$47) -> 0.093899208
A11: BANGLADESH | B11: South Asia | C11: =SUMIF(September!$A$6:$A$37,$A11,September!$B$6:$B$37) -> 169531 | D11: =SUMIF(September!$A$6:$A$37,$A11,September!$C$6:$C$37) -> 114598 | E11: =SUMIF('Week 1 October'!$A$6:$A$29,$A11,'Week 1 October'!$B$6:$B$29) -> 0 | F11: =SUMIF('Week 1 October'!$A$6:$A$29,$A11,'Week 1 October'!$C$6:$C$29) -> 59219 | G11: =SUMIF('Week 2 October'!$A$6:$A$30,$A11,'Week 2 October'!$B$6:$B$30) -> 117598 | H11: =SUMIF('Week 2 October'!$A$6:$A$30,$A11,'Week 2 October'!$C$6:$C$30) -> 0 | I11: =SUMIF('Week 3 October'!$A$6:$A$29,$A11,'Week 3 October'!$B$6:$B$29) -> 175411 | J11: =SUMIF('Week 3 October'!$A$6:$A$29,$A11,'Week 3 October'!$C$6:$C$29) -> 0 | K11: =SUMIF('Week 4 October'!$A$6:$A$30,$A11,'Week 4 October'!$B$6:$B$30) -> 57892 | L11: =SUMIF('Week 4 October'!$A$6:$A$30,$A11,'Week 4 October'!$C$6:$C$30) -> 59790 | M11: =C11+E11+G11+I11+K11 -> 520432 | N11: =D11+F11+H11+J11+L11 -> 233607 | O11: =N11-M11 -> -286825 | P11: =IF(M11=0,IF(N11=0,0,"new"),N11/M11-1) -> -0.55112868 | Q11: =SUMIF(September!$A$6:$A$37,$A11,September!$F$6:$F$37)+SUMIF('Week 1 October'!$A$6:$A$29,$A11,'Week 1 October'!$F$6:$F$29)+SUMIF('Week 2 October'!$A$6:$A$30,$A11,'Week 2 October'!$F$6:$F$30)+SUMIF('Week 3 October'!$A$6:$A$29,$A11,'Week 3 October'!$F$6:$F$29)+SUMIF('Week 4 October'!$A$6:$A$30,$A11,'Week 4 October'!$F$6:$F$30) -> 9 | R11: =SUMIF(September!$A$6:$A$37,$A11,September!$G$6:$G$37)+SUMIF('Week 1 October'!$A$6:$A$29,$A11,'Week 1 October'!$G$6:$G$29)+SUMIF('Week 2 October'!$A$6:$A$30,$A11,'Week 2 October'!$G$6:$G$30)+SUMIF('Week 3 October'!$A$6:$A$29,$A11,'Week 3 October'!$G$6:$G$29)+SUMIF('Week 4 October'!$A$6:$A$30,$A11,'Week 4 October'!$G$6:$G$30) -> 4 | S11: =R11-Q11 -> -5 | T11: =IF(OR($A11="CHINA",$O$47=0),"",O11/$O$47) -> 0.093588903
A12: TAIWAN | B12: East Asia ex-China | C12: =SUMIF(September!$A$6:$A$37,$A12,September!$B$6:$B$37) -> 85344 | D12: =SUMIF(September!$A$6:$A$37,$A12,September!$C$6:$C$37) -> 32370 | E12: =SUMIF('Week 1 October'!$A$6:$A$29,$A12,'Week 1 October'!$B$6:$B$29) -> 28900 | F12: =SUMIF('Week 1 October'!$A$6:$A$29,$A12,'Week 1 October'!$C$6:$C$29) -> 5777 | G12: =SUMIF('Week 2 October'!$A$6:$A$30,$A12,'Week 2 October'!$B$6:$B$30) -> 44471 | H12: =SUMIF('Week 2 October'!$A$6:$A$30,$A12,'Week 2 October'!$C$6:$C$30) -> 11578 | I12: =SUMIF('Week 3 October'!$A$6:$A$29,$A12,'Week 3 October'!$B$6:$B$29) -> 122140 | J12: =SUMIF('Week 3 October'!$A$6:$A$29,$A12,'Week 3 October'!$C$6:$C$29) -> 24804 | K12: =SUMIF('Week 4 October'!$A$6:$A$30,$A12,'Week 4 October'!$B$6:$B$30) -> 101725 | L12: =SUMIF('Week 4 October'!$A$6:$A$30,$A12,'Week 4 October'!$C$6:$C$30) -> 28211 | M12: =C12+E12+G12+I12+K12 -> 382580 | N12: =D12+F12+H12+J12+L12 -> 102740 | O12: =N12-M12 -> -279840 | P12: =IF(M12=0,IF(N12=0,0,"new"),N12/M12-1) -> -0.73145486 | Q12: =SUMIF(September!$A$6:$A$37,$A12,September!$F$6:$F$37)+SUMIF('Week 1 October'!$A$6:$A$29,$A12,'Week 1 October'!$F$6:$F$29)+SUMIF('Week 2 October'!$A$6:$A$30,$A12,'Week 2 October'!$F$6:$F$30)+SUMIF('Week 3 October'!$A$6:$A$29,$A12,'Week 3 October'!$F$6:$F$29)+SUMIF('Week 4 October'!$A$6:$A$30,$A12,'Week 4 October'!$F$6:$F$30) -> 671 | R12: =SUMIF(September!$A$6:$A$37,$A12,September!$G$6:$G$37)+SUMIF('Week 1 October'!$A$6:$A$29,$A12,'Week 1 October'!$G$6:$G$29)+SUMIF('Week 2 October'!$A$6:$A$30,$A12,'Week 2 October'!$G$6:$G$30)+SUMIF('Week 3 October'!$A$6:$A$29,$A12,'Week 3 October'!$G$6:$G$29)+SUMIF('Week 4 October'!$A$6:$A$30,$A12,'Week 4 October'!$G$6:$G$30) -> 353 | S12: =R12-Q12 -> -318 | T12: =IF(OR($A12="CHINA",$O$47=0),"",O12/$O$47) -> 0.091309749
A13: ITALY | B13: Europe | C13: =SUMIF(September!$A$6:$A$37,$A13,September!$B$6:$B$37) -> 185744 | D13: =SUMIF(September!$A$6:$A$37,$A13,September!$C$6:$C$37) -> 162784 | E13: =SUMIF('Week 1 October'!$A$6:$A$29,$A13,'Week 1 October'!$B$6:$B$29) -> 45900 | F13: =SUMIF('Week 1 October'!$A$6:$A$29,$A13,'Week 1 October'!$C$6:$C$29) -> 0 | G13: =SUMIF('Week 2 October'!$A$6:$A$30,$A13,'Week 2 October'!$B$6:$B$30) -> 72599 | H13: =SUMIF('Week 2 October'!$A$6:$A$30,$A13,'Week 2 October'!$C$6:$C$30) -> 0 | I13: =SUMIF('Week 3 October'!$A$6:$A$29,$A13,'Week 3 October'!$B$6:$B$29) -> 0 | J13: =SUMIF('Week 3 October'!$A$6:$A$29,$A13,'Week 3 October'!$C$6:$C$29) -> 0 | K13: =SUMIF('Week 4 October'!$A$6:$A$30,$A13,'Week 4 October'!$B$6:$B$30) -> 127559 | L13: =SUMIF('Week 4 October'!$A$6:$A$30,$A13,'Week 4 October'!$C$6:$C$30) -> 43326 | M13: =C13+E13+G13+I13+K13 -> 431802 | N13: =D13+F13+H13+J13+L13 -> 206110 | O13: =N13-M13 -> -225692 | P13: =IF(M13=0,IF(N13=0,0,"new"),N13/M13-1) -> -0.52267474 | Q13: =SUMIF(September!$A$6:$A$37,$A13,September!$F$6:$F$37)+SUMIF('Week 1 October'!$A$6:$A$29,$A13,'Week 1 October'!$F$6:$F$29)+SUMIF('Week 2 October'!$A$6:$A$30,$A13,'Week 2 October'!$F$6:$F$30)+SUMIF('Week 3 October'!$A$6:$A$29,$A13,'Week 3 October'!$F$6:$F$29)+SUMIF('Week 4 October'!$A$6:$A$30,$A13,'Week 4 October'!$F$6:$F$30) -> 7 | R13: =SUMIF(September!$A$6:$A$37,$A13,September!$G$6:$G$37)+SUMIF('Week 1 October'!$A$6:$A$29,$A13,'Week 1 October'!$G$6:$G$29)+SUMIF('Week 2 October'!$A$6:$A$30,$A13,'Week 2 October'!$G$6:$G$30)+SUMIF('Week 3 October'!$A$6:$A$29,$A13,'Week 3 October'!$G$6:$G$29)+SUMIF('Week 4 October'!$A$6:$A$30,$A13,'Week 4 October'!$G$6:$G$30) -> 4 | S13: =R13-Q13 -> -3 | T13: =IF(OR($A13="CHINA",$O$47=0),"",O13/$O$47) -> 0.073641652
A14: GERMANY | B14: Europe | C14: =SUMIF(September!$A$6:$A$37,$A14,September!$B$6:$B$37) -> 128961 | D14: =SUMIF(September!$A$6:$A$37,$A14,September!$C$6:$C$37) -> 58374 | E14: =SUMIF('Week 1 October'!$A$6:$A$29,$A14,'Week 1 October'!$B$6:$B$29) -> 0 | F14: =SUMIF('Week 1 October'!$A$6:$A$29,$A14,'Week 1 October'!$C$6:$C$29) -> 58993 | G14: =SUMIF('Week 2 October'!$A$6:$A$30,$A14,'Week 2 October'!$B$6:$B$30) -> 52471 | H14: =SUMIF('Week 2 October'!$A$6:$A$30,$A14,'Week 2 October'!$C$6:$C$30) -> 56965 | I14: =SUMIF('Week 3 October'!$A$6:$A$29,$A14,'Week 3 October'!$B$6:$B$29) -> 136901 | J14: =SUMIF('Week 3 October'!$A$6:$A$29,$A14,'Week 3 October'!$C$6:$C$29) -> 84515 | K14: =SUMIF('Week 4 October'!$A$6:$A$30,$A14,'Week 4 October'!$B$6:$B$30) -> 122946 | L14: =SUMIF('Week 4 October'!$A$6:$A$30,$A14,'Week 4 October'!$C$6:$C$30) -> 0 | M14: =C14+E14+G14+I14+K14 -> 441279 | N14: =D14+F14+H14+J14+L14 -> 258847 | O14: =N14-M14 -> -182432 | P14: =IF(M14=0,IF(N14=0,0,"new"),N14/M14-1) -> -0.41341646 | Q14: =SUMIF(September!$A$6:$A$37,$A14,September!$F$6:$F$37)+SUMIF('Week 1 October'!$A$6:$A$29,$A14,'Week 1 October'!$F$6:$F$29)+SUMIF('Week 2 October'!$A$6:$A$30,$A14,'Week 2 October'!$F$6:$F$30)+SUMIF('Week 3 October'!$A$6:$A$29,$A14,'Week 3 October'!$F$6:$F$29)+SUMIF('Week 4 October'!$A$6:$A$30,$A14,'Week 4 October'!$F$6:$F$30) -> 9 | R14: =SUMIF(September!$A$6:$A$37,$A14,September!$G$6:$G$37)+SUMIF('Week 1 October'!$A$6:$A$29,$A14,'Week 1 October'!$G$6:$G$29)+SUMIF('Week 2 October'!$A$6:$A$30,$A14,'Week 2 October'!$G$6:$G$30)+SUMIF('Week 3 October'!$A$6:$A$29,$A14,'Week 3 October'!$G$6:$G$29)+SUMIF('Week 4 October'!$A$6:$A$30,$A14,'Week 4 October'!$G$6:$G$30) -> 4 | S14: =R14-Q14 -> -5 | T14: =IF(OR($A14="CHINA",$O$47=0),"",O14/$O$47) -> 0.05952623
A15: INDONESIA | B15: Southeast Asia | C15: =SUMIF(September!$A$6:$A$37,$A15,September!$B$6:$B$37) -> 188108 | D15: =SUMIF(September!$A$6:$A$37,$A15,September!$C$6:$C$37) -> 133674 | E15: =SUMIF('Week 1 October'!$A$6:$A$29,$A15,'Week 1 October'!$B$6:$B$29) -> 44171 | F15: =SUMIF('Week 1 October'!$A$6:$A$29,$A15,'Week 1 October'!$C$6:$C$29) -> 9034 | G15: =SUMIF('Week 2 October'!$A$6:$A$30,$A15,'Week 2 October'!$B$6:$B$30) -> 44470 | H15: =SUMIF('Week 2 October'!$A$6:$A$30,$A15,'Week 2 October'!$C$6:$C$30) -> 21059 | I15: =SUMIF('Week 3 October'!$A$6:$A$29,$A15,'Week 3 October'!$B$6:$B$29) -> 61850 | J15: =SUMIF('Week 3 October'!$A$6:$A$29,$A15,'Week 3 October'!$C$6:$C$29) -> 60743 | K15: =SUMIF('Week 4 October'!$A$6:$A$30,$A15,'Week 4 October'!$B$6:$B$30) -> 53820 | L15: =SUMIF('Week 4 October'!$A$6:$A$30,$A15,'Week 4 October'!$C$6:$C$30) -> 17265 | M15: =C15+E15+G15+I15+K15 -> 392419 | N15: =D15+F15+H15+J15+L15 -> 241775 | O15: =N15-M15 -> -150644 | P15: =IF(M15=0,IF(N15=0,0,"new"),N15/M15-1) -> -0.38388559 | Q15: =SUMIF(September!$A$6:$A$37,$A15,September!$F$6:$F$37)+SUMIF('Week 1 October'!$A$6:$A$29,$A15,'Week 1 October'!$F$6:$F$29)+SUMIF('Week 2 October'!$A$6:$A$30,$A15,'Week 2 October'!$F$6:$F$30)+SUMIF('Week 3 October'!$A$6:$A$29,$A15,'Week 3 October'!$F$6:$F$29)+SUMIF('Week 4 October'!$A$6:$A$30,$A15,'Week 4 October'!$F$6:$F$30) -> 814 | R15: =SUMIF(September!$A$6:$A$37,$A15,September!$G$6:$G$37)+SUMIF('Week 1 October'!$A$6:$A$29,$A15,'Week 1 October'!$G$6:$G$29)+SUMIF('Week 2 October'!$A$6:$A$30,$A15,'Week 2 October'!$G$6:$G$30)+SUMIF('Week 3 October'!$A$6:$A$29,$A15,'Week 3 October'!$G$6:$G$29)+SUMIF('Week 4 October'!$A$6:$A$30,$A15,'Week 4 October'!$G$6:$G$30) -> 492 | S15: =R15-Q15 -> -322 | T15: =IF(OR($A15="CHINA",$O$47=0),"",O15/$O$47) -> 0.049154037
A16: TURKEY | B16: Middle East & N. Africa | C16: =SUMIF(September!$A$6:$A$37,$A16,September!$B$6:$B$37) -> 140323 | D16: =SUMIF(September!$A$6:$A$37,$A16,September!$C$6:$C$37) -> 0 | E16: =SUMIF('Week 1 October'!$A$6:$A$29,$A16,'Week 1 October'!$B$6:$B$29) -> 69297 | F16: =SUMIF('Week 1 October'!$A$6:$A$29,$A16,'Week 1 October'!$C$6:$C$29) -> 57366 | G16: =SUMIF('Week 2 October'!$A$6:$A$30,$A16,'Week 2 October'!$B$6:$B$30) -> 21172 | H16: =SUMIF('Week 2 October'!$A$6:$A$30,$A16,'Week 2 October'!$C$6:$C$30) -> 0 | I16: =SUMIF('Week 3 October'!$A$6:$A$29,$A16,'Week 3 October'!$B$6:$B$29) -> 21109 | J16: =SUMIF('Week 3 October'!$A$6:$A$29,$A16,'Week 3 October'!$C$6:$C$29) -> 52964 | K16: =SUMIF('Week 4 October'!$A$6:$A$30,$A16,'Week 4 October'!$B$6:$B$30) -> 0 | L16: =SUMIF('Week 4 October'!$A$6:$A$30,$A16,'Week 4 October'!$C$6:$C$30) -> 0 | M16: =C16+E16+G16+I16+K16 -> 251901 | N16: =D16+F16+H16+J16+L16 -> 110330 | O16: =N16-M16 -> -141571 | P16: =IF(M16=0,IF(N16=0,0,"new"),N16/M16-1) -> -0.56201047 | Q16: =SUMIF(September!$A$6:$A$37,$A16,September!$F$6:$F$37)+SUMIF('Week 1 October'!$A$6:$A$29,$A16,'Week 1 October'!$F$6:$F$29)+SUMIF('Week 2 October'!$A$6:$A$30,$A16,'Week 2 October'!$F$6:$F$30)+SUMIF('Week 3 October'!$A$6:$A$29,$A16,'Week 3 October'!$F$6:$F$29)+SUMIF('Week 4 October'!$A$6:$A$30,$A16,'Week 4 October'!$F$6:$F$30) -> 5 | R16: =SUMIF(September!$A$6:$A$37,$A16,September!$G$6:$G$37)+SUMIF('Week 1 October'!$A$6:$A$29,$A16,'Week 1 October'!$G$6:$G$29)+SUMIF('Week 2 October'!$A$6:$A$30,$A16,'Week 2 October'!$G$6:$G$30)+SUMIF('Week 3 October'!$A$6:$A$29,$A16,'Week 3 October'!$G$6:$G$29)+SUMIF('Week 4 October'!$A$6:$A$30,$A16,'Week 4 October'!$G$6:$G$30) -> 2 | S16: =R16-Q16 -> -3 | T16: =IF(OR($A16="CHINA",$O$47=0),"",O16/$O$47) -> 0.046193584
A17: KOREA REP | B17: East Asia ex-China | C17: =SUMIF(September!$A$6:$A$37,$A17,September!$B$6:$B$37) -> 342 | D17: =SUMIF(September!$A$6:$A$37,$A17,September!$C$6:$C$37) -> 1685 | E17: =SUMIF('Week 1 October'!$A$6:$A$29,$A17,'Week 1 October'!$B$6:$B$29) -> 538 | F17: =SUMIF('Week 1 October'!$A$6:$A$29,$A17,'Week 1 October'!$C$6:$C$29) -> 343 | G17: =SUMIF('Week 2 October'!$A$6:$A$30,$A17,'Week 2 October'!$B$6:$B$30) -> 59567 | H17: =SUMIF('Week 2 October'!$A$6:$A$30,$A17,'Week 2 October'!$C$6:$C$30) -> 220 | I17: =SUMIF('Week 3 October'!$A$6:$A$29,$A17,'Week 3 October'!$B$6:$B$29) -> 122 | J17: =SUMIF('Week 3 October'!$A$6:$A$29,$A17,'Week 3 October'!$C$6:$C$29) -> 0 | K17: =SUMIF('Week 4 October'!$A$6:$A$30,$A17,'Week 4 October'!$B$6:$B$30) -> 60006 | L17: =SUMIF('Week 4 October'!$A$6:$A$30,$A17,'Week 4 October'!$C$6:$C$30) -> 196 | M17: =C17+E17+G17+I17+K17 -> 120575 | N17: =D17+F17+H17+J17+L17 -> 2444 | O17: =N17-M17 -> -118131 | P17: =IF(M17=0,IF(N17=0,0,"new"),N17/M17-1) -> -0.97973046 | Q17: =SUMIF(September!$A$6:$A$37,$A17,September!$F$6:$F$37)+SUMIF('Week 1 October'!$A$6:$A$29,$A17,'Week 1 October'!$F$6:$F$29)+SUMIF('Week 2 October'!$A$6:$A$30,$A17,'Week 2 October'!$F$6:$F$30)+SUMIF('Week 3 October'!$A$6:$A$29,$A17,'Week 3 October'!$F$6:$F$29)+SUMIF('Week 4 October'!$A$6:$A$30,$A17,'Week 4 October'!$F$6:$F$30) -> 10 | R17: =SUMIF(September!$A$6:$A$37,$A17,September!$G$6:$G$37)+SUMIF('Week 1 October'!$A$6:$A$29,$A17,'Week 1 October'!$G$6:$G$29)+SUMIF('Week 2 October'!$A$6:$A$30,$A17,'Week 2 October'!$G$6:$G$30)+SUMIF('Week 3 October'!$A$6:$A$29,$A17,'Week 3 October'!$G$6:$G$29)+SUMIF('Week 4 October'!$A$6:$A$30,$A17,'Week 4 October'!$G$6:$G$30) -> 16 | S17: =R17-Q17 -> 6 | T17: =IF(OR($A17="CHINA",$O$47=0),"",O17/$O$47) -> 0.038545283
... A44: ALGERIA | B44: Middle East & N. Africa | C44: =SUMIF(September!$A$6:$A$37,$A44,September!$B$6:$B$37) -> 88670 | D44: =SUMIF(September!$A$6:$A$37,$A44,September!$C$6:$C$37) -> 128695 | E44: =SUMIF('Week 1 October'!$A$6:$A$29,$A44,'Week 1 October'!$B$6:$B$29) -> 0 | F44: =SUMIF('Week 1 October'!$A$6:$A$29,$A44,'Week 1 October'!$C$6:$C$29) -> 126680 | G44: =SUMIF('Week 2 October'!$A$6:$A$30,$A44,'Week 2 October'!$B$6:$B$30) -> 44999 | H44: =SUMIF('Week 2 October'!$A$6:$A$30,$A44,'Week 2 October'!$C$6:$C$30) -> 44003 | I44: =SUMIF('Week 3 October'!$A$6:$A$29,$A44,'Week 3 October'!$B$6:$B$29) -> 0 | J44: =SUMIF('Week 3 October'!$A$6:$A$29,$A44,'Week 3 October'!$C$6:$C$29) -> 47306 | K44: =SUMIF('Week 4 October'!$A$6:$A$30,$A44,'Week 4 October'!$B$6:$B$30) -> 0 | L44: =SUMIF('Week 4 October'!$A$6:$A$30,$A44,'Week 4 October'!$C$6:$C$30) -> 96300 | M44: =C44+E44+G44+I44+K44 -> 133669 | N44: =D44+F44+H44+J44+L44 -> 442984 | O44: =N44-M44 -> 309315 | P44: =IF(M44=0,IF(N44=0,0,"new"),N44/M44-1) -> 2.3140369 | Q44: =SUMIF(September!$A$6:$A$37,$A44,September!$F$6:$F$37)+SUMIF('Week 1 October'!$A$6:$A$29,$A44,'Week 1 October'!$F$6:$F$29)+SUMIF('Week 2 October'!$A$6:$A$30,$A44,'Week 2 October'!$F$6:$F$30)+SUMIF('Week 3 October'!$A$6:$A$29,$A44,'Week 3 October'!$F$6:$F$29)+SUMIF('Week 4 October'!$A$6:$A$30,$A44,'Week 4 October'!$F$6:$F$30) -> 3 | R44: =SUMIF(September!$A$6:$A$37,$A44,September!$G$6:$G$37)+SUMIF('Week 1 October'!$A$6:$A$29,$A44,'Week 1 October'!$G$6:$G$29)+SUMIF('Week 2 October'!$A$6:$A$30,$A44,'Week 2 October'!$G$6:$G$30)+SUMIF('Week 3 October'!$A$6:$A$29,$A44,'Week 3 October'!$G$6:$G$29)+SUMIF('Week 4 October'!$A$6:$A$30,$A44,'Week 4 October'!$G$6:$G$30) -> 10 | S44: =R44-Q44 -> 7 | T44: =IF(OR($A44="CHINA",$O$47=0),"",O44/$O$47) -> -0.10092723
A45: TOTAL | C45: =SUM(C6:C44) -> 2466553 | D45: =SUM(D6:D44) -> 3071514 | E45: =SUM(E6:E44) -> 783495 | F45: =SUM(F6:F44) -> 1199430 | G45: =SUM(G6:G44) -> 1017196 | H45: =SUM(H6:H44) -> 1112594 | I45: =SUM(I6:I44) -> 1591342 | J45: =SUM(J6:J44) -> 2068086 | ... N45: =SUM(N6:N44) -> 9928077 | O45: =N45-M45 -> 2908386 | P45: =IF(M45=0,IF(N45=0,0,"new"),N45/M45-1) -> 0.41431824 | Q45: =SUM(Q6:Q44) -> 2573 | R45: =SUM(R6:R44) -> 1850 | S45: =R45-Q45 -> -723
A46: China | C46: =SUMIF($A$6:$A$44,"CHINA",C6:C44) -> 0 | D46: =SUMIF($A$6:$A$44,"CHINA",D6:D44) -> 1581810 | E46: =SUMIF($A$6:$A$44,"CHINA",E6:E44) -> 0 | F46: =SUMIF($A$6:$A$44,"CHINA",F6:F44) -> 756492 | G46: =SUMIF($A$6:$A$44,"CHINA",G6:G44) -> 0 | H46: =SUMIF($A$6:$A$44,"CHINA",H6:H44) -> 649252 | I46: =SUMIF($A$6:$A$44,"CHINA",I6:I44) -> 0 | J46: =SUMIF($A$6:$A$44,"CHINA",J6:J44) -> 1333625 | ... N46: =SUMIF($A$6:$A$44,"CHINA",N6:N44) -> 5973119 | O46: =N46-M46 -> 5973119 | P46: =IF(M46=0,IF(N46=0,0,"new"),N46/M46-1) -> new | Q46: =SUMIF($A$6:$A$44,"CHINA",Q6:Q44) -> 0 | R46: =SUMIF($A$6:$A$44,"CHINA",R6:R44) -> 91 | S46: =R46-Q46 -> 91
A47: Rest of World excl. China | C47: =C45-C46 -> 2466553 | D47: =D45-D46 -> 1489704 | E47: =E45-E46 -> 783495 | F47: =F45-F46 -> 442938 | G47: =G45-G46 -> 1017196 | H47: =H45-H46 -> 463342 | I47: =I45-I46 -> 1591342 | J47: =J45-J46 -> 734461 | ... N47: =N45-N46 -> 3954958 | O47: =N47-M47 -> -3064733 | P47: =IF(M47=0,IF(N47=0,0,"new"),N47/M47-1) -> -0.43659087 | Q47: =Q45-Q46 -> 2573 | R47: =R45-R46 -> 1759 | S47: =R47-Q47 -> -814 | T47: =IF(OR($A47="CHINA",$O$47=0),"",O47/$O$47) -> 1
A49: By region (season to date)
A50: Region | B50: # countries | C50: MT 2025 | D50: MT 2026 | E50: Δ MT | F50: Δ % | G50: Share of RoW Δ
A51: China | B51: =COUNTIF($B$6:$B$44,A51) -> 1 | C51: =SUMIF($B$6:$B$44,$A51,M$6:M$44) -> 0 | D51: =SUMIF($B$6:$B$44,$A51,N$6:N$44) -> 5973119 | E51: =D51-C51 -> 5973119 | F51: =IF(C51=0,IF(D51=0,0,"new"),D51/C51-1) -> new | G51: =IF(A51="China","",E51/$O$47)
A52: East Asia ex-China | B52: =COUNTIF($B$6:$B$44,A52) -> 3 | C52: =SUMIF($B$6:$B$44,$A52,M$6:M$44) -> 891958 | D52: =SUMIF($B$6:$B$44,$A52,N$6:N$44) -> 501186 | E52: =D52-C52 -> -390772 | F52: =IF(C52=0,IF(D52=0,0,"new"),D52/C52-1) -> -0.43810583 | G52: =IF(A52="China","",E52/$O$47) -> 0.12750605
A53: Southeast Asia | B53: =COUNTIF($B$6:$B$44,A53) -> 7 | C53: =SUMIF($B$6:$B$44,$A53,M$6:M$44) -> 842893 | D53: =SUMIF($B$6:$B$44,$A53,N$6:N$44) -> 619394 | E53: =D53-C53 -> -223499 | F53: =IF(C53=0,IF(D53=0,0,"new"),D53/C53-1) -> -0.26515702 | G53: =IF(A53="China","",E53/$O$47) -> 0.072926092
A54: South Asia | B54: =COUNTIF($B$6:$B$44,A54) -> 4 | C54: =SUMIF($B$6:$B$44,$A54,M$6:M$44) -> 1056525 | D54: =SUMIF($B$6:$B$44,$A54,N$6:N$44) -> 238678 | E54: =D54-C54 -> -817847 | F54: =IF(C54=0,IF(D54=0,0,"new"),D54/C54-1) -> -0.77409148 | G54: =IF(A54="China","",E54/$O$47) -> 0.2668575
A55: Middle East & N. Africa | B55: =COUNTIF($B$6:$B$44,A55) -> 7 | C55: =SUMIF($B$6:$B$44,$A55,M$6:M$44) -> 1492430 | D55: =SUMIF($B$6:$B$44,$A55,N$6:N$44) -> 1137501 | E55: =D55-C55 -> -354929 | F55: =IF(C55=0,IF(D55=0,0,"new"),D55/C55-1) -> -0.23781953 | G55: =IF(A55="China","",E55/$O$47) -> 0.11581074
A56: Europe | B56: =COUNTIF($B$6:$B$44,A56) -> 7 | C56: =SUMIF($B$6:$B$44,$A56,M$6:M$44) -> 1442793 | D56: =SUMIF($B$6:$B$44,$A56,N$6:N$44) -> 560496 | E56: =D56-C56 -> -882297 | F56: =IF(C56=0,IF(D56=0,0,"new"),D56/C56-1) -> -0.61152016 | G56: =IF(A56="China","",E56/$O$47) -> 0.28788707
A57: Americas | B57: =COUNTIF($B$6:$B$44,A57) -> 9 | C57: =SUMIF($B$6:$B$44,$A57,M$6:M$44) -> 1293092 | D57: =SUMIF($B$6:$B$44,$A57,N$6:N$44) -> 897507 | E57: =D57-C57 -> -395585 | F57: =IF(C57=0,IF(D57=0,0,"new"),D57/C57-1) -> -0.30592178 | G57: =IF(A57="China","",E57/$O$47) -> 0.1290765
A58: Sub-Saharan Africa | B58: =COUNTIF($B$6:$B$44,A58) -> 1 | C58: =SUMIF($B$6:$B$44,$A58,M$6:M$44) -> 0 | D58: =SUMIF($B$6:$B$44,$A58,N$6:N$44) -> 196 | E58: =D58-C58 -> 196 | F58: =IF(C58=0,IF(D58=0,0,"new"),D58/C58-1) -> new | G58: =IF(A58="China","",E58/$O$47) -> -6.3953369e-05
A59: TOTAL | B59: =SUM(B51:B58) -> 39 | C59: =SUM(C51:C58) -> 7019691 | D59: =SUM(D51:D58) -> 9928077 | E59: =SUM(E51:E58) -> 2908386 | F59: =IF(C59=0,0,D59/C59-1) -> 0.41431824

Sheet September
A1: US Soybean Export Inspections — weeks ending Thu 4/11/18/25 Sep 2025 vs Thu 3/10/17/24 Sep 2026 (weekly-report basis)
A2: Source: USDA AMS/FGIS export grain inspections, CY2025 and CY2026 files (Grain = SOYBEANS, grouped by "Thursday" week-ending date). CY2026 data as of file dated wk ending 22 Oct 2026, incl. revisions.
A4: Destination | B4: Metric tons | F4: Number of inspections
B5: 2025 | C5: 2026 | D5: Δ MT | E5: Δ % | F5: 2025 | G5: 2026 | H5: Δ
A6: CHINA | B6: 0 | C6: 1581810 | D6: =C6-B6 -> 1581810 | E6: =IF(B6=0,IF(C6=0,0,"new"),C6/B6-1) -> new | F6: 0 | G6: 24 | H6: =G6-F6 -> 24
A7: EGYPT | B7: 392308 | C7: 287000 | D7: =C7-B7 -> -105308 | E7: =IF(B7=0,IF(C7=0,0,"new"),C7/B7-1) -> -0.26843195 | F7: 7 | G7: 5 | H7: =G7-F7 -> -2
A8: MEXICO | B8: 332913 | C8: 196733 | D8: =C8-B8 -> -136180 | E8: =IF(B8=0,IF(C8=0,0,"new"),C8/B8-1) -> -0.40905582 | F8: 39 | G8: 36 | H8: =G8-F8 -> -3
A9: JAPAN | B9: 257479 | C9: 170766 | D9: =C9-B9 -> -86713 | E9: =IF(B9=0,IF(C9=0,0,"new"),C9/B9-1) -> -0.33677698 | F9: 19 | G9: 31 | H9: =G9-F9 -> 12
A10: ITALY | B10: 185744 | C10: 162784 | D10: =C10-B10 -> -22960 | E10: =IF(B10=0,IF(C10=0,0,"new"),C10/B10-1) -> -0.12361099 | F10: 3 | G10: 3 | H10: =G10-F10 -> 0
A11: INDONESIA | B11: 188108 | C11: 133674 | D11: =C11-B11 -> -54434 | E11: =IF(B11=0,IF(C11=0,0,"new"),C11/B11-1) -> -0.28937632 | F11: 212 | G11: 231 | H11: =G11-F11 -> 19
A12: ALGERIA | B12: 88670 | C12: 128695 | D12: =C12-B12 -> 40025 | E12: =IF(B12=0,IF(C12=0,0,"new"),C12/B12-1) -> 0.4513928 | F12: 2 | G12: 3 | H12: =G12-F12 -> 1
A13: BANGLADESH | B13: 169531 | C13: 114598 | D13: =C13-B13 -> -54933 | E13: =IF(B13=0,IF(C13=0,0,"new"),C13/B13-1) -> -0.32402923 | F13: 3 | G13: 2 | H13: =G13-F13 -> -1
A14: NETHERLANDS | B14: 69088 | C14: 59652 | D14: =C14-B14 -> -9436 | E14: =IF(B14=0,IF(C14=0,0,"new"),C14/B14-1) -> -0.13657943 | F14: 1 | G14: 1 | H14: =G14-F14 -> 0
A15: GERMANY | B15: 128961 | C15: 58374 | D15: =C15-B15 -> -70587 | E15: =IF(B15=0,IF(C15=0,0,"new"),C15/B15-1) -> -0.54735152 | F15: 2 | G15: 1 | H15: =G15-F15 -> -1
A16: VIETNAM | B16: 30794 | C16: 40096 | D16: =C16-B16 -> 9302 | E16: =IF(B16=0,IF(C16=0,0,"new"),C16/B16-1) -> 0.30207183 | F16: 118 | G16: 162 | H16: =G16-F16 -> 44
A17: COLOMBIA | B17: 27740 | C17: 33430 | D17: =C17-B17 -> 5690 | E17: =IF(B17=0,IF(C17=0,0,"new"),C17/B17-1) -> 0.20511896 | F17: 3 | G17: 4 | H17: =G17-F17 -> 1
... A37: GRENADA | B37: 1000 | C37: 0 | D37: =C37-B37 -> -1000 | E37: =IF(B37=0,IF(C37=0,0,"new"),C37/B37-1) -> -1 | F37: 1 | G37: 0 | H37: =G37-F37 -> -1
A38: TOTAL | B38: =SUM(B6:B37) -> 2466553 | C38: =SUM(C6:C37) -> 3071514 | D38: =C38-B38 -> 604961 | E38: =IF(B38=0,IF(C38=0,0,"new"),C38/B38-1) -> 0.24526576 | F38: =SUM(F6:F37) -> 892 | G38: =SUM(G6:G37) -> 721 | H38: =G38-F38 -> -171
A39: China | B39: =SUMIF($A$6:$A$37,"CHINA",B6:B37) -> 0 | C39: =SUMIF($A$6:$A$37,"CHINA",C6:C37) -> 1581810 | D39: =C39-B39 -> 1581810 | E39: =IF(B39=0,IF(C39=0,0,"new"),C39/B39-1) -> new | F39: =SUMIF($A$6:$A$37,"CHINA",F6:F37) -> 0 | G39: =SUMIF($A$6:$A$37,"CHINA",G6:G37) -> 24 | H39: =G39-F39 -> 24
A40: Rest of World excl. China | B40: =B38-B39 -> 2466553 | C40: =C38-C39 -> 1489704 | D40: =C40-B40 -> -976849 | E40: =IF(B40=0,IF(C40=0,0,"new"),C40/B40-1) -> -0.39603811 | F40: =F38-F39 -> 892 | G40: =G38-G39 -> 697 | H40: =G40-F40 -> -195

Sheet Week 1 October
A1: US Soybean Export Inspections — week ending Thu 2 Oct 2025 (26 Sep–2 Oct) vs week ending Thu 1 Oct 2026 (25 Sep–1 Oct) (weekly-report basis)
A2: Source: USDA AMS/FGIS export grain inspections, CY2025 and CY2026 files (Grain = SOYBEANS, grouped by "Thursday" week-ending date). CY2026 data as of file dated wk ending 22 Oct 2026, incl. revisions.
A4: Destination | B4: Metric tons | F4: Number of inspections
B5: 2025 | C5: 2026 | D5: Δ MT | E5: Δ % | F5: 2025 | G5: 2026 | H5: Δ
A6: CHINA | B6: 0 | C6: 756492 | D6: =C6-B6 -> 756492 | E6: =IF(B6=0,IF(C6=0,0,"new"),C6/B6-1) -> new | F6: 0 | G6: 12 | H6: =G6-F6 -> 12
A7: ALGERIA | B7: 0 | C7: 126680 | D7: =C7-B7 -> 126680 | E7: =IF(B7=0,IF(C7=0,0,"new"),C7/B7-1) -> new | F7: 0 | G7: 3 | H7: =G7-F7 -> 3
A8: BANGLADESH | B8: 0 | C8: 59219 | D8: =C8-B8 -> 59219 | E8: =IF(B8=0,IF(C8=0,0,"new"),C8/B8-1) -> new | F8: 0 | G8: 1 | H8: =G8-F8 -> 1
A9: GERMANY | B9: 0 | C9: 58993 | D9: =C9-B9 -> 58993 | E9: =IF(B9=0,IF(C9=0,0,"new"),C9/B9-1) -> new | F9: 0 | G9: 1 | H9: =G9-F9 -> 1
A10: TURKEY | B10: 69297 | C10: 57366 | D10: =C10-B10 -> -11931 | E10: =IF(B10=0,IF(C10=0,0,"new"),C10/B10-1) -> -0.17217196 | F10: 1 | G10: 1 | H10: =G10-F10 -> 0
A11: PORTUGAL | B11: 0 | C11: 35887 | D11: =C11-B11 -> 35887 | E11: =IF(B11=0,IF(C11=0,0,"new"),C11/B11-1) -> new | F11: 0 | G11: 1 | H11: =G11-F11 -> 1
A12: MEXICO | B12: 217595 | C12: 32033 | D12: =C12-B12 -> -185562 | E12: =IF(B12=0,IF(C12=0,0,"new"),C12/B12-1) -> -0.85278614 | F12: 15 | G12: 6 | H12: =G12-F12 -> -9
A13: JAPAN | B13: 10429 | C13: 21886 | D13: =C13-B13 -> 11457 | E13: =IF(B13=0,IF(C13=0,0,"new"),C13/B13-1) -> 1.0985713 | F13: 6 | G13: 4 | H13: =G13-F13 -> -2
A14: VIETNAM | B14: 12194 | C14: 11555 | D14: =C14-B14 -> -639 | E14: =IF(B14=0,IF(C14=0,0,"new"),C14/B14-1) -> -0.052402821 | F14: 39 | G14: 45 | H14: =G14-F14 -> 6
A15: COLOMBIA | B15: 6285 | C15: 10628 | D15: =C15-B15 -> 4343 | E15: =IF(B15=0,IF(C15=0,0,"new"),C15/B15-1) -> 0.69101034 | F15: 1 | G15: 1 | H15: =G15-F15 -> 0
A16: INDONESIA | B16: 44171 | C16: 9034 | D16: =C16-B16 -> -35137 | E16: =IF(B16=0,IF(C16=0,0,"new"),C16/B16-1) -> -0.79547667 | F16: 128 | G16: 28 | H16: =G16-F16 -> -100
A17: COSTA RICA | B17: 12285 | C17: 7196 | D17: =C17-B17 -> -5089 | E17: =IF(B17=0,IF(C17=0,0,"new"),C17/B17-1) -> -0.41424501 | F17: 1 | G17: 1 | H17: =G17-F17 -> 0
... A29: SRI LANKA | B29: 294 | C29: 0 | D29: =C29-B29 -> -294 | E29: =IF(B29=0,IF(C29=0,0,"new"),C29/B29-1) -> -1 | F29: 1 | G29: 0 | H29: =G29-F29 -> -1
A30: TOTAL | B30: =SUM(B6:B29) -> 783495 | C30: =SUM(C6:C29) -> 1199430 | D30: =C30-B30 -> 415935 | E30: =IF(B30=0,IF(C30=0,0,"new"),C30/B30-1) -> 0.53087129 | F30: =SUM(F6:F29) -> 313 | G30: =SUM(G6:G29) -> 142 | H30: =G30-F30 -> -171
A31: China | B31: =SUMIF($A$6:$A$29,"CHINA",B6:B29) -> 0 | C31: =SUMIF($A$6:$A$29,"CHINA",C6:C29) -> 756492 | D31: =C31-B31 -> 756492 | E31: =IF(B31=0,IF(C31=0,0,"new"),C31/B31-1) -> new | F31: =SUMIF($A$6:$A$29,"CHINA",F6:F29) -> 0 | G31: =SUMIF($A$6:$A$29,"CHINA",G6:G29) -> 12 | H31: =G31-F31 -> 12
A32: Rest of World excl. China | B32: =B30-B31 -> 783495 | C32: =C30-C31 -> 442938 | D32: =C32-B32 -> -340557 | E32: =IF(B32=0,IF(C32=0,0,"new"),C32/B32-1) -> -0.43466391 | F32: =F30-F31 -> 313 | G32: =G30-G31 -> 130 | H32: =G32-F32 -> -183

Sheet Week 2 October
A1: US Soybean Export Inspections — week ending Thu 9 Oct 2025 (3–9 Oct) vs week ending Thu 8 Oct 2026 (2–8 Oct) (weekly-report basis)
A2: Source: USDA AMS/FGIS export grain inspections, CY2025 and CY2026 files (Grain = SOYBEANS, grouped by "Thursday" week-ending date). CY2026 data as of file dated wk ending 22 Oct 2026, incl. revisions.
A4: Destination | B4: Metric tons | F4: Number of inspections
B5: 2025 | C5: 2026 | D5: Δ MT | E5: Δ % | F5: 2025 | G5: 2026 | H5: Δ
A6: CHINA | B6: 0 | C6: 649252 | D6: =C6-B6 -> 649252 | E6: =IF(B6=0,IF(C6=0,0,"new"),C6/B6-1) -> new | F6: 0 | G6: 10 | H6: =G6-F6 -> 10
A7: MEXICO | B7: 195947 | C7: 99486 | D7: =C7-B7 -> -96461 | E7: =IF(B7=0,IF(C7=0,0,"new"),C7/B7-1) -> -0.49228108 | F7: 44 | G7: 9 | H7: =G7-F7 -> -35
A8: EGYPT | B8: 0 | C8: 79022 | D8: =C8-B8 -> 79022 | E8: =IF(B8=0,IF(C8=0,0,"new"),C8/B8-1) -> new | F8: 0 | G8: 2 | H8: =G8-F8 -> 2
A9: VIETNAM | B9: 19441 | C9: 75868 | D9: =C9-B9 -> 56427 | E9: =IF(B9=0,IF(C9=0,0,"new"),C9/B9-1) -> 2.9024742 | F9: 62 | G9: 53 | H9: =G9-F9 -> -9
A10: JAPAN | B10: 19882 | C10: 58266 | D10: =C10-B10 -> 38384 | E10: =IF(B10=0,IF(C10=0,0,"new"),C10/B10-1) -> 1.9305905 | F10: 4 | G10: 10 | H10: =G10-F10 -> 6
A11: GERMANY | B11: 52471 | C11: 56965 | D11: =C11-B11 -> 4494 | E11: =IF(B11=0,IF(C11=0,0,"new"),C11/B11-1) -> 0.08564731 | F11: 1 | G11: 1 | H11: =G11-F11 -> 0
A12: ALGERIA | B12: 44999 | C12: 44003 | D12: =C12-B12 -> -996 | E12: =IF(B12=0,IF(C12=0,0,"new"),C12/B12-1) -> -0.022133825 | F12: 1 | G12: 1 | H12: =G12-F12 -> 0
A13: INDONESIA | B13: 44470 | C13: 21059 | D13: =C13-B13 -> -23411 | E13: =IF(B13=0,IF(C13=0,0,"new"),C13/B13-1) -> -0.52644479 | F13: 131 | G13: 65 | H13: =G13-F13 -> -66
A14: TAIWAN | B14: 44471 | C14: 11578 | D14: =C14-B14 -> -32893 | E14: =IF(B14=0,IF(C14=0,0,"new"),C14/B14-1) -> -0.73965056 | F14: 124 | G14: 35 | H14: =G14-F14 -> -89
A15: MALAYSIA | B15: 5193 | C15: 9210 | D15: =C15-B15 -> 4017 | E15: =IF(B15=0,IF(C15=0,0,"new"),C15/B15-1) -> 0.77354131 | F15: 12 | G15: 23 | H15: =G15-F15 -> 11
A16: THAILAND | B16: 3967 | C16: 5634 | D16: =C16-B16 -> 1667 | E16: =IF(B16=0,IF(C16=0,0,"new"),C16/B16-1) -> 0.42021679 | F16: 11 | G16: 14 | H16: =G16-F16 -> 3
A17: PHILIPPINES | B17: 1445 | C17: 1811 | D17: =C17-B17 -> 366 | E17: =IF(B17=0,IF(C17=0,0,"new"),C17/B17-1) -> 0.2532872 | F17: 6 | G17: 6 | H17: =G17-F17 -> 0
... A30: CAMBODIA | B30: 73 | C30: 0 | D30: =C30-B30 -> -73 | E30: =IF(B30=0,IF(C30=0,0,"new"),C30/B30-1) -> -1 | F30: 1 | G30: 0 | H30: =G30-F30 -> -1
A31: TOTAL | B31: =SUM(B6:B30) -> 1017196 | C31: =SUM(C6:C30) -> 1112594 | D31: =C31-B31 -> 95398 | E31: =IF(B31=0,IF(C31=0,0,"new"),C31/B31-1) -> 0.093785269 | F31: =SUM(F6:F30) -> 411 | G31: =SUM(G6:G30) -> 233 | H31: =G31-F31 -> -178
A32: China | B32: =SUMIF($A$6:$A$30,"CHINA",B6:B30) -> 0 | C32: =SUMIF($A$6:$A$30,"CHINA",C6:C30) -> 649252 | D32: =C32-B32 -> 649252 | E32: =IF(B32=0,IF(C32=0,0,"new"),C32/B32-1) -> new | F32: =SUMIF($A$6:$A$30,"CHINA",F6:F30) -> 0 | G32: =SUMIF($A$6:$A$30,"CHINA",G6:G30) -> 10 | H32: =G32-F32 -> 10
A33: Rest of World excl. China | B33: =B31-B32 -> 1017196 | C33: =C31-C32 -> 463342 | D33: =C33-B33 -> -553854 | E33: =IF(B33=0,IF(C33=0,0,"new"),C33/B33-1) -> -0.54449093 | F33: =F31-F32 -> 411 | G33: =G31-G32 -> 223 | H33: =G33-F33 -> -188

Sheet Week 3 October
A1: US Soybean Export Inspections — week ending Thu 16 Oct 2025 (10–16 Oct) vs week ending Thu 15 Oct 2026 (9–15 Oct) (weekly-report basis)
A2: Source: USDA AMS/FGIS export grain inspections, CY2025 and CY2026 files (Grain = SOYBEANS, grouped by "Thursday" week-ending date). CY2026 data as of file dated wk ending 22 Oct 2026, incl. revisions.
A4: Destination | B4: Metric tons | F4: Number of inspections
B5: 2025 | C5: 2026 | D5: Δ MT | E5: Δ % | F5: 2025 | G5: 2026 | H5: Δ
A6: CHINA | B6: 0 | C6: 1333625 | D6: =C6-B6 -> 1333625 | E6: =IF(B6=0,IF(C6=0,0,"new"),C6/B6-1) -> new | F6: 0 | G6: 20 | H6: =G6-F6 -> 20
A7: MEXICO | B7: 232745 | C7: 213260 | D7: =C7-B7 -> -19485 | E7: =IF(B7=0,IF(C7=0,0,"new"),C7/B7-1) -> -0.083718232 | F7: 20 | G7: 24 | H7: =G7-F7 -> 4
A8: JAPAN | B8: 58763 | C8: 94911 | D8: =C8-B8 -> 36148 | E8: =IF(B8=0,IF(C8=0,0,"new"),C8/B8-1) -> 0.61514899 | F8: 10 | G8: 10 | H8: =G8-F8 -> 0
A9: GERMANY | B9: 136901 | C9: 84515 | D9: =C9-B9 -> -52386 | E9: =IF(B9=0,IF(C9=0,0,"new"),C9/B9-1) -> -0.38265608 | F9: 4 | G9: 1 | H9: =G9-F9 -> -3
A10: VIETNAM | B10: 166695 | C10: 75538 | D10: =C10-B10 -> -91157 | E10: =IF(B10=0,IF(C10=0,0,"new"),C10/B10-1) -> -0.54684904 | F10: 75 | G10: 72 | H10: =G10-F10 -> -3
A11: INDONESIA | B11: 61850 | C11: 60743 | D11: =C11-B11 -> -1107 | E11: =IF(B11=0,IF(C11=0,0,"new"),C11/B11-1) -> -0.017898141 | F11: 185 | G11: 115 | H11: =G11-F11 -> -70
A12: TURKEY | B12: 21109 | C12: 52964 | D12: =C12-B12 -> 31855 | E12: =IF(B12=0,IF(C12=0,0,"new"),C12/B12-1) -> 1.509072 | F12: 1 | G12: 1 | H12: =G12-F12 -> 0
A13: EGYPT | B13: 163652 | C13: 52353 | D13: =C13-B13 -> -111299 | E13: =IF(B13=0,IF(C13=0,0,"new"),C13/B13-1) -> -0.68009557 | F13: 3 | G13: 1 | H13: =G13-F13 -> -2
A14: ALGERIA | B14: 0 | C14: 47306 | D14: =C14-B14 -> 47306 | E14: =IF(B14=0,IF(C14=0,0,"new"),C14/B14-1) -> new | F14: 0 | G14: 1 | H14: =G14-F14 -> 1
A15: TAIWAN | B15: 122140 | C15: 24804 | D15: =C15-B15 -> -97336 | E15: =IF(B15=0,IF(C15=0,0,"new"),C15/B15-1) -> -0.79692157 | F15: 138 | G15: 121 | H15: =G15-F15 -> -17
A16: COSTA RICA | B16: 0 | C16: 12050 | D16: =C16-B16 -> 12050 | E16: =IF(B16=0,IF(C16=0,0,"new"),C16/B16-1) -> new | F16: 0 | G16: 1 | H16: =G16-F16 -> 1
A17: MALAYSIA | B17: 10802 | C17: 8302 | D17: =C17-B17 -> -2500 | E17: =IF(B17=0,IF(C17=0,0,"new"),C17/B17-1) -> -0.23143862 | F17: 25 | G17: 20 | H17: =G17-F17 -> -5
... A29: KOREA REP | B29: 122 | C29: 0 | D29: =C29-B29 -> -122 | E29: =IF(B29=0,IF(C29=0,0,"new"),C29/B29-1) -> -1 | F29: 1 | G29: 0 | H29: =G29-F29 -> -1
A30: TOTAL | B30: =SUM(B6:B29) -> 1591342 | C30: =SUM(C6:C29) -> 2068086 | D30: =C30-B30 -> 476744 | E30: =IF(B30=0,IF(C30=0,0,"new"),C30/B30-1) -> 0.29958614 | F30: =SUM(F6:F29) -> 503 | G30: =SUM(G6:G29) -> 411 | H30: =G30-F30 -> -92
A31: China | B31: =SUMIF($A$6:$A$29,"CHINA",B6:B29) -> 0 | C31: =SUMIF($A$6:$A$29,"CHINA",C6:C29) -> 1333625 | D31: =C31-B31 -> 1333625 | E31: =IF(B31=0,IF(C31=0,0,"new"),C31/B31-1) -> new | F31: =SUMIF($A$6:$A$29,"CHINA",F6:F29) -> 0 | G31: =SUMIF($A$6:$A$29,"CHINA",G6:G29) -> 20 | H31: =G31-F31 -> 20
A32: Rest of World excl. China | B32: =B30-B31 -> 1591342 | C32: =C30-C31 -> 734461 | D32: =C32-B32 -> -856881 | E32: =IF(B32=0,IF(C32=0,0,"new"),C32/B32-1) -> -0.53846439 | F32: =F30-F31 -> 503 | G32: =G30-G31 -> 391 | H32: =G32-F32 -> -112

Sheet Week 4 October
A1: US Soybean Export Inspections — week ending Thu 23 Oct 2025 (17–23 Oct) vs week ending Thu 22 Oct 2026 (16–22 Oct) (weekly-report basis)
A2: Source: USDA AMS/FGIS export grain inspections, CY2025 and CY2026 files (Grain = SOYBEANS, grouped by "Thursday" week-ending date). CY2026 data as of file dated wk ending 22 Oct 2026, incl. revisions.
A4: Destination | B4: Metric tons | F4: Number of inspections
B5: 2025 | C5: 2026 | D5: Δ MT | E5: Δ % | F5: 2025 | G5: 2026 | H5: Δ
A6: CHINA | B6: 0 | C6: 1651940 | D6: =C6-B6 -> 1651940 | E6: =IF(B6=0,IF(C6=0,0,"new"),C6/B6-1) -> new | F6: 0 | G6: 25 | H6: =G6-F6 -> 25
A7: MEXICO | B7: 166595 | C7: 264556 | D7: =C7-B7 -> 97961 | E7: =IF(B7=0,IF(C7=0,0,"new"),C7/B7-1) -> 0.58801885 | F7: 15 | G7: 21 | H7: =G7-F7 -> 6
A8: EGYPT | B8: 147560 | C8: 135046 | D8: =C8-B8 -> -12514 | E8: =IF(B8=0,IF(C8=0,0,"new"),C8/B8-1) -> -0.084806181 | F8: 3 | G8: 3 | H8: =G8-F8 -> 0
A9: ALGERIA | B9: 0 | C9: 96300 | D9: =C9-B9 -> 96300 | E9: =IF(B9=0,IF(C9=0,0,"new"),C9/B9-1) -> new | F9: 0 | G9: 2 | H9: =G9-F9 -> 2
A10: VIETNAM | B10: 23187 | C10: 84591 | D10: =C10-B10 -> 61404 | E10: =IF(B10=0,IF(C10=0,0,"new"),C10/B10-1) -> 2.648208 | F10: 77 | G10: 95 | H10: =G10-F10 -> 18
A11: BANGLADESH | B11: 57892 | C11: 59790 | D11: =C11-B11 -> 1898 | E11: =IF(B11=0,IF(C11=0,0,"new"),C11/B11-1) -> 0.032785186 | F11: 1 | G11: 1 | H11: =G11-F11 -> 0
A12: JAPAN | B12: 42250 | C12: 50173 | D12: =C12-B12 -> 7923 | E12: =IF(B12=0,IF(C12=0,0,"new"),C12/B12-1) -> 0.18752663 | F12: 4 | G12: 3 | H12: =G12-F12 -> -1
A13: ITALY | B13: 127559 | C13: 43326 | D13: =C13-B13 -> -84233 | E13: =IF(B13=0,IF(C13=0,0,"new"),C13/B13-1) -> -0.66034541 | F13: 2 | G13: 1 | H13: =G13-F13 -> -1
A14: TAIWAN | B14: 101725 | C14: 28211 | D14: =C14-B14 -> -73514 | E14: =IF(B14=0,IF(C14=0,0,"new"),C14/B14-1) -> -0.72267388 | F14: 101 | G14: 84 | H14: =G14-F14 -> -17
A15: SAUDI ARABIA | B15: 0 | C15: 20913 | D15: =C15-B15 -> 20913 | E15: =IF(B15=0,IF(C15=0,0,"new"),C15/B15-1) -> new | F15: 0 | G15: 1 | H15: =G15-F15 -> 1
A16: INDONESIA | B16: 53820 | C16: 17265 | D16: =C16-B16 -> -36555 | E16: =IF(B16=0,IF(C16=0,0,"new"),C16/B16-1) -> -0.67920847 | F16: 158 | G16: 53 | H16: =G16-F16 -> -105
A17: MALAYSIA | B17: 10019 | C17: 9626 | D17: =C17-B17 -> -393 | E17: =IF(B17=0,IF(C17=0,0,"new"),C17/B17-1) -> -0.039225472 | F17: 25 | G17: 23 | H17: =G17-F17 -> -2
... A30: CAMBODIA | B30: 367 | C30: 0 | D30: =C30-B30 -> -367 | E30: =IF(B30=0,IF(C30=0,0,"new"),C30/B30-1) -> -1 | F30: 1 | G30: 0 | H30: =G30-F30 -> -1
A31: TOTAL | B31: =SUM(B6:B30) -> 1161105 | C31: =SUM(C6:C30) -> 2476453 | D31: =C31-B31 -> 1315348 | E31: =IF(B31=0,IF(C31=0,0,"new"),C31/B31-1) -> 1.1328416 | F31: =SUM(F6:F30) -> 454 | G31: =SUM(G6:G30) -> 343 | H31: =G31-F31 -> -111
A32: China | B32: =SUMIF($A$6:$A$30,"CHINA",B6:B30) -> 0 | C32: =SUMIF($A$6:$A$30,"CHINA",C6:C30) -> 1651940 | D32: =C32-B32 -> 1651940 | E32: =IF(B32=0,IF(C32=0,0,"new"),C32/B32-1) -> new | F32: =SUMIF($A$6:$A$30,"CHINA",F6:F30) -> 0 | G32: =SUMIF($A$6:$A$30,"CHINA",G6:G30) -> 25 | H32: =G32-F32 -> 25
A33: Rest of World excl. China | B33: =B31-B32 -> 1161105 | C33: =C31-C32 -> 824513 | D33: =C33-B33 -> -336592 | E33: =IF(B33=0,IF(C33=0,0,"new"),C33/B33-1) -> -0.28988937 | F33: =F31-F32 -> 454 | G33: =G31-G32 -> 318 | H33: =G33-F33 -> -136
