Workbook

Sheet Summary China vs RoW
A1: US Soybean Export Inspections — China vs Rest of World (weekly-report basis)
A2: All figures link to the period tabs. Soybean meal is not covered: FGIS inspection data include grains/oilseeds only.
A4: Period | B4: Group | C4: MT 2025 | D4: MT 2026 | E4: Δ MT | F4: Δ % | G4: # Insp 2025 | H4: # Insp 2026 | I4: Δ Insp | J4: Share of MT 2025 | K4: Share of MT 2026
A5: September | B5: China | C5: =September!B39 -> 0 | D5: =September!C39 -> 1581810 | E5: =D5-C5 -> 1581810 | F5: =IF(C5=0,IF(D5=0,0,"new"),D5/C5-1) -> new | G5: =September!F39 -> 0 | H5: =September!G39 -> 24 | I5: =H5-G5 -> 24 | J5: =IF(C$7=0,0,C5/C$7) -> 0 | K5: =IF(D$7=0,0,D5/D$7) -> 0.51499358
B6: Rest of World excl. China | C6: =September!B40 -> 2466553 | D6: =September!C40 -> 1489704 | E6: =D6-C6 -> -976849 | F6: =IF(C6=0,IF(D6=0,0,"new"),D6/C6-1) -> -0.39603811 | G6: =September!F40 -> 892 | H6: =September!G40 -> 697 | I6: =H6-G6 -> -195 | J6: =IF(C$7=0,0,C6/C$7) -> 1 | K6: =IF(D$7=0,0,D6/D$7) -> 0.48500642
B7: Total | C7: =September!B38 -> 2466553 | D7: =September!C38 -> 3071514 | E7: =D7-C7 -> 604961 | F7: =IF(C7=0,IF(D7=0,0,"new"),D7/C7-1) -> 0.24526576 | G7: =September!F38 -> 892 | H7: =September!G38 -> 721 | I7: =H7-G7 -> -171 | J7: =IF(C$7=0,0,C7/C$7) -> 1 | K7: =IF(D$7=0,0,D7/D$7) -> 1
A8: Week 1 October | B8: China | C8: ='Week 1 October'!B31 -> 0 | D8: ='Week 1 October'!C31 -> 756492 | E8: =D8-C8 -> 756492 | F8: =IF(C8=0,IF(D8=0,0,"new"),D8/C8-1) -> new | G8: ='Week 1 October'!F31 -> 0 | H8: ='Week 1 October'!G31 -> 12 | I8: =H8-G8 -> 12 | J8: =IF(C$10=0,0,C8/C$10) -> 0 | K8: =IF(D$10=0,0,D8/D$10) -> 0.63070959
B9: Rest of World excl. China | C9: ='Week 1 October'!B32 -> 783495 | D9: ='Week 1 October'!C32 -> 442938 | E9: =D9-C9 -> -340557 | F9: =IF(C9=0,IF(D9=0,0,"new"),D9/C9-1) -> -0.43466391 | G9: ='Week 1 October'!F32 -> 313 | H9: ='Week 1 October'!G32 -> 130 | I9: =H9-G9 -> -183 | J9: =IF(C$10=0,0,C9/C$10) -> 1 | K9: =IF(D$10=0,0,D9/D$10) -> 0.36929041
B10: Total | C10: ='Week 1 October'!B30 -> 783495 | D10: ='Week 1 October'!C30 -> 1199430 | E10: =D10-C10 -> 415935 | F10: =IF(C10=0,IF(D10=0,0,"new"),D10/C10-1) -> 0.53087129 | G10: ='Week 1 October'!F30 -> 313 | H10: ='Week 1 October'!G30 -> 142 | I10: =H10-G10 -> -171 | J10: =IF(C$10=0,0,C10/C$10) -> 1 | K10: =IF(D$10=0,0,D10/D$10) -> 1
A11: Week 2 October | B11: China | C11: ='Week 2 October'!B32 -> 0 | D11: ='Week 2 October'!C32 -> 649252 | E11: =D11-C11 -> 649252 | F11: =IF(C11=0,IF(D11=0,0,"new"),D11/C11-1) -> new | G11: ='Week 2 October'!F32 -> 0 | H11: ='Week 2 October'!G32 -> 10 | I11: =H11-G11 -> 10 | J11: =IF(C$13=0,0,C11/C$13) -> 0 | K11: =IF(D$13=0,0,D11/D$13) -> 0.59208339
B12: Rest of World excl. China | C12: ='Week 2 October'!B33 -> 1017196 | D12: ='Week 2 October'!C33 -> 447303 | E12: =D12-C12 -> -569893 | F12: =IF(C12=0,IF(D12=0,0,"new"),D12/C12-1) -> -0.56025879 | G12: ='Week 2 October'!F33 -> 411 | H12: ='Week 2 October'!G33 -> 181 | I12: =H12-G12 -> -230 | J12: =IF(C$13=0,0,C12/C$13) -> 1 | K12: =IF(D$13=0,0,D12/D$13) -> 0.40791661
B13: Total | C13: ='Week 2 October'!B31 -> 1017196 | D13: ='Week 2 October'!C31 -> 1096555 | E13: =D13-C13 -> 79359 | F13: =IF(C13=0,IF(D13=0,0,"new"),D13/C13-1) -> 0.078017413 | G13: ='Week 2 October'!F31 -> 411 | H13: ='Week 2 October'!G31 -> 191 | I13: =H13-G13 -> -220 | J13: =IF(C$13=0,0,C13/C$13) -> 1 | K13: =IF(D$13=0,0,D13/D$13) -> 1
A14: Sept + Oct (Wk 1–2) | B14: China | C14: =C5+C8+C11 -> 0 | D14: =D5+D8+D11 -> 2987554 | E14: =D14-C14 -> 2987554 | F14: =IF(C14=0,IF(D14=0,0,"new"),D14/C14-1) -> new | G14: =G5+G8+G11 -> 0 | H14: =H5+H8+H11 -> 46 | I14: =H14-G14 -> 46 | J14: =IF(C$16=0,0,C14/C$16) -> 0 | K14: =IF(D$16=0,0,D14/D$16) -> 0.55660076
B15: Rest of World excl. China | C15: =C6+C9+C12 -> 4267244 | D15: =D6+D9+D12 -> 2379945 | E15: =D15-C15 -> -1887299 | F15: =IF(C15=0,IF(D15=0,0,"new"),D15/C15-1) -> -0.44227586 | G15: =G6+G9+G12 -> 1616 | H15: =H6+H9+H12 -> 1008 | I15: =H15-G15 -> -608 | J15: =IF(C$16=0,0,C15/C$16) -> 1 | K15: =IF(D$16=0,0,D15/D$16) -> 0.44339924
B16: Total | C16: =C7+C10+C13 -> 4267244 | D16: =D7+D10+D13 -> 5367499 | E16: =D16-C16 -> 1100255 | F16: =IF(C16=0,IF(D16=0,0,"new"),D16/C16-1) -> 0.25783738 | G16: =G7+G10+G13 -> 1616 | H16: =H7+H10+H13 -> 1054 | I16: =H16-G16 -> -562 | J16: =IF(C$16=0,0,C16/C$16) -> 1 | K16: =IF(D$16=0,0,D16/D$16) -> 1
A18: Revision note (CY2026 file, wk ending 8 Oct 2026 vs previous version of this workbook):
A19: September 2026: 3,070,755 MT / 718 insp. previously → now 3,071,514 MT / 721 insp. (+759 MT, all RoW; China unchanged).
A20: Week 1 Oct 2026: 1,138,416 MT / 126 insp. previously → now 1,199,430 MT / 142 insp. (+61,014 MT, all RoW; China unchanged). 2025 figures unchanged.

Sheet September
A1: US Soybean Export Inspections — weeks ending Thu 4/11/18/25 Sep 2025 vs Thu 3/10/17/24 Sep 2026 (weekly-report basis)
A2: Source: USDA AMS/FGIS export grain inspections, CY2025 and CY2026 files (Grain = SOYBEANS, grouped by "Thursday" week-ending date). CY2026 data as of file dated wk ending 8 Oct 2026, incl. revisions.
A4: Destination | B4: Metric tons | F4: Number of inspections
B5: 2025 | C5: 2026 | D5: Δ MT | E5: Δ % | F5: 2025 | G5: 2026 | H5: Δ
A6: CHINA | B6: 0 | C6: 1581810 | D6: =C6-B6 -> 1581810 | E6: =IF(B6=0,IF(C6=0,0,"new"),C6/B6-1) -> new | F6: 0 | G6: 24 | H6: =G6-F6 -> 24
A7: EGYPT | B7: 392308 | C7: 287000 | D7: =C7-B7 -> -105308 | E7: =IF(B7=0,IF(C7=0,0,"new"),C7/B7-1) -> -0.26843195 | F7: 7 | G7: 5 | H7: =G7-F7 -> -2
A8: MEXICO | B8: 332913 | C8: 196733 | D8: =C8-B8 -> -136180 | E8: =IF(B8=0,IF(C8=0,0,"new"),C8/B8-1) -> -0.40905582 | F8: 39 | G8: 36 | H8: =G8-F8 -> -3
A9: JAPAN | B9: 257479 | C9: 170766 | D9: =C9-B9 -> -86713 | E9: =IF(B9=0,IF(C9=0,0,"new"),C9/B9-1) -> -0.33677698 | F9: 19 | G9: 31 | H9: =G9-F9 -> 12
A10: ITALY | B10: 185744 | C10: 162784 | D10: =C10-B10 -> -22960 | E10: =IF(B10=0,IF(C10=0,0,"new"),C10/B10-1) -> -0.12361099 | F10: 3 | G10: 3 | H10: =G10-F10 -> 0
A11: INDONESIA | B11: 188108 | C11: 133674 | D11: =C11-B11 -> -54434 | E11: =IF(B11=0,IF(C11=0,0,"new"),C11/B11-1) -> -0.28937632 | F11: 212 | G11: 231 | H11: =G11-F11 -> 19
A12: ALGERIA | B12: 88670 | C12: 128695 | D12: =C12-B12 -> 40025 | E12: =IF(B12=0,IF(C12=0,0,"new"),C12/B12-1) -> 0.4513928 | F12: 2 | G12: 3 | H12: =G12-F12 -> 1
A13: BANGLADESH | B13: 169531 | C13: 114598 | D13: =C13-B13 -> -54933 | E13: =IF(B13=0,IF(C13=0,0,"new"),C13/B13-1) -> -0.32402923 | F13: 3 | G13: 2 | H13: =G13-F13 -> -1
A14: NETHERLANDS | B14: 69088 | C14: 59652 | D14: =C14-B14 -> -9436 | E14: =IF(B14=0,IF(C14=0,0,"new"),C14/B14-1) -> -0.13657943 | F14: 1 | G14: 1 | H14: =G14-F14 -> 0
A15: GERMANY | B15: 128961 | C15: 58374 | D15: =C15-B15 -> -70587 | E15: =IF(B15=0,IF(C15=0,0,"new"),C15/B15-1) -> -0.54735152 | F15: 2 | G15: 1 | H15: =G15-F15 -> -1
A16: VIETNAM | B16: 30794 | C16: 40096 | D16: =C16-B16 -> 9302 | E16: =IF(B16=0,IF(C16=0,0,"new"),C16/B16-1) -> 0.30207183 | F16: 118 | G16: 162 | H16: =G16-F16 -> 44
A17: COLOMBIA | B17: 27740 | C17: 33430 | D17: =C17-B17 -> 5690 | E17: =IF(B17=0,IF(C17=0,0,"new"),C17/B17-1) -> 0.20511896 | F17: 3 | G17: 4 | H17: =G17-F17 -> 1
... A37: GRENADA | B37: 1000 | C37: 0 | D37: =C37-B37 -> -1000 | E37: =IF(B37=0,IF(C37=0,0,"new"),C37/B37-1) -> -1 | F37: 1 | G37: 0 | H37: =G37-F37 -> -1
A38: TOTAL | B38: =SUM(B6:B37) -> 2466553 | C38: =SUM(C6:C37) -> 3071514 | D38: =C38-B38 -> 604961 | E38: =IF(B38=0,IF(C38=0,0,"new"),C38/B38-1) -> 0.24526576 | F38: =SUM(F6:F37) -> 892 | G38: =SUM(G6:G37) -> 721 | H38: =G38-F38 -> -171
A39: China | B39: =SUMIF($A$6:$A$37,"CHINA",B6:B37) -> 0 | C39: =SUMIF($A$6:$A$37,"CHINA",C6:C37) -> 1581810 | D39: =C39-B39 -> 1581810 | E39: =IF(B39=0,IF(C39=0,0,"new"),C39/B39-1) -> new | F39: =SUMIF($A$6:$A$37,"CHINA",F6:F37) -> 0 | G39: =SUMIF($A$6:$A$37,"CHINA",G6:G37) -> 24 | H39: =G39-F39 -> 24
A40: Rest of World excl. China | B40: =B38-B39 -> 2466553 | C40: =C38-C39 -> 1489704 | D40: =C40-B40 -> -976849 | E40: =IF(B40=0,IF(C40=0,0,"new"),C40/B40-1) -> -0.39603811 | F40: =F38-F39 -> 892 | G40: =G38-G39 -> 697 | H40: =G40-F40 -> -195

Sheet Week 1 October
A1: US Soybean Export Inspections — week ending Thu 2 Oct 2025 (26 Sep–2 Oct) vs week ending Thu 1 Oct 2026 (25 Sep–1 Oct) (weekly-report basis)
A2: Source: USDA AMS/FGIS export grain inspections, CY2025 and CY2026 files (Grain = SOYBEANS, grouped by "Thursday" week-ending date). CY2026 data as of file dated wk ending 8 Oct 2026, incl. revisions.
A4: Destination | B4: Metric tons | F4: Number of inspections
B5: 2025 | C5: 2026 | D5: Δ MT | E5: Δ % | F5: 2025 | G5: 2026 | H5: Δ
A6: CHINA | B6: 0 | C6: 756492 | D6: =C6-B6 -> 756492 | E6: =IF(B6=0,IF(C6=0,0,"new"),C6/B6-1) -> new | F6: 0 | G6: 12 | H6: =G6-F6 -> 12
A7: ALGERIA | B7: 0 | C7: 126680 | D7: =C7-B7 -> 126680 | E7: =IF(B7=0,IF(C7=0,0,"new"),C7/B7-1) -> new | F7: 0 | G7: 3 | H7: =G7-F7 -> 3
A8: BANGLADESH | B8: 0 | C8: 59219 | D8: =C8-B8 -> 59219 | E8: =IF(B8=0,IF(C8=0,0,"new"),C8/B8-1) -> new | F8: 0 | G8: 1 | H8: =G8-F8 -> 1
A9: GERMANY | B9: 0 | C9: 58993 | D9: =C9-B9 -> 58993 | E9: =IF(B9=0,IF(C9=0,0,"new"),C9/B9-1) -> new | F9: 0 | G9: 1 | H9: =G9-F9 -> 1
A10: TURKEY | B10: 69297 | C10: 57366 | D10: =C10-B10 -> -11931 | E10: =IF(B10=0,IF(C10=0,0,"new"),C10/B10-1) -> -0.17217196 | F10: 1 | G10: 1 | H10: =G10-F10 -> 0
A11: PORTUGAL | B11: 0 | C11: 35887 | D11: =C11-B11 -> 35887 | E11: =IF(B11=0,IF(C11=0,0,"new"),C11/B11-1) -> new | F11: 0 | G11: 1 | H11: =G11-F11 -> 1
A12: MEXICO | B12: 217595 | C12: 32033 | D12: =C12-B12 -> -185562 | E12: =IF(B12=0,IF(C12=0,0,"new"),C12/B12-1) -> -0.85278614 | F12: 15 | G12: 6 | H12: =G12-F12 -> -9
A13: JAPAN | B13: 10429 | C13: 21886 | D13: =C13-B13 -> 11457 | E13: =IF(B13=0,IF(C13=0,0,"new"),C13/B13-1) -> 1.0985713 | F13: 6 | G13: 4 | H13: =G13-F13 -> -2
A14: VIETNAM | B14: 12194 | C14: 11555 | D14: =C14-B14 -> -639 | E14: =IF(B14=0,IF(C14=0,0,"new"),C14/B14-1) -> -0.052402821 | F14: 39 | G14: 45 | H14: =G14-F14 -> 6
A15: COLOMBIA | B15: 6285 | C15: 10628 | D15: =C15-B15 -> 4343 | E15: =IF(B15=0,IF(C15=0,0,"new"),C15/B15-1) -> 0.69101034 | F15: 1 | G15: 1 | H15: =G15-F15 -> 0
A16: INDONESIA | B16: 44171 | C16: 9034 | D16: =C16-B16 -> -35137 | E16: =IF(B16=0,IF(C16=0,0,"new"),C16/B16-1) -> -0.79547667 | F16: 128 | G16: 28 | H16: =G16-F16 -> -100
A17: COSTA RICA | B17: 12285 | C17: 7196 | D17: =C17-B17 -> -5089 | E17: =IF(B17=0,IF(C17=0,0,"new"),C17/B17-1) -> -0.41424501 | F17: 1 | G17: 1 | H17: =G17-F17 -> 0
... A29: SRI LANKA | B29: 294 | C29: 0 | D29: =C29-B29 -> -294 | E29: =IF(B29=0,IF(C29=0,0,"new"),C29/B29-1) -> -1 | F29: 1 | G29: 0 | H29: =G29-F29 -> -1
A30: TOTAL | B30: =SUM(B6:B29) -> 783495 | C30: =SUM(C6:C29) -> 1199430 | D30: =C30-B30 -> 415935 | E30: =IF(B30=0,IF(C30=0,0,"new"),C30/B30-1) -> 0.53087129 | F30: =SUM(F6:F29) -> 313 | G30: =SUM(G6:G29) -> 142 | H30: =G30-F30 -> -171
A31: China | B31: =SUMIF($A$6:$A$29,"CHINA",B6:B29) -> 0 | C31: =SUMIF($A$6:$A$29,"CHINA",C6:C29) -> 756492 | D31: =C31-B31 -> 756492 | E31: =IF(B31=0,IF(C31=0,0,"new"),C31/B31-1) -> new | F31: =SUMIF($A$6:$A$29,"CHINA",F6:F29) -> 0 | G31: =SUMIF($A$6:$A$29,"CHINA",G6:G29) -> 12 | H31: =G31-F31 -> 12
A32: Rest of World excl. China | B32: =B30-B31 -> 783495 | C32: =C30-C31 -> 442938 | D32: =C32-B32 -> -340557 | E32: =IF(B32=0,IF(C32=0,0,"new"),C32/B32-1) -> -0.43466391 | F32: =F30-F31 -> 313 | G32: =G30-G31 -> 130 | H32: =G32-F32 -> -183

Sheet Week 2 October
A1: US Soybean Export Inspections — week ending Thu 9 Oct 2025 (3–9 Oct) vs week ending Thu 8 Oct 2026 (2–8 Oct) (weekly-report basis)
A2: Source: USDA AMS/FGIS export grain inspections, CY2025 and CY2026 files (Grain = SOYBEANS, grouped by "Thursday" week-ending date). CY2026 data as of file dated wk ending 8 Oct 2026, incl. revisions.
A4: Destination | B4: Metric tons | F4: Number of inspections
B5: 2025 | C5: 2026 | D5: Δ MT | E5: Δ % | F5: 2025 | G5: 2026 | H5: Δ
A6: CHINA | B6: 0 | C6: 649252 | D6: =C6-B6 -> 649252 | E6: =IF(B6=0,IF(C6=0,0,"new"),C6/B6-1) -> new | F6: 0 | G6: 10 | H6: =G6-F6 -> 10
A7: MEXICO | B7: 195947 | C7: 99486 | D7: =C7-B7 -> -96461 | E7: =IF(B7=0,IF(C7=0,0,"new"),C7/B7-1) -> -0.49228108 | F7: 44 | G7: 9 | H7: =G7-F7 -> -35
A8: EGYPT | B8: 0 | C8: 79022 | D8: =C8-B8 -> 79022 | E8: =IF(B8=0,IF(C8=0,0,"new"),C8/B8-1) -> new | F8: 0 | G8: 2 | H8: =G8-F8 -> 2
A9: VIETNAM | B9: 19441 | C9: 70336 | D9: =C9-B9 -> 50895 | E9: =IF(B9=0,IF(C9=0,0,"new"),C9/B9-1) -> 2.6179209 | F9: 62 | G9: 39 | H9: =G9-F9 -> -23
A10: JAPAN | B10: 19882 | C10: 58266 | D10: =C10-B10 -> 38384 | E10: =IF(B10=0,IF(C10=0,0,"new"),C10/B10-1) -> 1.9305905 | F10: 4 | G10: 10 | H10: =G10-F10 -> 6
A11: GERMANY | B11: 52471 | C11: 56965 | D11: =C11-B11 -> 4494 | E11: =IF(B11=0,IF(C11=0,0,"new"),C11/B11-1) -> 0.08564731 | F11: 1 | G11: 1 | H11: =G11-F11 -> 0
A12: ALGERIA | B12: 44999 | C12: 44003 | D12: =C12-B12 -> -996 | E12: =IF(B12=0,IF(C12=0,0,"new"),C12/B12-1) -> -0.022133825 | F12: 1 | G12: 1 | H12: =G12-F12 -> 0
A13: INDONESIA | B13: 44470 | C13: 15671 | D13: =C13-B13 -> -28799 | E13: =IF(B13=0,IF(C13=0,0,"new"),C13/B13-1) -> -0.64760513 | F13: 131 | G13: 49 | H13: =G13-F13 -> -82
A14: TAIWAN | B14: 44471 | C14: 9840 | D14: =C14-B14 -> -34631 | E14: =IF(B14=0,IF(C14=0,0,"new"),C14/B14-1) -> -0.77873221 | F14: 124 | G14: 30 | H14: =G14-F14 -> -94
A15: MALAYSIA | B15: 5193 | C15: 6270 | D15: =C15-B15 -> 1077 | E15: =IF(B15=0,IF(C15=0,0,"new"),C15/B15-1) -> 0.20739457 | F15: 12 | G15: 17 | H15: =G15-F15 -> 5
A16: THAILAND | B16: 3967 | C16: 5193 | D16: =C16-B16 -> 1226 | E16: =IF(B16=0,IF(C16=0,0,"new"),C16/B16-1) -> 0.30904966 | F16: 11 | G16: 13 | H16: =G16-F16 -> 2
A17: PHILIPPINES | B17: 1445 | C17: 1811 | D17: =C17-B17 -> 366 | E17: =IF(B17=0,IF(C17=0,0,"new"),C17/B17-1) -> 0.2532872 | F17: 6 | G17: 6 | H17: =G17-F17 -> 0
... A30: CAMBODIA | B30: 73 | C30: 0 | D30: =C30-B30 -> -73 | E30: =IF(B30=0,IF(C30=0,0,"new"),C30/B30-1) -> -1 | F30: 1 | G30: 0 | H30: =G30-F30 -> -1
A31: TOTAL | B31: =SUM(B6:B30) -> 1017196 | C31: =SUM(C6:C30) -> 1096555 | D31: =C31-B31 -> 79359 | E31: =IF(B31=0,IF(C31=0,0,"new"),C31/B31-1) -> 0.078017413 | F31: =SUM(F6:F30) -> 411 | G31: =SUM(G6:G30) -> 191 | H31: =G31-F31 -> -220
A32: China | B32: =SUMIF($A$6:$A$30,"CHINA",B6:B30) -> 0 | C32: =SUMIF($A$6:$A$30,"CHINA",C6:C30) -> 649252 | D32: =C32-B32 -> 649252 | E32: =IF(B32=0,IF(C32=0,0,"new"),C32/B32-1) -> new | F32: =SUMIF($A$6:$A$30,"CHINA",F6:F30) -> 0 | G32: =SUMIF($A$6:$A$30,"CHINA",G6:G30) -> 10 | H32: =G32-F32 -> 10
A33: Rest of World excl. China | B33: =B31-B32 -> 1017196 | C33: =C31-C32 -> 447303 | D33: =C33-B33 -> -569893 | E33: =IF(B33=0,IF(C33=0,0,"new"),C33/B33-1) -> -0.56025879 | F33: =F31-F32 -> 411 | G33: =G31-G32 -> 181 | H33: =G33-F33 -> -230
