Workbook

Sheet Weekly net sales
A1: Total EU — weekly net sales, current MY (t)
A2: Metric tons. Source: USDA FAS Export Sales, European destinations (user download). Marketing year Oct–Sep. Blank = week not yet reported.
A3: Week | B3: 2020/2021 | C3: 2021/2022 | D3: 2022/2023 | E3: 2023/2024 | F3: 2024/2025 | G3: 2025/2026 | H3: 2026/2027
A4: 1 | B4: 10712 | C4: -62310 | D4: 40257 | E4: 8257 | F4: 15079 | G4: 10590 | H4: 72758
A5: 2 | B5: -1891 | C5: 36535 | D5: 72959 | E5: -555 | F5: 0 | G5: 0 | H5: 36708
A6: 3 | B6: -636 | C6: -129864 | D6: 127 | E6: 3389 | F6: 0 | G6: 5524 | H6: 72500
A7: 4 | B7: 4675 | C7: 7735 | D7: -1190 | E7: 3794 | F7: 0 | G7: 0
A8: 5 | B8: 49717 | C8: 0 | D8: 8000 | E8: 33929 | F8: 52319 | G8: 18207
A9: 6 | B9: -1051 | C9: -1540 | D9: 4628 | E9: 38199 | F9: -30799 | G9: -2056
A10: 7 | B10: 27500 | C10: -31983 | D10: -478 | E10: 0 | F10: 62771 | G10: 17815
A11: 8 | B11: 3124 | C11: -2103 | D11: 45000 | E11: 1440 | F11: 4335 | G11: 18492
A12: 9 | B12: -984 | C12: 7227 | D12: 2276 | E12: 22979 | F12: 4536 | G12: 7762
A13: 10 | B13: 5080 | C13: -2687 | D13: -41481 | E13: 77594 | F13: 37314 | G13: -1447
A14: 11 | B14: 7582 | C14: 27106 | D14: 29886 | E14: 10242 | F14: 0 | G14: 224702
A15: 12 | B15: -2238 | C15: 3618 | D15: 40500 | E15: 5634 | F15: 0 | G15: 60821
A16: 13 | B16: 0 | C16: -1168 | D16: 0 | E16: 0 | F16: 5750 | G16: 10973
A17: 14 | B17: 4913 | C17: -1193 | D17: 64749 | E17: 20455 | F17: 249 | G17: 9267
A18: 15 | B18: 22456 | C18: 1 | D18: 107092 | E18: 46243 | F18: -3833 | G18: -24
... A56: 53 | B56: -826 | C56: 0 | D56: 2500 | E56: -7 | F56: -785 | G56: 784

Sheet Cumulative net sales
A1: Total EU — cumulative net sales since week 1 (t)
A2: Running sum of "Weekly net sales". Excludes sales booked before Oct 1 for this MY — see "Total commitments".
A3: Week | B3: 2020/2021 | C3: 2021/2022 | D3: 2022/2023 | E3: 2023/2024 | F3: 2024/2025 | G3: 2025/2026 | H3: 2026/2027
A4: 1 | B4: =IF('Weekly net sales'!B4="","",'Weekly net sales'!B4) -> 10712 | C4: =IF('Weekly net sales'!C4="","",'Weekly net sales'!C4) -> -62310 | D4: =IF('Weekly net sales'!D4="","",'Weekly net sales'!D4) -> 40257 | E4: =IF('Weekly net sales'!E4="","",'Weekly net sales'!E4) -> 8257 | F4: =IF('Weekly net sales'!F4="","",'Weekly net sales'!F4) -> 15079 | G4: =IF('Weekly net sales'!G4="","",'Weekly net sales'!G4) -> 10590 | H4: =IF('Weekly net sales'!H4="","",'Weekly net sales'!H4) -> 72758
A5: 2 | B5: =IF('Weekly net sales'!B5="","",N(B4)+'Weekly net sales'!B5) -> 8821 | C5: =IF('Weekly net sales'!C5="","",N(C4)+'Weekly net sales'!C5) -> -25775 | D5: =IF('Weekly net sales'!D5="","",N(D4)+'Weekly net sales'!D5) -> 113216 | E5: =IF('Weekly net sales'!E5="","",N(E4)+'Weekly net sales'!E5) -> 7702 | F5: =IF('Weekly net sales'!F5="","",N(F4)+'Weekly net sales'!F5) -> 15079 | G5: =IF('Weekly net sales'!G5="","",N(G4)+'Weekly net sales'!G5) -> 10590 | H5: =IF('Weekly net sales'!H5="","",N(H4)+'Weekly net sales'!H5) -> 109466
A6: 3 | B6: =IF('Weekly net sales'!B6="","",N(B5)+'Weekly net sales'!B6) -> 8185 | C6: =IF('Weekly net sales'!C6="","",N(C5)+'Weekly net sales'!C6) -> -155639 | D6: =IF('Weekly net sales'!D6="","",N(D5)+'Weekly net sales'!D6) -> 113343 | E6: =IF('Weekly net sales'!E6="","",N(E5)+'Weekly net sales'!E6) -> 11091 | F6: =IF('Weekly net sales'!F6="","",N(F5)+'Weekly net sales'!F6) -> 15079 | G6: =IF('Weekly net sales'!G6="","",N(G5)+'Weekly net sales'!G6) -> 16114 | H6: =IF('Weekly net sales'!H6="","",N(H5)+'Weekly net sales'!H6) -> 181966
A7: 4 | B7: =IF('Weekly net sales'!B7="","",N(B6)+'Weekly net sales'!B7) -> 12860 | C7: =IF('Weekly net sales'!C7="","",N(C6)+'Weekly net sales'!C7) -> -147904 | D7: =IF('Weekly net sales'!D7="","",N(D6)+'Weekly net sales'!D7) -> 112153 | E7: =IF('Weekly net sales'!E7="","",N(E6)+'Weekly net sales'!E7) -> 14885 | F7: =IF('Weekly net sales'!F7="","",N(F6)+'Weekly net sales'!F7) -> 15079 | G7: =IF('Weekly net sales'!G7="","",N(G6)+'Weekly net sales'!G7) -> 16114 | H7: =IF('Weekly net sales'!H7="","",N(H6)+'Weekly net sales'!H7)
A8: 5 | B8: =IF('Weekly net sales'!B8="","",N(B7)+'Weekly net sales'!B8) -> 62577 | C8: =IF('Weekly net sales'!C8="","",N(C7)+'Weekly net sales'!C8) -> -147904 | D8: =IF('Weekly net sales'!D8="","",N(D7)+'Weekly net sales'!D8) -> 120153 | E8: =IF('Weekly net sales'!E8="","",N(E7)+'Weekly net sales'!E8) -> 48814 | F8: =IF('Weekly net sales'!F8="","",N(F7)+'Weekly net sales'!F8) -> 67398 | G8: =IF('Weekly net sales'!G8="","",N(G7)+'Weekly net sales'!G8) -> 34321 | H8: =IF('Weekly net sales'!H8="","",N(H7)+'Weekly net sales'!H8)
A9: 6 | B9: =IF('Weekly net sales'!B9="","",N(B8)+'Weekly net sales'!B9) -> 61526 | C9: =IF('Weekly net sales'!C9="","",N(C8)+'Weekly net sales'!C9) -> -149444 | D9: =IF('Weekly net sales'!D9="","",N(D8)+'Weekly net sales'!D9) -> 124781 | E9: =IF('Weekly net sales'!E9="","",N(E8)+'Weekly net sales'!E9) -> 87013 | F9: =IF('Weekly net sales'!F9="","",N(F8)+'Weekly net sales'!F9) -> 36599 | G9: =IF('Weekly net sales'!G9="","",N(G8)+'Weekly net sales'!G9) -> 32265 | H9: =IF('Weekly net sales'!H9="","",N(H8)+'Weekly net sales'!H9)
A10: 7 | B10: =IF('Weekly net sales'!B10="","",N(B9)+'Weekly net sales'!B10) -> 89026 | C10: =IF('Weekly net sales'!C10="","",N(C9)+'Weekly net sales'!C10) -> -181427 | D10: =IF('Weekly net sales'!D10="","",N(D9)+'Weekly net sales'!D10) -> 124303 | E10: =IF('Weekly net sales'!E10="","",N(E9)+'Weekly net sales'!E10) -> 87013 | F10: =IF('Weekly net sales'!F10="","",N(F9)+'Weekly net sales'!F10) -> 99370 | G10: =IF('Weekly net sales'!G10="","",N(G9)+'Weekly net sales'!G10) -> 50080 | H10: =IF('Weekly net sales'!H10="","",N(H9)+'Weekly net sales'!H10)
A11: 8 | B11: =IF('Weekly net sales'!B11="","",N(B10)+'Weekly net sales'!B11) -> 92150 | C11: =IF('Weekly net sales'!C11="","",N(C10)+'Weekly net sales'!C11) -> -183530 | D11: =IF('Weekly net sales'!D11="","",N(D10)+'Weekly net sales'!D11) -> 169303 | E11: =IF('Weekly net sales'!E11="","",N(E10)+'Weekly net sales'!E11) -> 88453 | F11: =IF('Weekly net sales'!F11="","",N(F10)+'Weekly net sales'!F11) -> 103705 | G11: =IF('Weekly net sales'!G11="","",N(G10)+'Weekly net sales'!G11) -> 68572 | H11: =IF('Weekly net sales'!H11="","",N(H10)+'Weekly net sales'!H11)
A12: 9 | B12: =IF('Weekly net sales'!B12="","",N(B11)+'Weekly net sales'!B12) -> 91166 | C12: =IF('Weekly net sales'!C12="","",N(C11)+'Weekly net sales'!C12) -> -176303 | D12: =IF('Weekly net sales'!D12="","",N(D11)+'Weekly net sales'!D12) -> 171579 | E12: =IF('Weekly net sales'!E12="","",N(E11)+'Weekly net sales'!E12) -> 111432 | F12: =IF('Weekly net sales'!F12="","",N(F11)+'Weekly net sales'!F12) -> 108241 | G12: =IF('Weekly net sales'!G12="","",N(G11)+'Weekly net sales'!G12) -> 76334 | H12: =IF('Weekly net sales'!H12="","",N(H11)+'Weekly net sales'!H12)
A13: 10 | B13: =IF('Weekly net sales'!B13="","",N(B12)+'Weekly net sales'!B13) -> 96246 | C13: =IF('Weekly net sales'!C13="","",N(C12)+'Weekly net sales'!C13) -> -178990 | D13: =IF('Weekly net sales'!D13="","",N(D12)+'Weekly net sales'!D13) -> 130098 | E13: =IF('Weekly net sales'!E13="","",N(E12)+'Weekly net sales'!E13) -> 189026 | F13: =IF('Weekly net sales'!F13="","",N(F12)+'Weekly net sales'!F13) -> 145555 | G13: =IF('Weekly net sales'!G13="","",N(G12)+'Weekly net sales'!G13) -> 74887 | H13: =IF('Weekly net sales'!H13="","",N(H12)+'Weekly net sales'!H13)
A14: 11 | B14: =IF('Weekly net sales'!B14="","",N(B13)+'Weekly net sales'!B14) -> 103828 | C14: =IF('Weekly net sales'!C14="","",N(C13)+'Weekly net sales'!C14) -> -151884 | D14: =IF('Weekly net sales'!D14="","",N(D13)+'Weekly net sales'!D14) -> 159984 | E14: =IF('Weekly net sales'!E14="","",N(E13)+'Weekly net sales'!E14) -> 199268 | F14: =IF('Weekly net sales'!F14="","",N(F13)+'Weekly net sales'!F14) -> 145555 | G14: =IF('Weekly net sales'!G14="","",N(G13)+'Weekly net sales'!G14) -> 299589 | H14: =IF('Weekly net sales'!H14="","",N(H13)+'Weekly net sales'!H14)
A15: 12 | B15: =IF('Weekly net sales'!B15="","",N(B14)+'Weekly net sales'!B15) -> 101590 | C15: =IF('Weekly net sales'!C15="","",N(C14)+'Weekly net sales'!C15) -> -148266 | D15: =IF('Weekly net sales'!D15="","",N(D14)+'Weekly net sales'!D15) -> 200484 | E15: =IF('Weekly net sales'!E15="","",N(E14)+'Weekly net sales'!E15) -> 204902 | F15: =IF('Weekly net sales'!F15="","",N(F14)+'Weekly net sales'!F15) -> 145555 | G15: =IF('Weekly net sales'!G15="","",N(G14)+'Weekly net sales'!G15) -> 360410 | H15: =IF('Weekly net sales'!H15="","",N(H14)+'Weekly net sales'!H15)
A16: 13 | B16: =IF('Weekly net sales'!B16="","",N(B15)+'Weekly net sales'!B16) -> 101590 | C16: =IF('Weekly net sales'!C16="","",N(C15)+'Weekly net sales'!C16) -> -149434 | D16: =IF('Weekly net sales'!D16="","",N(D15)+'Weekly net sales'!D16) -> 200484 | E16: =IF('Weekly net sales'!E16="","",N(E15)+'Weekly net sales'!E16) -> 204902 | F16: =IF('Weekly net sales'!F16="","",N(F15)+'Weekly net sales'!F16) -> 151305 | G16: =IF('Weekly net sales'!G16="","",N(G15)+'Weekly net sales'!G16) -> 371383 | H16: =IF('Weekly net sales'!H16="","",N(H15)+'Weekly net sales'!H16)
... A56: 53 | B56: =IF('Weekly net sales'!B56="","",N(B55)+'Weekly net sales'!B56) -> 374036 | C56: =IF('Weekly net sales'!C56="","",N(C55)+'Weekly net sales'!C56) -> -80874 | D56: =IF('Weekly net sales'!D56="","",N(D55)+'Weekly net sales'!D56) -> 754089 | E56: =IF('Weekly net sales'!E56="","",N(E55)+'Weekly net sales'!E56) -> 574335 | F56: =IF('Weekly net sales'!F56="","",N(F55)+'Weekly net sales'!F56) -> 351463 | G56: =IF('Weekly net sales'!G56="","",N(G55)+'Weekly net sales'!G56) -> 1032692 | H56: =IF('Weekly net sales'!H56="","",N(H55)+'Weekly net sales'!H56)

Sheet Total commitments
A1: Total EU — total commitments (accumulated exports + outstanding sales) (t)
A2: USDA reported figure. = forward sales booked before the MY started + cumulative net sales. Standard measure of sales progression.
A3: Week | B3: 2020/2021 | C3: 2021/2022 | D3: 2022/2023 | E3: 2023/2024 | F3: 2024/2025 | G3: 2025/2026 | H3: 2026/2027
A4: 1 | B4: 210112 | C4: 281912 | D4: 246257 | E4: 189936 | F4: 45079 | G4: 10590 | H4: 430758
A5: 2 | B5: 208221 | C5: 318447 | D5: 319216 | E5: 189381 | F5: 45079 | G5: 10590 | H5: 467466
A6: 3 | B6: 207585 | C6: 188583 | D6: 319343 | E6: 192770 | F6: 45079 | G6: 16114 | H6: 539966
A7: 4 | B7: 212260 | C7: 196318 | D7: 318153 | E7: 196564 | F7: 45079 | G7: 16114
A8: 5 | B8: 261977 | C8: 196318 | D8: 326153 | E8: 230493 | F8: 97398 | G8: 34321
A9: 6 | B9: 260926 | C9: 194778 | D9: 330781 | E9: 268692 | F9: 66599 | G9: 32265
A10: 7 | B10: 288426 | C10: 162795 | D10: 330303 | E10: 268692 | F10: 129370 | G10: 50080
A11: 8 | B11: 291550 | C11: 160692 | D11: 375303 | E11: 270132 | F11: 133705 | G11: 68572
A12: 9 | B12: 290566 | C12: 167919 | D12: 377579 | E12: 293111 | F12: 138241 | G12: 76334
A13: 10 | B13: 295646 | C13: 165232 | D13: 336098 | E13: 370705 | F13: 175555 | G13: 74887
A14: 11 | B14: 303228 | C14: 192338 | D14: 365984 | E14: 380947 | F14: 175555 | G14: 299589
A15: 12 | B15: 300990 | C15: 195956 | D15: 406484 | E15: 386581 | F15: 175555 | G15: 360410
A16: 13 | B16: 300990 | C16: 194788 | D16: 406484 | E16: 386581 | F16: 181305 | G16: 371383
A17: 14 | B17: 305903 | C17: 193595 | D17: 471233 | E17: 407036 | F17: 181554 | G17: 380650
A18: 15 | B18: 328359 | C18: 193596 | D18: 578325 | E18: 453279 | F18: 177721 | G18: 380626
... A56: 53 | B56: 573436 | C56: 263348 | D56: 960089 | E56: 756014 | F56: 381463 | G56: 1032692
