Workbook

Sheet Summary
A1: US Imports of UCO & Tallow - Annual Totals (mln lbs.)
A3: Commodity | B3: 2020 | C3: 2021 | D3: 2022 | E3: 2023 | F3: 2024 | G3: 2025 | H3: 2026 (Jan-Aug)
A4: UCO (1518004000) | B4: =UCO!N4 -> 181.77012 | C4: =UCO!N32 -> 283.65253 | D4: =UCO!N60 -> 870.74883 | E4: =UCO!N92 -> 3026.3832 | F4: =UCO!N140 -> 5426.6699 | G4: =UCO!N189 -> 4780.1717 | H4: =UCO!N232 -> 2802.5525
A5: Inedible Tallow (1502100040) | B5: ='Inedible Tallow'!N4 -> 511.70646 | C5: ='Inedible Tallow'!N14 -> 702.4415 | D5: ='Inedible Tallow'!N25 -> 1148.6827 | E5: ='Inedible Tallow'!N36 -> 1698.3564 | F5: ='Inedible Tallow'!N54 -> 1930.5387 | G5: ='Inedible Tallow'!N75 -> 2241.2695 | H5: ='Inedible Tallow'!N96 -> 1419.9673
A6: Edible Tallow (1502100020) | B6: ='Edible Tallow'!N4 -> 24.095008 | C6: ='Edible Tallow'!N9 -> 30.371243 | D6: ='Edible Tallow'!N13 -> 72.747729 | E6: ='Edible Tallow'!N18 -> 32.906349 | F6: ='Edible Tallow'!N23 -> 22.236765 | G6: ='Edible Tallow'!N30 -> 39.358768 | H6: ='Edible Tallow'!N37 -> 46.106953
A9: Notes
A10: - Source: U.S. Census Bureau, USA Trade Online (two files exported Oct 7, 2026). Data through Aug 2026.
A11: - Volumes are General Imports (Quantity 1 Gen) in kg, converted at 2.20462262 lbs/kg (Data!B1) and shown in million lbs.
A12: - UCO = HTS 1518.00.4000 (animal & vegetable fats/oils, chemically modified), the statistical line under which used cooking oil enters the US.
A13: It can also include other chemically modified fats/oils, so treat it as a close UCO proxy rather than pure UCO.
A14: - HS 150210 (6-digit parent) carried no quantities in the export and is excluded; its 10-digit lines (edible/inedible) are used instead.
A15: - Regional aggregates (Asia, Europe, etc.) are excluded; country rows sum exactly to the Census world total.
A16: - Australia / New Zealand include their territories as reported by Census.

Sheet UCO
A1: US Imports of UCO - HTS 1518.00.4000 Animal & Veg. Fats/Oils, Chemically Modified (mln lbs.)
B3: Jan-20 | C3: Feb-20 | D3: Mar-20 | E3: Apr-20 | F3: May-20 | G3: Jun-20 | H3: Jul-20 | I3: Aug-20 | J3: Sep-20 | K3: Oct-20 | L3: Nov-20 | M3: Dec-20 | N3: Total | Q3: Monthly World Total by Marketing Year (Oct-Sep), mln lbs
A4: World Total | B4: =SUM(B5:B29) -> 17.556916 | C4: =SUM(C5:C29) -> 12.681357 | D4: =SUM(D5:D29) -> 20.558055 | E4: =SUM(E5:E29) -> 16.556789 | F4: =SUM(F5:F29) -> 18.625124 | G4: =SUM(G5:G29) -> 16.680494 | H4: =SUM(H5:H29) -> 12.795041 | I4: =SUM(I5:I29) -> 11.893161 | ... M4: =SUM(M5:M29) -> 14.590991 | N4: =SUM(B4:M4) -> 181.77012 | Q4: Month | R4: 2020/21 | S4: 2021/22 | T4: 2022/23 | U4: 2023/24 | V4: 2024/25 | W4: 2025/26
A5: Canada | B5: =SUMIFS(Data!$H$4:$H$2311,Data!$B$4:$B$2311,"UCO",Data!$C$4:$C$2311,"Canada",Data!$E$4:$E$2311,2020,Data!$F$4:$F$2311,1) -> 14.94218 | C5: =SUMIFS(Data!$H$4:$H$2311,Data!$B$4:$B$2311,"UCO",Data!$C$4:$C$2311,"Canada",Data!$E$4:$E$2311,2020,Data!$F$4:$F$2311,2) -> 9.4344995 | D5: =SUMIFS(Data!$H$4:$H$2311,Data!$B$4:$B$2311,"UCO",Data!$C$4:$C$2311,"Canada",Data!$E$4:$E$2311,2020,Data!$F$4:$F$2311,3) -> 17.295231 | E5: =SUMIFS(Data!$H$4:$H$2311,Data!$B$4:$B$2311,"UCO",Data!$C$4:$C$2311,"Canada",Data!$E$4:$E$2311,2020,Data!$F$4:$F$2311,4) -> 15.296227 | F5: =SUMIFS(Data!$H$4:$H$2311,Data!$B$4:$B$2311,"UCO",Data!$C$4:$C$2311,"Canada",Data!$E$4:$E$2311,2020,Data!$F$4:$F$2311,5) -> 17.384666 | G5: =SUMIFS(Data!$H$4:$H$2311,Data!$B$4:$B$2311,"UCO",Data!$C$4:$C$2311,"Canada",Data!$E$4:$E$2311,2020,Data!$F$4:$F$2311,6) -> 15.550954 | H5: =SUMIFS(Data!$H$4:$H$2311,Data!$B$4:$B$2311,"UCO",Data!$C$4:$C$2311,"Canada",Data!$E$4:$E$2311,2020,Data!$F$4:$F$2311,7) -> 11.381598 | I5: =SUMIFS(Data!$H$4:$H$2311,Data!$B$4:$B$2311,"UCO",Data!$C$4:$C$2311,"Canada",Data!$E$4:$E$2311,2020,Data!$F$4:$F$2311,8) -> 10.200668 | J5: =SUMIFS(Data!$H$4:$H$2311,Data!$B$4:$B$2311,"UCO",Data!$C$4:$C$2311,"Canada",Data!$E$4:$E$2311,2020,Data!$F$4:$F$2311,9) -> 11.015315 | K5: =SUMIFS(Data!$H$4:$H$2311,Data!$B$4:$B$2311,"UCO",Data!$C$4:$C$2311,"Canada",Data!$E$4:$E$2311,2020,Data!$F$4:$F$2311,10) -> 10.415164 | L5: =SUMIFS(Data!$H$4:$H$2311,Data!$B$4:$B$2311,"UCO",Data!$C$4:$C$2311,"Canada",Data!$E$4:$E$2311,2020,Data!$F$4:$F$2311,11) -> 14.181167 | M5: =SUMIFS(Data!$H$4:$H$2311,Data!$B$4:$B$2311,"UCO",Data!$C$4:$C$2311,"Canada",Data!$E$4:$E$2311,2020,Data!$F$4:$F$2311,12) -> 12.222044 | N5: =SUM(B5:M5) -> 159.31971 | Q5: Oct | R5: =SUMIFS(Data!$H$4:$H$2311,Data!$B$4:$B$2311,"UCO",Data!$C$4:$C$2311,"World Total",Data!$E$4:$E$2311,2020,Data!$F$4:$F$2311,10) -> 11.508758 | S5: =SUMIFS(Data!$H$4:$H$2311,Data!$B$4:$B$2311,"UCO",Data!$C$4:$C$2311,"World Total",Data!$E$4:$E$2311,2021,Data!$F$4:$F$2311,10) -> 29.971915 | T5: =SUMIFS(Data!$H$4:$H$2311,Data!$B$4:$B$2311,"UCO",Data!$C$4:$C$2311,"World Total",Data!$E$4:$E$2311,2022,Data!$F$4:$F$2311,10) -> 138.19786 | U5: =SUMIFS(Data!$H$4:$H$2311,Data!$B$4:$B$2311,"UCO",Data!$C$4:$C$2311,"World Total",Data!$E$4:$E$2311,2023,Data!$F$4:$F$2311,10) -> 414.54916 | V5: =SUMIFS(Data!$H$4:$H$2311,Data!$B$4:$B$2311,"UCO",Data!$C$4:$C$2311,"World Total",Data!$E$4:$E$2311,2024,Data!$F$4:$F$2311,10) -> 500.29727 | W5: =SUMIFS(Data!$H$4:$H$2311,Data!$B$4:$B$2311,"UCO",Data!$C$4:$C$2311,"World Total",Data!$E$4:$E$2311,2025,Data!$F$4:$F$2311,10) -> 282.68229
A6: Chile | B6: =SUMIFS(Data!$H$4:$H$2311,Data!$B$4:$B$2311,"UCO",Data!$C$4:$C$2311,"Chile",Data!$E$4:$E$2311,2020,Data!$F$4:$F$2311,1) -> 1.6464783 | C6: =SUMIFS(Data!$H$4:$H$2311,Data!$B$4:$B$2311,"UCO",Data!$C$4:$C$2311,"Chile",Data!$E$4:$E$2311,2020,Data!$F$4:$F$2311,2) -> 2.5705569 | D6: =SUMIFS(Data!$H$4:$H$2311,Data!$B$4:$B$2311,"UCO",Data!$C$4:$C$2311,"Chile",Data!$E$4:$E$2311,2020,Data!$F$4:$F$2311,3) -> 2.3008809 | E6: =SUMIFS(Data!$H$4:$H$2311,Data!$B$4:$B$2311,"UCO",Data!$C$4:$C$2311,"Chile",Data!$E$4:$E$2311,2020,Data!$F$4:$F$2311,4) -> 0.58768625 | F6: =SUMIFS(Data!$H$4:$H$2311,Data!$B$4:$B$2311,"UCO",Data!$C$4:$C$2311,"Chile",Data!$E$4:$E$2311,2020,Data!$F$4:$F$2311,5) -> 0.81198456 | G6: =SUMIFS(Data!$H$4:$H$2311,Data!$B$4:$B$2311,"UCO",Data!$C$4:$C$2311,"Chile",Data!$E$4:$E$2311,2020,Data!$F$4:$F$2311,6) -> 0.71317337 | H6: =SUMIFS(Data!$H$4:$H$2311,Data!$B$4:$B$2311,"UCO",Data!$C$4:$C$2311,"Chile",Data!$E$4:$E$2311,2020,Data!$F$4:$F$2311,7) -> 0.72988441 | I6: =SUMIFS(Data!$H$4:$H$2311,Data!$B$4:$B$2311,"UCO",Data!$C$4:$C$2311,"Chile",Data!$E$4:$E$2311,2020,Data!$F$4:$F$2311,8) -> 0.82056054 | J6: =SUMIFS(Data!$H$4:$H$2311,Data!$B$4:$B$2311,"UCO",Data!$C$4:$C$2311,"Chile",Data!$E$4:$E$2311,2020,Data!$F$4:$F$2311,9) -> 0.53997822 | K6: =SUMIFS(Data!$H$4:$H$2311,Data!$B$4:$B$2311,"UCO",Data!$C$4:$C$2311,"Chile",Data!$E$4:$E$2311,2020,Data!$F$4:$F$2311,10) -> 0.7439499 | L6: =SUMIFS(Data!$H$4:$H$2311,Data!$B$4:$B$2311,"UCO",Data!$C$4:$C$2311,"Chile",Data!$E$4:$E$2311,2020,Data!$F$4:$F$2311,11) -> 0.92790362 | M6: =SUMIFS(Data!$H$4:$H$2311,Data!$B$4:$B$2311,"UCO",Data!$C$4:$C$2311,"Chile",Data!$E$4:$E$2311,2020,Data!$F$4:$F$2311,12) -> 1.5952649 | N6: =SUM(B6:M6) -> 13.988302 | Q6: Nov | R6: =SUMIFS(Data!$H$4:$H$2311,Data!$B$4:$B$2311,"UCO",Data!$C$4:$C$2311,"World Total",Data!$E$4:$E$2311,2020,Data!$F$4:$F$2311,11) -> 16.037053 | S6: =SUMIFS(Data!$H$4:$H$2311,Data!$B$4:$B$2311,"UCO",Data!$C$4:$C$2311,"World Total",Data!$E$4:$E$2311,2021,Data!$F$4:$F$2311,11) -> 42.301646 | T6: =SUMIFS(Data!$H$4:$H$2311,Data!$B$4:$B$2311,"UCO",Data!$C$4:$C$2311,"World Total",Data!$E$4:$E$2311,2022,Data!$F$4:$F$2311,11) -> 102.39591 | U6: =SUMIFS(Data!$H$4:$H$2311,Data!$B$4:$B$2311,"UCO",Data!$C$4:$C$2311,"World Total",Data!$E$4:$E$2311,2023,Data!$F$4:$F$2311,11) -> 241.00435 | V6: =SUMIFS(Data!$H$4:$H$2311,Data!$B$4:$B$2311,"UCO",Data!$C$4:$C$2311,"World Total",Data!$E$4:$E$2311,2024,Data!$F$4:$F$2311,11) -> 612.5293 | W6: =SUMIFS(Data!$H$4:$H$2311,Data!$B$4:$B$2311,"UCO",Data!$C$4:$C$2311,"World Total",Data!$E$4:$E$2311,2025,Data!$F$4:$F$2311,11) -> 448.92207
A7: Mexico | B7: =SUMIFS(Data!$H$4:$H$2311,Data!$B$4:$B$2311,"UCO",Data!$C$4:$C$2311,"Mexico",Data!$E$4:$E$2311,2020,Data!$F$4:$F$2311,1) -> 0.48281235 | C7: =SUMIFS(Data!$H$4:$H$2311,Data!$B$4:$B$2311,"UCO",Data!$C$4:$C$2311,"Mexico",Data!$E$4:$E$2311,2020,Data!$F$4:$F$2311,2) -> 0.34015122 | D7: =SUMIFS(Data!$H$4:$H$2311,Data!$B$4:$B$2311,"UCO",Data!$C$4:$C$2311,"Mexico",Data!$E$4:$E$2311,2020,Data!$F$4:$F$2311,3) -> 0.50675456 | E7: =SUMIFS(Data!$H$4:$H$2311,Data!$B$4:$B$2311,"UCO",Data!$C$4:$C$2311,"Mexico",Data!$E$4:$E$2311,2020,Data!$F$4:$F$2311,4) -> 0.31989074 | F7: =SUMIFS(Data!$H$4:$H$2311,Data!$B$4:$B$2311,"UCO",Data!$C$4:$C$2311,"Mexico",Data!$E$4:$E$2311,2020,Data!$F$4:$F$2311,5) -> 0.17279832 | G7: =SUMIFS(Data!$H$4:$H$2311,Data!$B$4:$B$2311,"UCO",Data!$C$4:$C$2311,"Mexico",Data!$E$4:$E$2311,2020,Data!$F$4:$F$2311,6) -> 0.16111382 | H7: =SUMIFS(Data!$H$4:$H$2311,Data!$B$4:$B$2311,"UCO",Data!$C$4:$C$2311,"Mexico",Data!$E$4:$E$2311,2020,Data!$F$4:$F$2311,7) -> 0.51905635 | I7: =SUMIFS(Data!$H$4:$H$2311,Data!$B$4:$B$2311,"UCO",Data!$C$4:$C$2311,"Mexico",Data!$E$4:$E$2311,2020,Data!$F$4:$F$2311,8) -> 0.6905319 | J7: =SUMIFS(Data!$H$4:$H$2311,Data!$B$4:$B$2311,"UCO",Data!$C$4:$C$2311,"Mexico",Data!$E$4:$E$2311,2020,Data!$F$4:$F$2311,9) -> 0.17628383 | K7: =SUMIFS(Data!$H$4:$H$2311,Data!$B$4:$B$2311,"UCO",Data!$C$4:$C$2311,"Mexico",Data!$E$4:$E$2311,2020,Data!$F$4:$F$2311,10) -> 0.21792695 | L7: =SUMIFS(Data!$H$4:$H$2311,Data!$B$4:$B$2311,"UCO",Data!$C$4:$C$2311,"Mexico",Data!$E$4:$E$2311,2020,Data!$F$4:$F$2311,11) -> 0.67714984 | M7: =SUMIFS(Data!$H$4:$H$2311,Data!$B$4:$B$2311,"UCO",Data!$C$4:$C$2311,"Mexico",Data!$E$4:$E$2311,2020,Data!$F$4:$F$2311,12) -> 0.27068357 | N7: =SUM(B7:M7) -> 4.5351534 | Q7: Dec | R7: =SUMIFS(Data!$H$4:$H$2311,Data!$B$4:$B$2311,"UCO",Data!$C$4:$C$2311,"World Total",Data!$E$4:$E$2311,2020,Data!$F$4:$F$2311,12) -> 14.590991 | S7: =SUMIFS(Data!$H$4:$H$2311,Data!$B$4:$B$2311,"UCO",Data!$C$4:$C$2311,"World Total",Data!$E$4:$E$2311,2021,Data!$F$4:$F$2311,12) -> 27.701099 | T7: =SUMIFS(Data!$H$4:$H$2311,Data!$B$4:$B$2311,"UCO",Data!$C$4:$C$2311,"World Total",Data!$E$4:$E$2311,2022,Data!$F$4:$F$2311,12) -> 116.1182 | U7: =SUMIFS(Data!$H$4:$H$2311,Data!$B$4:$B$2311,"UCO",Data!$C$4:$C$2311,"World Total",Data!$E$4:$E$2311,2023,Data!$F$4:$F$2311,12) -> 392.99265 | V7: =SUMIFS(Data!$H$4:$H$2311,Data!$B$4:$B$2311,"UCO",Data!$C$4:$C$2311,"World Total",Data!$E$4:$E$2311,2024,Data!$F$4:$F$2311,12) -> 381.09339 | W7: =SUMIFS(Data!$H$4:$H$2311,Data!$B$4:$B$2311,"UCO",Data!$C$4:$C$2311,"World Total",Data!$E$4:$E$2311,2025,Data!$F$4:$F$2311,12) -> 395.60813
A8: Brazil | B8: =SUMIFS(Data!$H$4:$H$2311,Data!$B$4:$B$2311,"UCO",Data!$C$4:$C$2311,"Brazil",Data!$E$4:$E$2311,2020,Data!$F$4:$F$2311,1) -> 0.044092452 | C8: =SUMIFS(Data!$H$4:$H$2311,Data!$B$4:$B$2311,"UCO",Data!$C$4:$C$2311,"Brazil",Data!$E$4:$E$2311,2020,Data!$F$4:$F$2311,2) -> 0.077690901 | D8: =SUMIFS(Data!$H$4:$H$2311,Data!$B$4:$B$2311,"UCO",Data!$C$4:$C$2311,"Brazil",Data!$E$4:$E$2311,2020,Data!$F$4:$F$2311,3) -> 0.17636981 | E8: =SUMIFS(Data!$H$4:$H$2311,Data!$B$4:$B$2311,"UCO",Data!$C$4:$C$2311,"Brazil",Data!$E$4:$E$2311,2020,Data!$F$4:$F$2311,4) -> 0.10025962 | F8: =SUMIFS(Data!$H$4:$H$2311,Data!$B$4:$B$2311,"UCO",Data!$C$4:$C$2311,"Brazil",Data!$E$4:$E$2311,2020,Data!$F$4:$F$2311,5) -> 0.16587581 | G8: =SUMIFS(Data!$H$4:$H$2311,Data!$B$4:$B$2311,"UCO",Data!$C$4:$C$2311,"Brazil",Data!$E$4:$E$2311,2020,Data!$F$4:$F$2311,6) -> 0.13137346 | H8: =SUMIFS(Data!$H$4:$H$2311,Data!$B$4:$B$2311,"UCO",Data!$C$4:$C$2311,"Brazil",Data!$E$4:$E$2311,2020,Data!$F$4:$F$2311,7) -> 0.055858523 | I8: =SUMIFS(Data!$H$4:$H$2311,Data!$B$4:$B$2311,"UCO",Data!$C$4:$C$2311,"Brazil",Data!$E$4:$E$2311,2020,Data!$F$4:$F$2311,8) -> 0.10609967 | J8: =SUMIFS(Data!$H$4:$H$2311,Data!$B$4:$B$2311,"UCO",Data!$C$4:$C$2311,"Brazil",Data!$E$4:$E$2311,2020,Data!$F$4:$F$2311,9) -> 0.31001844 | K8: =SUMIFS(Data!$H$4:$H$2311,Data!$B$4:$B$2311,"UCO",Data!$C$4:$C$2311,"Brazil",Data!$E$4:$E$2311,2020,Data!$F$4:$F$2311,10) -> 0 | L8: =SUMIFS(Data!$H$4:$H$2311,Data!$B$4:$B$2311,"UCO",Data!$C$4:$C$2311,"Brazil",Data!$E$4:$E$2311,2020,Data!$F$4:$F$2311,11) -> 0.044370235 | M8: =SUMIFS(Data!$H$4:$H$2311,Data!$B$4:$B$2311,"UCO",Data!$C$4:$C$2311,"Brazil",Data!$E$4:$E$2311,2020,Data!$F$4:$F$2311,12) -> 0.077690901 | N8: =SUM(B8:M8) -> 1.2896998 | Q8: Jan | R8: =SUMIFS(Data!$H$4:$H$2311,Data!$B$4:$B$2311,"UCO",Data!$C$4:$C$2311,"World Total",Data!$E$4:$E$2311,2021,Data!$F$4:$F$2311,1) -> 16.636858 | S8: =SUMIFS(Data!$H$4:$H$2311,Data!$B$4:$B$2311,"UCO",Data!$C$4:$C$2311,"World Total",Data!$E$4:$E$2311,2022,Data!$F$4:$F$2311,1) -> 53.667486 | T8: =SUMIFS(Data!$H$4:$H$2311,Data!$B$4:$B$2311,"UCO",Data!$C$4:$C$2311,"World Total",Data!$E$4:$E$2311,2023,Data!$F$4:$F$2311,1) -> 140.08276 | U8: =SUMIFS(Data!$H$4:$H$2311,Data!$B$4:$B$2311,"UCO",Data!$C$4:$C$2311,"World Total",Data!$E$4:$E$2311,2024,Data!$F$4:$F$2311,1) -> 492.76875 | V8: =SUMIFS(Data!$H$4:$H$2311,Data!$B$4:$B$2311,"UCO",Data!$C$4:$C$2311,"World Total",Data!$E$4:$E$2311,2025,Data!$F$4:$F$2311,1) -> 605.53327 | W8: =SUMIFS(Data!$H$4:$H$2311,Data!$B$4:$B$2311,"UCO",Data!$C$4:$C$2311,"World Total",Data!$E$4:$E$2311,2026,Data!$F$4:$F$2311,1) -> 108.5921
A9: India | B9: =SUMIFS(Data!$H$4:$H$2311,Data!$B$4:$B$2311,"UCO",Data!$C$4:$C$2311,"India",Data!$E$4:$E$2311,2020,Data!$F$4:$F$2311,1) -> 0.053257069 | C9: =SUMIFS(Data!$H$4:$H$2311,Data!$B$4:$B$2311,"UCO",Data!$C$4:$C$2311,"India",Data!$E$4:$E$2311,2020,Data!$F$4:$F$2311,2) -> 0.083444966 | D9: =SUMIFS(Data!$H$4:$H$2311,Data!$B$4:$B$2311,"UCO",Data!$C$4:$C$2311,"India",Data!$E$4:$E$2311,2020,Data!$F$4:$F$2311,3) -> 0.11810825 | E9: =SUMIFS(Data!$H$4:$H$2311,Data!$B$4:$B$2311,"UCO",Data!$C$4:$C$2311,"India",Data!$E$4:$E$2311,2020,Data!$F$4:$F$2311,4) -> 0.036180062 | F9: =SUMIFS(Data!$H$4:$H$2311,Data!$B$4:$B$2311,"UCO",Data!$C$4:$C$2311,"India",Data!$E$4:$E$2311,2020,Data!$F$4:$F$2311,5) -> 0.037875417 | G9: =SUMIFS(Data!$H$4:$H$2311,Data!$B$4:$B$2311,"UCO",Data!$C$4:$C$2311,"India",Data!$E$4:$E$2311,2020,Data!$F$4:$F$2311,6) -> 0.03668492 | H9: =SUMIFS(Data!$H$4:$H$2311,Data!$B$4:$B$2311,"UCO",Data!$C$4:$C$2311,"India",Data!$E$4:$E$2311,2020,Data!$F$4:$F$2311,7) -> 0.069899765 | I9: =SUMIFS(Data!$H$4:$H$2311,Data!$B$4:$B$2311,"UCO",Data!$C$4:$C$2311,"India",Data!$E$4:$E$2311,2020,Data!$F$4:$F$2311,8) -> 0.019819557 | J9: =SUMIFS(Data!$H$4:$H$2311,Data!$B$4:$B$2311,"UCO",Data!$C$4:$C$2311,"India",Data!$E$4:$E$2311,2020,Data!$F$4:$F$2311,9) -> 0 | K9: =SUMIFS(Data!$H$4:$H$2311,Data!$B$4:$B$2311,"UCO",Data!$C$4:$C$2311,"India",Data!$E$4:$E$2311,2020,Data!$F$4:$F$2311,10) -> 0.098390103 | L9: =SUMIFS(Data!$H$4:$H$2311,Data!$B$4:$B$2311,"UCO",Data!$C$4:$C$2311,"India",Data!$E$4:$E$2311,2020,Data!$F$4:$F$2311,11) -> 0.11284581 | M9: =SUMIFS(Data!$H$4:$H$2311,Data!$B$4:$B$2311,"UCO",Data!$C$4:$C$2311,"India",Data!$E$4:$E$2311,2020,Data!$F$4:$F$2311,12) -> 0.16868229 | N9: =SUM(B9:M9) -> 0.83518821 | Q9: Feb | R9: =SUMIFS(Data!$H$4:$H$2311,Data!$B$4:$B$2311,"UCO",Data!$C$4:$C$2311,"World Total",Data!$E$4:$E$2311,2021,Data!$F$4:$F$2311,2) -> 18.960098 | S9: =SUMIFS(Data!$H$4:$H$2311,Data!$B$4:$B$2311,"UCO",Data!$C$4:$C$2311,"World Total",Data!$E$4:$E$2311,2022,Data!$F$4:$F$2311,2) -> 26.84455 | T9: =SUMIFS(Data!$H$4:$H$2311,Data!$B$4:$B$2311,"UCO",Data!$C$4:$C$2311,"World Total",Data!$E$4:$E$2311,2023,Data!$F$4:$F$2311,2) -> 204.01455 | U9: =SUMIFS(Data!$H$4:$H$2311,Data!$B$4:$B$2311,"UCO",Data!$C$4:$C$2311,"World Total",Data!$E$4:$E$2311,2024,Data!$F$4:$F$2311,2) -> 183.95752 | V9: =SUMIFS(Data!$H$4:$H$2311,Data!$B$4:$B$2311,"UCO",Data!$C$4:$C$2311,"World Total",Data!$E$4:$E$2311,2025,Data!$F$4:$F$2311,2) -> 455.01216 | W9: =SUMIFS(Data!$H$4:$H$2311,Data!$B$4:$B$2311,"UCO",Data!$C$4:$C$2311,"World Total",Data!$E$4:$E$2311,2026,Data!$F$4:$F$2311,2) -> 232.93503
A10: France | B10: =SUMIFS(Data!$H$4:$H$2311,Data!$B$4:$B$2311,"UCO",Data!$C$4:$C$2311,"France",Data!$E$4:$E$2311,2020,Data!$F$4:$F$2311,1) -> 0.014239658 | C10: =SUMIFS(Data!$H$4:$H$2311,Data!$B$4:$B$2311,"UCO",Data!$C$4:$C$2311,"France",Data!$E$4:$E$2311,2020,Data!$F$4:$F$2311,2) -> 0.064130267 | D10: =SUMIFS(Data!$H$4:$H$2311,Data!$B$4:$B$2311,"UCO",Data!$C$4:$C$2311,"France",Data!$E$4:$E$2311,2020,Data!$F$4:$F$2311,3) -> 0.086952521 | E10: =SUMIFS(Data!$H$4:$H$2311,Data!$B$4:$B$2311,"UCO",Data!$C$4:$C$2311,"France",Data!$E$4:$E$2311,2020,Data!$F$4:$F$2311,4) -> 0.20255411 | F10: =SUMIFS(Data!$H$4:$H$2311,Data!$B$4:$B$2311,"UCO",Data!$C$4:$C$2311,"France",Data!$E$4:$E$2311,2020,Data!$F$4:$F$2311,5) -> 0.04142045 | G10: =SUMIFS(Data!$H$4:$H$2311,Data!$B$4:$B$2311,"UCO",Data!$C$4:$C$2311,"France",Data!$E$4:$E$2311,2020,Data!$F$4:$F$2311,6) -> 0.029760201 | H10: =SUMIFS(Data!$H$4:$H$2311,Data!$B$4:$B$2311,"UCO",Data!$C$4:$C$2311,"France",Data!$E$4:$E$2311,2020,Data!$F$4:$F$2311,7) -> 0.016876386 | I10: =SUMIFS(Data!$H$4:$H$2311,Data!$B$4:$B$2311,"UCO",Data!$C$4:$C$2311,"France",Data!$E$4:$E$2311,2020,Data!$F$4:$F$2311,8) -> 0.031642948 | J10: =SUMIFS(Data!$H$4:$H$2311,Data!$B$4:$B$2311,"UCO",Data!$C$4:$C$2311,"France",Data!$E$4:$E$2311,2020,Data!$F$4:$F$2311,9) -> 0.0025441345 | K10: =SUMIFS(Data!$H$4:$H$2311,Data!$B$4:$B$2311,"UCO",Data!$C$4:$C$2311,"France",Data!$E$4:$E$2311,2020,Data!$F$4:$F$2311,10) -> 0.01255753 | L10: =SUMIFS(Data!$H$4:$H$2311,Data!$B$4:$B$2311,"UCO",Data!$C$4:$C$2311,"France",Data!$E$4:$E$2311,2020,Data!$F$4:$F$2311,11) -> 0.02184781 | M10: =SUMIFS(Data!$H$4:$H$2311,Data!$B$4:$B$2311,"UCO",Data!$C$4:$C$2311,"France",Data!$E$4:$E$2311,2020,Data!$F$4:$F$2311,12) -> 0.034325974 | N10: =SUM(B10:M10) -> 0.55885199 | Q10: Mar | R10: =SUMIFS(Data!$H$4:$H$2311,Data!$B$4:$B$2311,"UCO",Data!$C$4:$C$2311,"World Total",Data!$E$4:$E$2311,2021,Data!$F$4:$F$2311,3) -> 28.003119 | S10: =SUMIFS(Data!$H$4:$H$2311,Data!$B$4:$B$2311,"UCO",Data!$C$4:$C$2311,"World Total",Data!$E$4:$E$2311,2022,Data!$F$4:$F$2311,3) -> 48.099771 | T10: =SUMIFS(Data!$H$4:$H$2311,Data!$B$4:$B$2311,"UCO",Data!$C$4:$C$2311,"World Total",Data!$E$4:$E$2311,2023,Data!$F$4:$F$2311,3) -> 226.36359 | U10: =SUMIFS(Data!$H$4:$H$2311,Data!$B$4:$B$2311,"UCO",Data!$C$4:$C$2311,"World Total",Data!$E$4:$E$2311,2024,Data!$F$4:$F$2311,3) -> 634.56054 | V10: =SUMIFS(Data!$H$4:$H$2311,Data!$B$4:$B$2311,"UCO",Data!$C$4:$C$2311,"World Total",Data!$E$4:$E$2311,2025,Data!$F$4:$F$2311,3) -> 509.65149 | W10: =SUMIFS(Data!$H$4:$H$2311,Data!$B$4:$B$2311,"UCO",Data!$C$4:$C$2311,"World Total",Data!$E$4:$E$2311,2026,Data!$F$4:$F$2311,3) -> 173.02581
A11: Aruba | B11: =SUMIFS(Data!$H$4:$H$2311,Data!$B$4:$B$2311,"UCO",Data!$C$4:$C$2311,"Aruba",Data!$E$4:$E$2311,2020,Data!$F$4:$F$2311,1) -> 0.048501698 | C11: =SUMIFS(Data!$H$4:$H$2311,Data!$B$4:$B$2311,"UCO",Data!$C$4:$C$2311,"Aruba",Data!$E$4:$E$2311,2020,Data!$F$4:$F$2311,2) -> 0.048501698 | D11: =SUMIFS(Data!$H$4:$H$2311,Data!$B$4:$B$2311,"UCO",Data!$C$4:$C$2311,"Aruba",Data!$E$4:$E$2311,2020,Data!$F$4:$F$2311,3) -> 0.050000841 | E11: =SUMIFS(Data!$H$4:$H$2311,Data!$B$4:$B$2311,"UCO",Data!$C$4:$C$2311,"Aruba",Data!$E$4:$E$2311,2020,Data!$F$4:$F$2311,4) -> 0 | F11: =SUMIFS(Data!$H$4:$H$2311,Data!$B$4:$B$2311,"UCO",Data!$C$4:$C$2311,"Aruba",Data!$E$4:$E$2311,2020,Data!$F$4:$F$2311,5) -> 0 | G11: =SUMIFS(Data!$H$4:$H$2311,Data!$B$4:$B$2311,"UCO",Data!$C$4:$C$2311,"Aruba",Data!$E$4:$E$2311,2020,Data!$F$4:$F$2311,6) -> 0 | H11: =SUMIFS(Data!$H$4:$H$2311,Data!$B$4:$B$2311,"UCO",Data!$C$4:$C$2311,"Aruba",Data!$E$4:$E$2311,2020,Data!$F$4:$F$2311,7) -> 0 | I11: =SUMIFS(Data!$H$4:$H$2311,Data!$B$4:$B$2311,"UCO",Data!$C$4:$C$2311,"Aruba",Data!$E$4:$E$2311,2020,Data!$F$4:$F$2311,8) -> 0 | J11: =SUMIFS(Data!$H$4:$H$2311,Data!$B$4:$B$2311,"UCO",Data!$C$4:$C$2311,"Aruba",Data!$E$4:$E$2311,2020,Data!$F$4:$F$2311,9) -> 0 | K11: =SUMIFS(Data!$H$4:$H$2311,Data!$B$4:$B$2311,"UCO",Data!$C$4:$C$2311,"Aruba",Data!$E$4:$E$2311,2020,Data!$F$4:$F$2311,10) -> 0 | L11: =SUMIFS(Data!$H$4:$H$2311,Data!$B$4:$B$2311,"UCO",Data!$C$4:$C$2311,"Aruba",Data!$E$4:$E$2311,2020,Data!$F$4:$F$2311,11) -> 0.048678067 | M11: =SUMIFS(Data!$H$4:$H$2311,Data!$B$4:$B$2311,"UCO",Data!$C$4:$C$2311,"Aruba",Data!$E$4:$E$2311,2020,Data!$F$4:$F$2311,12) -> 0.098634816 | N11: =SUM(B11:M11) -> 0.29431712 | Q11: Apr | R11: =SUMIFS(Data!$H$4:$H$2311,Data!$B$4:$B$2311,"UCO",Data!$C$4:$C$2311,"World Total",Data!$E$4:$E$2311,2021,Data!$F$4:$F$2311,4) -> 19.755196 | S11: =SUMIFS(Data!$H$4:$H$2311,Data!$B$4:$B$2311,"UCO",Data!$C$4:$C$2311,"World Total",Data!$E$4:$E$2311,2022,Data!$F$4:$F$2311,4) -> 44.964096 | T11: =SUMIFS(Data!$H$4:$H$2311,Data!$B$4:$B$2311,"UCO",Data!$C$4:$C$2311,"World Total",Data!$E$4:$E$2311,2023,Data!$F$4:$F$2311,4) -> 136.87119 | U11: =SUMIFS(Data!$H$4:$H$2311,Data!$B$4:$B$2311,"UCO",Data!$C$4:$C$2311,"World Total",Data!$E$4:$E$2311,2024,Data!$F$4:$F$2311,4) -> 274.41585 | V11: =SUMIFS(Data!$H$4:$H$2311,Data!$B$4:$B$2311,"UCO",Data!$C$4:$C$2311,"World Total",Data!$E$4:$E$2311,2025,Data!$F$4:$F$2311,4) -> 213.54033 | W11: =SUMIFS(Data!$H$4:$H$2311,Data!$B$4:$B$2311,"UCO",Data!$C$4:$C$2311,"World Total",Data!$E$4:$E$2311,2026,Data!$F$4:$F$2311,4) -> 230.18706
A12: China | B12: =SUMIFS(Data!$H$4:$H$2311,Data!$B$4:$B$2311,"UCO",Data!$C$4:$C$2311,"China",Data!$E$4:$E$2311,2020,Data!$F$4:$F$2311,1) -> 0.094049201 | C12: =SUMIFS(Data!$H$4:$H$2311,Data!$B$4:$B$2311,"UCO",Data!$C$4:$C$2311,"China",Data!$E$4:$E$2311,2020,Data!$F$4:$F$2311,2) -> 0.046693907 | D12: =SUMIFS(Data!$H$4:$H$2311,Data!$B$4:$B$2311,"UCO",Data!$C$4:$C$2311,"China",Data!$E$4:$E$2311,2020,Data!$F$4:$F$2311,3) -> 0 | E12: =SUMIFS(Data!$H$4:$H$2311,Data!$B$4:$B$2311,"UCO",Data!$C$4:$C$2311,"China",Data!$E$4:$E$2311,2020,Data!$F$4:$F$2311,4) -> 0 | F12: =SUMIFS(Data!$H$4:$H$2311,Data!$B$4:$B$2311,"UCO",Data!$C$4:$C$2311,"China",Data!$E$4:$E$2311,2020,Data!$F$4:$F$2311,5) -> 0 | G12: =SUMIFS(Data!$H$4:$H$2311,Data!$B$4:$B$2311,"UCO",Data!$C$4:$C$2311,"China",Data!$E$4:$E$2311,2020,Data!$F$4:$F$2311,6) -> 0.035273962 | H12: =SUMIFS(Data!$H$4:$H$2311,Data!$B$4:$B$2311,"UCO",Data!$C$4:$C$2311,"China",Data!$E$4:$E$2311,2020,Data!$F$4:$F$2311,7) -> 0.015648411 | I12: =SUMIFS(Data!$H$4:$H$2311,Data!$B$4:$B$2311,"UCO",Data!$C$4:$C$2311,"China",Data!$E$4:$E$2311,2020,Data!$F$4:$F$2311,8) -> 0 | J12: =SUMIFS(Data!$H$4:$H$2311,Data!$B$4:$B$2311,"UCO",Data!$C$4:$C$2311,"China",Data!$E$4:$E$2311,2020,Data!$F$4:$F$2311,9) -> 0.024072274 | K12: =SUMIFS(Data!$H$4:$H$2311,Data!$B$4:$B$2311,"UCO",Data!$C$4:$C$2311,"China",Data!$E$4:$E$2311,2020,Data!$F$4:$F$2311,10) -> 0 | L12: =SUMIFS(Data!$H$4:$H$2311,Data!$B$4:$B$2311,"UCO",Data!$C$4:$C$2311,"China",Data!$E$4:$E$2311,2020,Data!$F$4:$F$2311,11) -> 0 | M12: =SUMIFS(Data!$H$4:$H$2311,Data!$B$4:$B$2311,"UCO",Data!$C$4:$C$2311,"China",Data!$E$4:$E$2311,2020,Data!$F$4:$F$2311,12) -> 0.017636981 | N12: =SUM(B12:M12) -> 0.23337474 | Q12: May | R12: =SUMIFS(Data!$H$4:$H$2311,Data!$B$4:$B$2311,"UCO",Data!$C$4:$C$2311,"World Total",Data!$E$4:$E$2311,2021,Data!$F$4:$F$2311,5) -> 23.516207 | S12: =SUMIFS(Data!$H$4:$H$2311,Data!$B$4:$B$2311,"UCO",Data!$C$4:$C$2311,"World Total",Data!$E$4:$E$2311,2022,Data!$F$4:$F$2311,5) -> 62.582611 | T12: =SUMIFS(Data!$H$4:$H$2311,Data!$B$4:$B$2311,"UCO",Data!$C$4:$C$2311,"World Total",Data!$E$4:$E$2311,2023,Data!$F$4:$F$2311,5) -> 272.9667 | U12: =SUMIFS(Data!$H$4:$H$2311,Data!$B$4:$B$2311,"UCO",Data!$C$4:$C$2311,"World Total",Data!$E$4:$E$2311,2024,Data!$F$4:$F$2311,5) -> 307.47081 | V12: =SUMIFS(Data!$H$4:$H$2311,Data!$B$4:$B$2311,"UCO",Data!$C$4:$C$2311,"World Total",Data!$E$4:$E$2311,2025,Data!$F$4:$F$2311,5) -> 468.51399 | W12: =SUMIFS(Data!$H$4:$H$2311,Data!$B$4:$B$2311,"UCO",Data!$C$4:$C$2311,"World Total",Data!$E$4:$E$2311,2026,Data!$F$4:$F$2311,5) -> 318.22968
A13: Germany | B13: =SUMIFS(Data!$H$4:$H$2311,Data!$B$4:$B$2311,"UCO",Data!$C$4:$C$2311,"Germany",Data!$E$4:$E$2311,2020,Data!$F$4:$F$2311,1) -> 7.4957169e-05 | C13: =SUMIFS(Data!$H$4:$H$2311,Data!$B$4:$B$2311,"UCO",Data!$C$4:$C$2311,"Germany",Data!$E$4:$E$2311,2020,Data!$F$4:$F$2311,2) -> 0.0076390174 | D13: =SUMIFS(Data!$H$4:$H$2311,Data!$B$4:$B$2311,"UCO",Data!$C$4:$C$2311,"Germany",Data!$E$4:$E$2311,2020,Data!$F$4:$F$2311,3) -> 0.008359929 | E13: =SUMIFS(Data!$H$4:$H$2311,Data!$B$4:$B$2311,"UCO",Data!$C$4:$C$2311,"Germany",Data!$E$4:$E$2311,2020,Data!$F$4:$F$2311,4) -> 9.259415e-05 | F13: =SUMIFS(Data!$H$4:$H$2311,Data!$B$4:$B$2311,"UCO",Data!$C$4:$C$2311,"Germany",Data!$E$4:$E$2311,2020,Data!$F$4:$F$2311,5) -> 0.0018584969 | G13: =SUMIFS(Data!$H$4:$H$2311,Data!$B$4:$B$2311,"UCO",Data!$C$4:$C$2311,"Germany",Data!$E$4:$E$2311,2020,Data!$F$4:$F$2311,6) -> 0.014764358 | H13: =SUMIFS(Data!$H$4:$H$2311,Data!$B$4:$B$2311,"UCO",Data!$C$4:$C$2311,"Germany",Data!$E$4:$E$2311,2020,Data!$F$4:$F$2311,7) -> 0.0036530597 | I13: =SUMIFS(Data!$H$4:$H$2311,Data!$B$4:$B$2311,"UCO",Data!$C$4:$C$2311,"Germany",Data!$E$4:$E$2311,2020,Data!$F$4:$F$2311,8) -> 0.0067836238 | J13: =SUMIFS(Data!$H$4:$H$2311,Data!$B$4:$B$2311,"UCO",Data!$C$4:$C$2311,"Germany",Data!$E$4:$E$2311,2020,Data!$F$4:$F$2311,9) -> 0.12974204 | K13: =SUMIFS(Data!$H$4:$H$2311,Data!$B$4:$B$2311,"UCO",Data!$C$4:$C$2311,"Germany",Data!$E$4:$E$2311,2020,Data!$F$4:$F$2311,10) -> 0.01209456 | L13: =SUMIFS(Data!$H$4:$H$2311,Data!$B$4:$B$2311,"UCO",Data!$C$4:$C$2311,"Germany",Data!$E$4:$E$2311,2020,Data!$F$4:$F$2311,11) -> 0.016378141 | M13: =SUMIFS(Data!$H$4:$H$2311,Data!$B$4:$B$2311,"UCO",Data!$C$4:$C$2311,"Germany",Data!$E$4:$E$2311,2020,Data!$F$4:$F$2311,12) -> 0.0062236497 | N13: =SUM(B13:M13) -> 0.20766443 | Q13: Jun | R13: =SUMIFS(Data!$H$4:$H$2311,Data!$B$4:$B$2311,"UCO",Data!$C$4:$C$2311,"World Total",Data!$E$4:$E$2311,2021,Data!$F$4:$F$2311,6) -> 18.141416 | S13: =SUMIFS(Data!$H$4:$H$2311,Data!$B$4:$B$2311,"UCO",Data!$C$4:$C$2311,"World Total",Data!$E$4:$E$2311,2022,Data!$F$4:$F$2311,6) -> 80.114169 | T13: =SUMIFS(Data!$H$4:$H$2311,Data!$B$4:$B$2311,"UCO",Data!$C$4:$C$2311,"World Total",Data!$E$4:$E$2311,2023,Data!$F$4:$F$2311,6) -> 205.2553 | U13: =SUMIFS(Data!$H$4:$H$2311,Data!$B$4:$B$2311,"UCO",Data!$C$4:$C$2311,"World Total",Data!$E$4:$E$2311,2024,Data!$F$4:$F$2311,6) -> 370.33968 | V13: =SUMIFS(Data!$H$4:$H$2311,Data!$B$4:$B$2311,"UCO",Data!$C$4:$C$2311,"World Total",Data!$E$4:$E$2311,2025,Data!$F$4:$F$2311,6) -> 206.36043 | W13: =SUMIFS(Data!$H$4:$H$2311,Data!$B$4:$B$2311,"UCO",Data!$C$4:$C$2311,"World Total",Data!$E$4:$E$2311,2026,Data!$F$4:$F$2311,6) -> 406.81571
A14: Netherlands | B14: =SUMIFS(Data!$H$4:$H$2311,Data!$B$4:$B$2311,"UCO",Data!$C$4:$C$2311,"Netherlands",Data!$E$4:$E$2311,2020,Data!$F$4:$F$2311,1) -> 0.08377566 | C14: =SUMIFS(Data!$H$4:$H$2311,Data!$B$4:$B$2311,"UCO",Data!$C$4:$C$2311,"Netherlands",Data!$E$4:$E$2311,2020,Data!$F$4:$F$2311,2) -> 0 | D14: =SUMIFS(Data!$H$4:$H$2311,Data!$B$4:$B$2311,"UCO",Data!$C$4:$C$2311,"Netherlands",Data!$E$4:$E$2311,2020,Data!$F$4:$F$2311,3) -> 0 | E14: =SUMIFS(Data!$H$4:$H$2311,Data!$B$4:$B$2311,"UCO",Data!$C$4:$C$2311,"Netherlands",Data!$E$4:$E$2311,2020,Data!$F$4:$F$2311,4) -> 0 | F14: =SUMIFS(Data!$H$4:$H$2311,Data!$B$4:$B$2311,"UCO",Data!$C$4:$C$2311,"Netherlands",Data!$E$4:$E$2311,2020,Data!$F$4:$F$2311,5) -> 0 | G14: =SUMIFS(Data!$H$4:$H$2311,Data!$B$4:$B$2311,"UCO",Data!$C$4:$C$2311,"Netherlands",Data!$E$4:$E$2311,2020,Data!$F$4:$F$2311,6) -> 0 | H14: =SUMIFS(Data!$H$4:$H$2311,Data!$B$4:$B$2311,"UCO",Data!$C$4:$C$2311,"Netherlands",Data!$E$4:$E$2311,2020,Data!$F$4:$F$2311,7) -> 0 | I14: =SUMIFS(Data!$H$4:$H$2311,Data!$B$4:$B$2311,"UCO",Data!$C$4:$C$2311,"Netherlands",Data!$E$4:$E$2311,2020,Data!$F$4:$F$2311,8) -> 0 | J14: =SUMIFS(Data!$H$4:$H$2311,Data!$B$4:$B$2311,"UCO",Data!$C$4:$C$2311,"Netherlands",Data!$E$4:$E$2311,2020,Data!$F$4:$F$2311,9) -> 0 | K14: =SUMIFS(Data!$H$4:$H$2311,Data!$B$4:$B$2311,"UCO",Data!$C$4:$C$2311,"Netherlands",Data!$E$4:$E$2311,2020,Data!$F$4:$F$2311,10) -> 0 | L14: =SUMIFS(Data!$H$4:$H$2311,Data!$B$4:$B$2311,"UCO",Data!$C$4:$C$2311,"Netherlands",Data!$E$4:$E$2311,2020,Data!$F$4:$F$2311,11) -> 0 | M14: =SUMIFS(Data!$H$4:$H$2311,Data!$B$4:$B$2311,"UCO",Data!$C$4:$C$2311,"Netherlands",Data!$E$4:$E$2311,2020,Data!$F$4:$F$2311,12) -> 0.08377566 | N14: =SUM(B14:M14) -> 0.16755132 | Q14: Jul | R14: =SUMIFS(Data!$H$4:$H$2311,Data!$B$4:$B$2311,"UCO",Data!$C$4:$C$2311,"World Total",Data!$E$4:$E$2311,2021,Data!$F$4:$F$2311,7) -> 19.58109 | S14: =SUMIFS(Data!$H$4:$H$2311,Data!$B$4:$B$2311,"UCO",Data!$C$4:$C$2311,"World Total",Data!$E$4:$E$2311,2022,Data!$F$4:$F$2311,7) -> 51.014798 | T14: =SUMIFS(Data!$H$4:$H$2311,Data!$B$4:$B$2311,"UCO",Data!$C$4:$C$2311,"World Total",Data!$E$4:$E$2311,2023,Data!$F$4:$F$2311,7) -> 122.48136 | U14: =SUMIFS(Data!$H$4:$H$2311,Data!$B$4:$B$2311,"UCO",Data!$C$4:$C$2311,"World Total",Data!$E$4:$E$2311,2024,Data!$F$4:$F$2311,7) -> 436.63989 | V14: =SUMIFS(Data!$H$4:$H$2311,Data!$B$4:$B$2311,"UCO",Data!$C$4:$C$2311,"World Total",Data!$E$4:$E$2311,2025,Data!$F$4:$F$2311,7) -> 443.719 | W14: =SUMIFS(Data!$H$4:$H$2311,Data!$B$4:$B$2311,"UCO",Data!$C$4:$C$2311,"World Total",Data!$E$4:$E$2311,2026,Data!$F$4:$F$2311,7) -> 746.0067
A15: Peru | B15: =SUMIFS(Data!$H$4:$H$2311,Data!$B$4:$B$2311,"UCO",Data!$C$4:$C$2311,"Peru",Data!$E$4:$E$2311,2020,Data!$F$4:$F$2311,1) -> 0.13957466 | C15: =SUMIFS(Data!$H$4:$H$2311,Data!$B$4:$B$2311,"UCO",Data!$C$4:$C$2311,"Peru",Data!$E$4:$E$2311,2020,Data!$F$4:$F$2311,2) -> 0 | D15: =SUMIFS(Data!$H$4:$H$2311,Data!$B$4:$B$2311,"UCO",Data!$C$4:$C$2311,"Peru",Data!$E$4:$E$2311,2020,Data!$F$4:$F$2311,3) -> 0 | E15: =SUMIFS(Data!$H$4:$H$2311,Data!$B$4:$B$2311,"UCO",Data!$C$4:$C$2311,"Peru",Data!$E$4:$E$2311,2020,Data!$F$4:$F$2311,4) -> 0 | F15: =SUMIFS(Data!$H$4:$H$2311,Data!$B$4:$B$2311,"UCO",Data!$C$4:$C$2311,"Peru",Data!$E$4:$E$2311,2020,Data!$F$4:$F$2311,5) -> 0 | G15: =SUMIFS(Data!$H$4:$H$2311,Data!$B$4:$B$2311,"UCO",Data!$C$4:$C$2311,"Peru",Data!$E$4:$E$2311,2020,Data!$F$4:$F$2311,6) -> 0 | H15: =SUMIFS(Data!$H$4:$H$2311,Data!$B$4:$B$2311,"UCO",Data!$C$4:$C$2311,"Peru",Data!$E$4:$E$2311,2020,Data!$F$4:$F$2311,7) -> 0 | I15: =SUMIFS(Data!$H$4:$H$2311,Data!$B$4:$B$2311,"UCO",Data!$C$4:$C$2311,"Peru",Data!$E$4:$E$2311,2020,Data!$F$4:$F$2311,8) -> 0 | J15: =SUMIFS(Data!$H$4:$H$2311,Data!$B$4:$B$2311,"UCO",Data!$C$4:$C$2311,"Peru",Data!$E$4:$E$2311,2020,Data!$F$4:$F$2311,9) -> 0 | K15: =SUMIFS(Data!$H$4:$H$2311,Data!$B$4:$B$2311,"UCO",Data!$C$4:$C$2311,"Peru",Data!$E$4:$E$2311,2020,Data!$F$4:$F$2311,10) -> 0 | L15: =SUMIFS(Data!$H$4:$H$2311,Data!$B$4:$B$2311,"UCO",Data!$C$4:$C$2311,"Peru",Data!$E$4:$E$2311,2020,Data!$F$4:$F$2311,11) -> 0 | M15: =SUMIFS(Data!$H$4:$H$2311,Data!$B$4:$B$2311,"UCO",Data!$C$4:$C$2311,"Peru",Data!$E$4:$E$2311,2020,Data!$F$4:$F$2311,12) -> 0 | N15: =SUM(B15:M15) -> 0.13957466 | Q15: Aug | R15: =SUMIFS(Data!$H$4:$H$2311,Data!$B$4:$B$2311,"UCO",Data!$C$4:$C$2311,"World Total",Data!$E$4:$E$2311,2021,Data!$F$4:$F$2311,8) -> 21.50892 | S15: =SUMIFS(Data!$H$4:$H$2311,Data!$B$4:$B$2311,"UCO",Data!$C$4:$C$2311,"World Total",Data!$E$4:$E$2311,2022,Data!$F$4:$F$2311,8) -> 108.40624 | T15: =SUMIFS(Data!$H$4:$H$2311,Data!$B$4:$B$2311,"UCO",Data!$C$4:$C$2311,"World Total",Data!$E$4:$E$2311,2023,Data!$F$4:$F$2311,8) -> 286.87084 | U15: =SUMIFS(Data!$H$4:$H$2311,Data!$B$4:$B$2311,"UCO",Data!$C$4:$C$2311,"World Total",Data!$E$4:$E$2311,2024,Data!$F$4:$F$2311,8) -> 540.75592 | V15: =SUMIFS(Data!$H$4:$H$2311,Data!$B$4:$B$2311,"UCO",Data!$C$4:$C$2311,"World Total",Data!$E$4:$E$2311,2025,Data!$F$4:$F$2311,8) -> 361.87405 | W15: =SUMIFS(Data!$H$4:$H$2311,Data!$B$4:$B$2311,"UCO",Data!$C$4:$C$2311,"World Total",Data!$E$4:$E$2311,2026,Data!$F$4:$F$2311,8) -> 586.76043
A16: Malaysia | B16: =SUMIFS(Data!$H$4:$H$2311,Data!$B$4:$B$2311,"UCO",Data!$C$4:$C$2311,"Malaysia",Data!$E$4:$E$2311,2020,Data!$F$4:$F$2311,1) -> 0 | C16: =SUMIFS(Data!$H$4:$H$2311,Data!$B$4:$B$2311,"UCO",Data!$C$4:$C$2311,"Malaysia",Data!$E$4:$E$2311,2020,Data!$F$4:$F$2311,2) -> 0 | D16: =SUMIFS(Data!$H$4:$H$2311,Data!$B$4:$B$2311,"UCO",Data!$C$4:$C$2311,"Malaysia",Data!$E$4:$E$2311,2020,Data!$F$4:$F$2311,3) -> 0 | E16: =SUMIFS(Data!$H$4:$H$2311,Data!$B$4:$B$2311,"UCO",Data!$C$4:$C$2311,"Malaysia",Data!$E$4:$E$2311,2020,Data!$F$4:$F$2311,4) -> 0 | F16: =SUMIFS(Data!$H$4:$H$2311,Data!$B$4:$B$2311,"UCO",Data!$C$4:$C$2311,"Malaysia",Data!$E$4:$E$2311,2020,Data!$F$4:$F$2311,5) -> 0 | G16: =SUMIFS(Data!$H$4:$H$2311,Data!$B$4:$B$2311,"UCO",Data!$C$4:$C$2311,"Malaysia",Data!$E$4:$E$2311,2020,Data!$F$4:$F$2311,6) -> 0 | H16: =SUMIFS(Data!$H$4:$H$2311,Data!$B$4:$B$2311,"UCO",Data!$C$4:$C$2311,"Malaysia",Data!$E$4:$E$2311,2020,Data!$F$4:$F$2311,7) -> 0 | I16: =SUMIFS(Data!$H$4:$H$2311,Data!$B$4:$B$2311,"UCO",Data!$C$4:$C$2311,"Malaysia",Data!$E$4:$E$2311,2020,Data!$F$4:$F$2311,8) -> 0 | J16: =SUMIFS(Data!$H$4:$H$2311,Data!$B$4:$B$2311,"UCO",Data!$C$4:$C$2311,"Malaysia",Data!$E$4:$E$2311,2020,Data!$F$4:$F$2311,9) -> 0.046076613 | K16: =SUMIFS(Data!$H$4:$H$2311,Data!$B$4:$B$2311,"UCO",Data!$C$4:$C$2311,"Malaysia",Data!$E$4:$E$2311,2020,Data!$F$4:$F$2311,10) -> 0 | L16: =SUMIFS(Data!$H$4:$H$2311,Data!$B$4:$B$2311,"UCO",Data!$C$4:$C$2311,"Malaysia",Data!$E$4:$E$2311,2020,Data!$F$4:$F$2311,11) -> 0 | M16: =SUMIFS(Data!$H$4:$H$2311,Data!$B$4:$B$2311,"UCO",Data!$C$4:$C$2311,"Malaysia",Data!$E$4:$E$2311,2020,Data!$F$4:$F$2311,12) -> 0 | N16: =SUM(B16:M16) -> 0.046076613 | Q16: Sep | R16: =SUMIFS(Data!$H$4:$H$2311,Data!$B$4:$B$2311,"UCO",Data!$C$4:$C$2311,"World Total",Data!$E$4:$E$2311,2021,Data!$F$4:$F$2311,9) -> 17.574967 | S16: =SUMIFS(Data!$H$4:$H$2311,Data!$B$4:$B$2311,"UCO",Data!$C$4:$C$2311,"World Total",Data!$E$4:$E$2311,2022,Data!$F$4:$F$2311,9) -> 38.343138 | T16: =SUMIFS(Data!$H$4:$H$2311,Data!$B$4:$B$2311,"UCO",Data!$C$4:$C$2311,"World Total",Data!$E$4:$E$2311,2023,Data!$F$4:$F$2311,9) -> 382.93074 | U16: =SUMIFS(Data!$H$4:$H$2311,Data!$B$4:$B$2311,"UCO",Data!$C$4:$C$2311,"World Total",Data!$E$4:$E$2311,2024,Data!$F$4:$F$2311,9) -> 691.84099 | V16: =SUMIFS(Data!$H$4:$H$2311,Data!$B$4:$B$2311,"UCO",Data!$C$4:$C$2311,"World Total",Data!$E$4:$E$2311,2025,Data!$F$4:$F$2311,9) -> 388.75448
A17: Japan | B17: =SUMIFS(Data!$H$4:$H$2311,Data!$B$4:$B$2311,"UCO",Data!$C$4:$C$2311,"Japan",Data!$E$4:$E$2311,2020,Data!$F$4:$F$2311,1) -> 0.0063493132 | C17: =SUMIFS(Data!$H$4:$H$2311,Data!$B$4:$B$2311,"UCO",Data!$C$4:$C$2311,"Japan",Data!$E$4:$E$2311,2020,Data!$F$4:$F$2311,2) -> 0.0026455471 | D17: =SUMIFS(Data!$H$4:$H$2311,Data!$B$4:$B$2311,"UCO",Data!$C$4:$C$2311,"Japan",Data!$E$4:$E$2311,2020,Data!$F$4:$F$2311,3) -> 0.005555649 | E17: =SUMIFS(Data!$H$4:$H$2311,Data!$B$4:$B$2311,"UCO",Data!$C$4:$C$2311,"Japan",Data!$E$4:$E$2311,2020,Data!$F$4:$F$2311,4) -> 0 | F17: =SUMIFS(Data!$H$4:$H$2311,Data!$B$4:$B$2311,"UCO",Data!$C$4:$C$2311,"Japan",Data!$E$4:$E$2311,2020,Data!$F$4:$F$2311,5) -> 0.0037919509 | G17: =SUMIFS(Data!$H$4:$H$2311,Data!$B$4:$B$2311,"UCO",Data!$C$4:$C$2311,"Japan",Data!$E$4:$E$2311,2020,Data!$F$4:$F$2311,6) -> 0.0022046226 | H17: =SUMIFS(Data!$H$4:$H$2311,Data!$B$4:$B$2311,"UCO",Data!$C$4:$C$2311,"Japan",Data!$E$4:$E$2311,2020,Data!$F$4:$F$2311,7) -> 0 | I17: =SUMIFS(Data!$H$4:$H$2311,Data!$B$4:$B$2311,"UCO",Data!$C$4:$C$2311,"Japan",Data!$E$4:$E$2311,2020,Data!$F$4:$F$2311,8) -> 0.0024691773 | J17: =SUMIFS(Data!$H$4:$H$2311,Data!$B$4:$B$2311,"UCO",Data!$C$4:$C$2311,"Japan",Data!$E$4:$E$2311,2020,Data!$F$4:$F$2311,9) -> 0.0026455471 | K17: =SUMIFS(Data!$H$4:$H$2311,Data!$B$4:$B$2311,"UCO",Data!$C$4:$C$2311,"Japan",Data!$E$4:$E$2311,2020,Data!$F$4:$F$2311,10) -> 0.0055336028 | L17: =SUMIFS(Data!$H$4:$H$2311,Data!$B$4:$B$2311,"UCO",Data!$C$4:$C$2311,"Japan",Data!$E$4:$E$2311,2020,Data!$F$4:$F$2311,11) -> 0.00087303056 | M17: =SUMIFS(Data!$H$4:$H$2311,Data!$B$4:$B$2311,"UCO",Data!$C$4:$C$2311,"Japan",Data!$E$4:$E$2311,2020,Data!$F$4:$F$2311,12) -> 0.010132446 | N17: =SUM(B17:M17) -> 0.042200886
A18: Argentina | B18: =SUMIFS(Data!$H$4:$H$2311,Data!$B$4:$B$2311,"UCO",Data!$C$4:$C$2311,"Argentina",Data!$E$4:$E$2311,2020,Data!$F$4:$F$2311,1) -> 0 | C18: =SUMIFS(Data!$H$4:$H$2311,Data!$B$4:$B$2311,"UCO",Data!$C$4:$C$2311,"Argentina",Data!$E$4:$E$2311,2020,Data!$F$4:$F$2311,2) -> 0 | D18: =SUMIFS(Data!$H$4:$H$2311,Data!$B$4:$B$2311,"UCO",Data!$C$4:$C$2311,"Argentina",Data!$E$4:$E$2311,2020,Data!$F$4:$F$2311,3) -> 0 | E18: =SUMIFS(Data!$H$4:$H$2311,Data!$B$4:$B$2311,"UCO",Data!$C$4:$C$2311,"Argentina",Data!$E$4:$E$2311,2020,Data!$F$4:$F$2311,4) -> 0 | F18: =SUMIFS(Data!$H$4:$H$2311,Data!$B$4:$B$2311,"UCO",Data!$C$4:$C$2311,"Argentina",Data!$E$4:$E$2311,2020,Data!$F$4:$F$2311,5) -> 0 | G18: =SUMIFS(Data!$H$4:$H$2311,Data!$B$4:$B$2311,"UCO",Data!$C$4:$C$2311,"Argentina",Data!$E$4:$E$2311,2020,Data!$F$4:$F$2311,6) -> 0 | H18: =SUMIFS(Data!$H$4:$H$2311,Data!$B$4:$B$2311,"UCO",Data!$C$4:$C$2311,"Argentina",Data!$E$4:$E$2311,2020,Data!$F$4:$F$2311,7) -> 0 | I18: =SUMIFS(Data!$H$4:$H$2311,Data!$B$4:$B$2311,"UCO",Data!$C$4:$C$2311,"Argentina",Data!$E$4:$E$2311,2020,Data!$F$4:$F$2311,8) -> 0 | J18: =SUMIFS(Data!$H$4:$H$2311,Data!$B$4:$B$2311,"UCO",Data!$C$4:$C$2311,"Argentina",Data!$E$4:$E$2311,2020,Data!$F$4:$F$2311,9) -> 0.039683207 | K18: =SUMIFS(Data!$H$4:$H$2311,Data!$B$4:$B$2311,"UCO",Data!$C$4:$C$2311,"Argentina",Data!$E$4:$E$2311,2020,Data!$F$4:$F$2311,10) -> 0 | L18: =SUMIFS(Data!$H$4:$H$2311,Data!$B$4:$B$2311,"UCO",Data!$C$4:$C$2311,"Argentina",Data!$E$4:$E$2311,2020,Data!$F$4:$F$2311,11) -> 0 | M18: =SUMIFS(Data!$H$4:$H$2311,Data!$B$4:$B$2311,"UCO",Data!$C$4:$C$2311,"Argentina",Data!$E$4:$E$2311,2020,Data!$F$4:$F$2311,12) -> 0 | N18: =SUM(B18:M18) -> 0.039683207
A19: Spain | B19: =SUMIFS(Data!$H$4:$H$2311,Data!$B$4:$B$2311,"UCO",Data!$C$4:$C$2311,"Spain",Data!$E$4:$E$2311,2020,Data!$F$4:$F$2311,1) -> 0 | C19: =SUMIFS(Data!$H$4:$H$2311,Data!$B$4:$B$2311,"UCO",Data!$C$4:$C$2311,"Spain",Data!$E$4:$E$2311,2020,Data!$F$4:$F$2311,2) -> 0 | D19: =SUMIFS(Data!$H$4:$H$2311,Data!$B$4:$B$2311,"UCO",Data!$C$4:$C$2311,"Spain",Data!$E$4:$E$2311,2020,Data!$F$4:$F$2311,3) -> 0.0014881203 | E19: =SUMIFS(Data!$H$4:$H$2311,Data!$B$4:$B$2311,"UCO",Data!$C$4:$C$2311,"Spain",Data!$E$4:$E$2311,2020,Data!$F$4:$F$2311,4) -> 0.0089838372 | F19: =SUMIFS(Data!$H$4:$H$2311,Data!$B$4:$B$2311,"UCO",Data!$C$4:$C$2311,"Spain",Data!$E$4:$E$2311,2020,Data!$F$4:$F$2311,5) -> 0.0048523744 | G19: =SUMIFS(Data!$H$4:$H$2311,Data!$B$4:$B$2311,"UCO",Data!$C$4:$C$2311,"Spain",Data!$E$4:$E$2311,2020,Data!$F$4:$F$2311,6) -> 0.0025132698 | H19: =SUMIFS(Data!$H$4:$H$2311,Data!$B$4:$B$2311,"UCO",Data!$C$4:$C$2311,"Spain",Data!$E$4:$E$2311,2020,Data!$F$4:$F$2311,7) -> 0.00066138679 | I19: =SUMIFS(Data!$H$4:$H$2311,Data!$B$4:$B$2311,"UCO",Data!$C$4:$C$2311,"Spain",Data!$E$4:$E$2311,2020,Data!$F$4:$F$2311,8) -> 0.0022046226 | J19: =SUMIFS(Data!$H$4:$H$2311,Data!$B$4:$B$2311,"UCO",Data!$C$4:$C$2311,"Spain",Data!$E$4:$E$2311,2020,Data!$F$4:$F$2311,9) -> 0 | K19: =SUMIFS(Data!$H$4:$H$2311,Data!$B$4:$B$2311,"UCO",Data!$C$4:$C$2311,"Spain",Data!$E$4:$E$2311,2020,Data!$F$4:$F$2311,10) -> 0 | L19: =SUMIFS(Data!$H$4:$H$2311,Data!$B$4:$B$2311,"UCO",Data!$C$4:$C$2311,"Spain",Data!$E$4:$E$2311,2020,Data!$F$4:$F$2311,11) -> 0.0044092452 | M19: =SUMIFS(Data!$H$4:$H$2311,Data!$B$4:$B$2311,"UCO",Data!$C$4:$C$2311,"Spain",Data!$E$4:$E$2311,2020,Data!$F$4:$F$2311,12) -> 0.0030864717 | N19: =SUM(B19:M19) -> 0.028199328
A20: Sweden | B20: =SUMIFS(Data!$H$4:$H$2311,Data!$B$4:$B$2311,"UCO",Data!$C$4:$C$2311,"Sweden",Data!$E$4:$E$2311,2020,Data!$F$4:$F$2311,1) -> 0 | C20: =SUMIFS(Data!$H$4:$H$2311,Data!$B$4:$B$2311,"UCO",Data!$C$4:$C$2311,"Sweden",Data!$E$4:$E$2311,2020,Data!$F$4:$F$2311,2) -> 0.0052381833 | D20: =SUMIFS(Data!$H$4:$H$2311,Data!$B$4:$B$2311,"UCO",Data!$C$4:$C$2311,"Sweden",Data!$E$4:$E$2311,2020,Data!$F$4:$F$2311,3) -> 0 | E20: =SUMIFS(Data!$H$4:$H$2311,Data!$B$4:$B$2311,"UCO",Data!$C$4:$C$2311,"Sweden",Data!$E$4:$E$2311,2020,Data!$F$4:$F$2311,4) -> 0 | F20: =SUMIFS(Data!$H$4:$H$2311,Data!$B$4:$B$2311,"UCO",Data!$C$4:$C$2311,"Sweden",Data!$E$4:$E$2311,2020,Data!$F$4:$F$2311,5) -> 0 | G20: =SUMIFS(Data!$H$4:$H$2311,Data!$B$4:$B$2311,"UCO",Data!$C$4:$C$2311,"Sweden",Data!$E$4:$E$2311,2020,Data!$F$4:$F$2311,6) -> 0 | H20: =SUMIFS(Data!$H$4:$H$2311,Data!$B$4:$B$2311,"UCO",Data!$C$4:$C$2311,"Sweden",Data!$E$4:$E$2311,2020,Data!$F$4:$F$2311,7) -> 0.0019047939 | I20: =SUMIFS(Data!$H$4:$H$2311,Data!$B$4:$B$2311,"UCO",Data!$C$4:$C$2311,"Sweden",Data!$E$4:$E$2311,2020,Data!$F$4:$F$2311,8) -> 0.012381161 | J20: =SUMIFS(Data!$H$4:$H$2311,Data!$B$4:$B$2311,"UCO",Data!$C$4:$C$2311,"Sweden",Data!$E$4:$E$2311,2020,Data!$F$4:$F$2311,9) -> 0 | K20: =SUMIFS(Data!$H$4:$H$2311,Data!$B$4:$B$2311,"UCO",Data!$C$4:$C$2311,"Sweden",Data!$E$4:$E$2311,2020,Data!$F$4:$F$2311,10) -> 0 | L20: =SUMIFS(Data!$H$4:$H$2311,Data!$B$4:$B$2311,"UCO",Data!$C$4:$C$2311,"Sweden",Data!$E$4:$E$2311,2020,Data!$F$4:$F$2311,11) -> 0 | M20: =SUMIFS(Data!$H$4:$H$2311,Data!$B$4:$B$2311,"UCO",Data!$C$4:$C$2311,"Sweden",Data!$E$4:$E$2311,2020,Data!$F$4:$F$2311,12) -> 0 | N20: =SUM(B20:M20) -> 0.019524138
A21: Ecuador | B21: =SUMIFS(Data!$H$4:$H$2311,Data!$B$4:$B$2311,"UCO",Data!$C$4:$C$2311,"Ecuador",Data!$E$4:$E$2311,2020,Data!$F$4:$F$2311,1) -> 0 | C21: =SUMIFS(Data!$H$4:$H$2311,Data!$B$4:$B$2311,"UCO",Data!$C$4:$C$2311,"Ecuador",Data!$E$4:$E$2311,2020,Data!$F$4:$F$2311,2) -> 0 | D21: =SUMIFS(Data!$H$4:$H$2311,Data!$B$4:$B$2311,"UCO",Data!$C$4:$C$2311,"Ecuador",Data!$E$4:$E$2311,2020,Data!$F$4:$F$2311,3) -> 0.0026786165 | E21: =SUMIFS(Data!$H$4:$H$2311,Data!$B$4:$B$2311,"UCO",Data!$C$4:$C$2311,"Ecuador",Data!$E$4:$E$2311,2020,Data!$F$4:$F$2311,4) -> 0 | F21: =SUMIFS(Data!$H$4:$H$2311,Data!$B$4:$B$2311,"UCO",Data!$C$4:$C$2311,"Ecuador",Data!$E$4:$E$2311,2020,Data!$F$4:$F$2311,5) -> 0 | G21: =SUMIFS(Data!$H$4:$H$2311,Data!$B$4:$B$2311,"UCO",Data!$C$4:$C$2311,"Ecuador",Data!$E$4:$E$2311,2020,Data!$F$4:$F$2311,6) -> 0.0026786165 | H21: =SUMIFS(Data!$H$4:$H$2311,Data!$B$4:$B$2311,"UCO",Data!$C$4:$C$2311,"Ecuador",Data!$E$4:$E$2311,2020,Data!$F$4:$F$2311,7) -> 0 | I21: =SUMIFS(Data!$H$4:$H$2311,Data!$B$4:$B$2311,"UCO",Data!$C$4:$C$2311,"Ecuador",Data!$E$4:$E$2311,2020,Data!$F$4:$F$2311,8) -> 0 | J21: =SUMIFS(Data!$H$4:$H$2311,Data!$B$4:$B$2311,"UCO",Data!$C$4:$C$2311,"Ecuador",Data!$E$4:$E$2311,2020,Data!$F$4:$F$2311,9) -> 0 | K21: =SUMIFS(Data!$H$4:$H$2311,Data!$B$4:$B$2311,"UCO",Data!$C$4:$C$2311,"Ecuador",Data!$E$4:$E$2311,2020,Data!$F$4:$F$2311,10) -> 0.0026786165 | L21: =SUMIFS(Data!$H$4:$H$2311,Data!$B$4:$B$2311,"UCO",Data!$C$4:$C$2311,"Ecuador",Data!$E$4:$E$2311,2020,Data!$F$4:$F$2311,11) -> 0 | M21: =SUMIFS(Data!$H$4:$H$2311,Data!$B$4:$B$2311,"UCO",Data!$C$4:$C$2311,"Ecuador",Data!$E$4:$E$2311,2020,Data!$F$4:$F$2311,12) -> 0 | N21: =SUM(B21:M21) -> 0.0080358495
A22: Jamaica | B22: =SUMIFS(Data!$H$4:$H$2311,Data!$B$4:$B$2311,"UCO",Data!$C$4:$C$2311,"Jamaica",Data!$E$4:$E$2311,2020,Data!$F$4:$F$2311,1) -> 0 | C22: =SUMIFS(Data!$H$4:$H$2311,Data!$B$4:$B$2311,"UCO",Data!$C$4:$C$2311,"Jamaica",Data!$E$4:$E$2311,2020,Data!$F$4:$F$2311,2) -> 0 | D22: =SUMIFS(Data!$H$4:$H$2311,Data!$B$4:$B$2311,"UCO",Data!$C$4:$C$2311,"Jamaica",Data!$E$4:$E$2311,2020,Data!$F$4:$F$2311,3) -> 0.0042306708 | E22: =SUMIFS(Data!$H$4:$H$2311,Data!$B$4:$B$2311,"UCO",Data!$C$4:$C$2311,"Jamaica",Data!$E$4:$E$2311,2020,Data!$F$4:$F$2311,4) -> 0 | F22: =SUMIFS(Data!$H$4:$H$2311,Data!$B$4:$B$2311,"UCO",Data!$C$4:$C$2311,"Jamaica",Data!$E$4:$E$2311,2020,Data!$F$4:$F$2311,5) -> 0 | G22: =SUMIFS(Data!$H$4:$H$2311,Data!$B$4:$B$2311,"UCO",Data!$C$4:$C$2311,"Jamaica",Data!$E$4:$E$2311,2020,Data!$F$4:$F$2311,6) -> 0 | H22: =SUMIFS(Data!$H$4:$H$2311,Data!$B$4:$B$2311,"UCO",Data!$C$4:$C$2311,"Jamaica",Data!$E$4:$E$2311,2020,Data!$F$4:$F$2311,7) -> 0 | I22: =SUMIFS(Data!$H$4:$H$2311,Data!$B$4:$B$2311,"UCO",Data!$C$4:$C$2311,"Jamaica",Data!$E$4:$E$2311,2020,Data!$F$4:$F$2311,8) -> 0 | J22: =SUMIFS(Data!$H$4:$H$2311,Data!$B$4:$B$2311,"UCO",Data!$C$4:$C$2311,"Jamaica",Data!$E$4:$E$2311,2020,Data!$F$4:$F$2311,9) -> 0 | K22: =SUMIFS(Data!$H$4:$H$2311,Data!$B$4:$B$2311,"UCO",Data!$C$4:$C$2311,"Jamaica",Data!$E$4:$E$2311,2020,Data!$F$4:$F$2311,10) -> 0 | L22: =SUMIFS(Data!$H$4:$H$2311,Data!$B$4:$B$2311,"UCO",Data!$C$4:$C$2311,"Jamaica",Data!$E$4:$E$2311,2020,Data!$F$4:$F$2311,11) -> 0 | M22: =SUMIFS(Data!$H$4:$H$2311,Data!$B$4:$B$2311,"UCO",Data!$C$4:$C$2311,"Jamaica",Data!$E$4:$E$2311,2020,Data!$F$4:$F$2311,12) -> 0 | N22: =SUM(B22:M22) -> 0.0042306708
A23: Belgium | B23: =SUMIFS(Data!$H$4:$H$2311,Data!$B$4:$B$2311,"UCO",Data!$C$4:$C$2311,"Belgium",Data!$E$4:$E$2311,2020,Data!$F$4:$F$2311,1) -> 0 | C23: =SUMIFS(Data!$H$4:$H$2311,Data!$B$4:$B$2311,"UCO",Data!$C$4:$C$2311,"Belgium",Data!$E$4:$E$2311,2020,Data!$F$4:$F$2311,2) -> 0 | D23: =SUMIFS(Data!$H$4:$H$2311,Data!$B$4:$B$2311,"UCO",Data!$C$4:$C$2311,"Belgium",Data!$E$4:$E$2311,2020,Data!$F$4:$F$2311,3) -> 0 | E23: =SUMIFS(Data!$H$4:$H$2311,Data!$B$4:$B$2311,"UCO",Data!$C$4:$C$2311,"Belgium",Data!$E$4:$E$2311,2020,Data!$F$4:$F$2311,4) -> 0.0023148538 | F23: =SUMIFS(Data!$H$4:$H$2311,Data!$B$4:$B$2311,"UCO",Data!$C$4:$C$2311,"Belgium",Data!$E$4:$E$2311,2020,Data!$F$4:$F$2311,5) -> 0 | G23: =SUMIFS(Data!$H$4:$H$2311,Data!$B$4:$B$2311,"UCO",Data!$C$4:$C$2311,"Belgium",Data!$E$4:$E$2311,2020,Data!$F$4:$F$2311,6) -> 0 | H23: =SUMIFS(Data!$H$4:$H$2311,Data!$B$4:$B$2311,"UCO",Data!$C$4:$C$2311,"Belgium",Data!$E$4:$E$2311,2020,Data!$F$4:$F$2311,7) -> 0 | I23: =SUMIFS(Data!$H$4:$H$2311,Data!$B$4:$B$2311,"UCO",Data!$C$4:$C$2311,"Belgium",Data!$E$4:$E$2311,2020,Data!$F$4:$F$2311,8) -> 0 | J23: =SUMIFS(Data!$H$4:$H$2311,Data!$B$4:$B$2311,"UCO",Data!$C$4:$C$2311,"Belgium",Data!$E$4:$E$2311,2020,Data!$F$4:$F$2311,9) -> 0 | K23: =SUMIFS(Data!$H$4:$H$2311,Data!$B$4:$B$2311,"UCO",Data!$C$4:$C$2311,"Belgium",Data!$E$4:$E$2311,2020,Data!$F$4:$F$2311,10) -> 0 | L23: =SUMIFS(Data!$H$4:$H$2311,Data!$B$4:$B$2311,"UCO",Data!$C$4:$C$2311,"Belgium",Data!$E$4:$E$2311,2020,Data!$F$4:$F$2311,11) -> 0.0014308001 | M23: =SUMIFS(Data!$H$4:$H$2311,Data!$B$4:$B$2311,"UCO",Data!$C$4:$C$2311,"Belgium",Data!$E$4:$E$2311,2020,Data!$F$4:$F$2311,12) -> 0 | N23: =SUM(B23:M23) -> 0.0037456538
A24: United Kingdom | B24: =SUMIFS(Data!$H$4:$H$2311,Data!$B$4:$B$2311,"UCO",Data!$C$4:$C$2311,"United Kingdom",Data!$E$4:$E$2311,2020,Data!$F$4:$F$2311,1) -> 0 | C24: =SUMIFS(Data!$H$4:$H$2311,Data!$B$4:$B$2311,"UCO",Data!$C$4:$C$2311,"United Kingdom",Data!$E$4:$E$2311,2020,Data!$F$4:$F$2311,2) -> 0 | D24: =SUMIFS(Data!$H$4:$H$2311,Data!$B$4:$B$2311,"UCO",Data!$C$4:$C$2311,"United Kingdom",Data!$E$4:$E$2311,2020,Data!$F$4:$F$2311,3) -> 0.00052910943 | E24: =SUMIFS(Data!$H$4:$H$2311,Data!$B$4:$B$2311,"UCO",Data!$C$4:$C$2311,"United Kingdom",Data!$E$4:$E$2311,2020,Data!$F$4:$F$2311,4) -> 0.0025992501 | F24: =SUMIFS(Data!$H$4:$H$2311,Data!$B$4:$B$2311,"UCO",Data!$C$4:$C$2311,"United Kingdom",Data!$E$4:$E$2311,2020,Data!$F$4:$F$2311,5) -> 0 | G24: =SUMIFS(Data!$H$4:$H$2311,Data!$B$4:$B$2311,"UCO",Data!$C$4:$C$2311,"United Kingdom",Data!$E$4:$E$2311,2020,Data!$F$4:$F$2311,6) -> 0 | H24: =SUMIFS(Data!$H$4:$H$2311,Data!$B$4:$B$2311,"UCO",Data!$C$4:$C$2311,"United Kingdom",Data!$E$4:$E$2311,2020,Data!$F$4:$F$2311,7) -> 0 | I24: =SUMIFS(Data!$H$4:$H$2311,Data!$B$4:$B$2311,"UCO",Data!$C$4:$C$2311,"United Kingdom",Data!$E$4:$E$2311,2020,Data!$F$4:$F$2311,8) -> 0 | J24: =SUMIFS(Data!$H$4:$H$2311,Data!$B$4:$B$2311,"UCO",Data!$C$4:$C$2311,"United Kingdom",Data!$E$4:$E$2311,2020,Data!$F$4:$F$2311,9) -> 0 | K24: =SUMIFS(Data!$H$4:$H$2311,Data!$B$4:$B$2311,"UCO",Data!$C$4:$C$2311,"United Kingdom",Data!$E$4:$E$2311,2020,Data!$F$4:$F$2311,10) -> 0.00046297075 | L24: =SUMIFS(Data!$H$4:$H$2311,Data!$B$4:$B$2311,"UCO",Data!$C$4:$C$2311,"United Kingdom",Data!$E$4:$E$2311,2020,Data!$F$4:$F$2311,11) -> 0 | M24: =SUMIFS(Data!$H$4:$H$2311,Data!$B$4:$B$2311,"UCO",Data!$C$4:$C$2311,"United Kingdom",Data!$E$4:$E$2311,2020,Data!$F$4:$F$2311,12) -> 0 | N24: =SUM(B24:M24) -> 0.0035913303
A25: Vietnam | B25: =SUMIFS(Data!$H$4:$H$2311,Data!$B$4:$B$2311,"UCO",Data!$C$4:$C$2311,"Vietnam",Data!$E$4:$E$2311,2020,Data!$F$4:$F$2311,1) -> 0 | C25: =SUMIFS(Data!$H$4:$H$2311,Data!$B$4:$B$2311,"UCO",Data!$C$4:$C$2311,"Vietnam",Data!$E$4:$E$2311,2020,Data!$F$4:$F$2311,2) -> 0 | D25: =SUMIFS(Data!$H$4:$H$2311,Data!$B$4:$B$2311,"UCO",Data!$C$4:$C$2311,"Vietnam",Data!$E$4:$E$2311,2020,Data!$F$4:$F$2311,3) -> 0 | E25: =SUMIFS(Data!$H$4:$H$2311,Data!$B$4:$B$2311,"UCO",Data!$C$4:$C$2311,"Vietnam",Data!$E$4:$E$2311,2020,Data!$F$4:$F$2311,4) -> 0 | F25: =SUMIFS(Data!$H$4:$H$2311,Data!$B$4:$B$2311,"UCO",Data!$C$4:$C$2311,"Vietnam",Data!$E$4:$E$2311,2020,Data!$F$4:$F$2311,5) -> 0 | G25: =SUMIFS(Data!$H$4:$H$2311,Data!$B$4:$B$2311,"UCO",Data!$C$4:$C$2311,"Vietnam",Data!$E$4:$E$2311,2020,Data!$F$4:$F$2311,6) -> 0 | H25: =SUMIFS(Data!$H$4:$H$2311,Data!$B$4:$B$2311,"UCO",Data!$C$4:$C$2311,"Vietnam",Data!$E$4:$E$2311,2020,Data!$F$4:$F$2311,7) -> 0 | I25: =SUMIFS(Data!$H$4:$H$2311,Data!$B$4:$B$2311,"UCO",Data!$C$4:$C$2311,"Vietnam",Data!$E$4:$E$2311,2020,Data!$F$4:$F$2311,8) -> 0 | J25: =SUMIFS(Data!$H$4:$H$2311,Data!$B$4:$B$2311,"UCO",Data!$C$4:$C$2311,"Vietnam",Data!$E$4:$E$2311,2020,Data!$F$4:$F$2311,9) -> 0 | K25: =SUMIFS(Data!$H$4:$H$2311,Data!$B$4:$B$2311,"UCO",Data!$C$4:$C$2311,"Vietnam",Data!$E$4:$E$2311,2020,Data!$F$4:$F$2311,10) -> 0 | L25: =SUMIFS(Data!$H$4:$H$2311,Data!$B$4:$B$2311,"UCO",Data!$C$4:$C$2311,"Vietnam",Data!$E$4:$E$2311,2020,Data!$F$4:$F$2311,11) -> 0 | M25: =SUMIFS(Data!$H$4:$H$2311,Data!$B$4:$B$2311,"UCO",Data!$C$4:$C$2311,"Vietnam",Data!$E$4:$E$2311,2020,Data!$F$4:$F$2311,12) -> 0.0028086892 | N25: =SUM(B25:M25) -> 0.0028086892
A26: Switzerland | B26: =SUMIFS(Data!$H$4:$H$2311,Data!$B$4:$B$2311,"UCO",Data!$C$4:$C$2311,"Switzerland",Data!$E$4:$E$2311,2020,Data!$F$4:$F$2311,1) -> 0.0004188783 | C26: =SUMIFS(Data!$H$4:$H$2311,Data!$B$4:$B$2311,"UCO",Data!$C$4:$C$2311,"Switzerland",Data!$E$4:$E$2311,2020,Data!$F$4:$F$2311,2) -> 0.0001653467 | D26: =SUMIFS(Data!$H$4:$H$2311,Data!$B$4:$B$2311,"UCO",Data!$C$4:$C$2311,"Switzerland",Data!$E$4:$E$2311,2020,Data!$F$4:$F$2311,3) -> 0.0008377566 | E26: =SUMIFS(Data!$H$4:$H$2311,Data!$B$4:$B$2311,"UCO",Data!$C$4:$C$2311,"Switzerland",Data!$E$4:$E$2311,2020,Data!$F$4:$F$2311,4) -> 0 | F26: =SUMIFS(Data!$H$4:$H$2311,Data!$B$4:$B$2311,"UCO",Data!$C$4:$C$2311,"Switzerland",Data!$E$4:$E$2311,2020,Data!$F$4:$F$2311,5) -> 0 | G26: =SUMIFS(Data!$H$4:$H$2311,Data!$B$4:$B$2311,"UCO",Data!$C$4:$C$2311,"Switzerland",Data!$E$4:$E$2311,2020,Data!$F$4:$F$2311,6) -> 0 | H26: =SUMIFS(Data!$H$4:$H$2311,Data!$B$4:$B$2311,"UCO",Data!$C$4:$C$2311,"Switzerland",Data!$E$4:$E$2311,2020,Data!$F$4:$F$2311,7) -> 0 | I26: =SUMIFS(Data!$H$4:$H$2311,Data!$B$4:$B$2311,"UCO",Data!$C$4:$C$2311,"Switzerland",Data!$E$4:$E$2311,2020,Data!$F$4:$F$2311,8) -> 0 | J26: =SUMIFS(Data!$H$4:$H$2311,Data!$B$4:$B$2311,"UCO",Data!$C$4:$C$2311,"Switzerland",Data!$E$4:$E$2311,2020,Data!$F$4:$F$2311,9) -> 0 | K26: =SUMIFS(Data!$H$4:$H$2311,Data!$B$4:$B$2311,"UCO",Data!$C$4:$C$2311,"Switzerland",Data!$E$4:$E$2311,2020,Data!$F$4:$F$2311,10) -> 0 | L26: =SUMIFS(Data!$H$4:$H$2311,Data!$B$4:$B$2311,"UCO",Data!$C$4:$C$2311,"Switzerland",Data!$E$4:$E$2311,2020,Data!$F$4:$F$2311,11) -> 0 | M26: =SUMIFS(Data!$H$4:$H$2311,Data!$B$4:$B$2311,"UCO",Data!$C$4:$C$2311,"Switzerland",Data!$E$4:$E$2311,2020,Data!$F$4:$F$2311,12) -> 0 | N26: =SUM(B26:M26) -> 0.0014219816
A27: Portugal | B27: =SUMIFS(Data!$H$4:$H$2311,Data!$B$4:$B$2311,"UCO",Data!$C$4:$C$2311,"Portugal",Data!$E$4:$E$2311,2020,Data!$F$4:$F$2311,1) -> 0.0011111298 | C27: =SUMIFS(Data!$H$4:$H$2311,Data!$B$4:$B$2311,"UCO",Data!$C$4:$C$2311,"Portugal",Data!$E$4:$E$2311,2020,Data!$F$4:$F$2311,2) -> 0 | D27: =SUMIFS(Data!$H$4:$H$2311,Data!$B$4:$B$2311,"UCO",Data!$C$4:$C$2311,"Portugal",Data!$E$4:$E$2311,2020,Data!$F$4:$F$2311,3) -> 0 | E27: =SUMIFS(Data!$H$4:$H$2311,Data!$B$4:$B$2311,"UCO",Data!$C$4:$C$2311,"Portugal",Data!$E$4:$E$2311,2020,Data!$F$4:$F$2311,4) -> 0 | F27: =SUMIFS(Data!$H$4:$H$2311,Data!$B$4:$B$2311,"UCO",Data!$C$4:$C$2311,"Portugal",Data!$E$4:$E$2311,2020,Data!$F$4:$F$2311,5) -> 0 | G27: =SUMIFS(Data!$H$4:$H$2311,Data!$B$4:$B$2311,"UCO",Data!$C$4:$C$2311,"Portugal",Data!$E$4:$E$2311,2020,Data!$F$4:$F$2311,6) -> 0 | H27: =SUMIFS(Data!$H$4:$H$2311,Data!$B$4:$B$2311,"UCO",Data!$C$4:$C$2311,"Portugal",Data!$E$4:$E$2311,2020,Data!$F$4:$F$2311,7) -> 0 | I27: =SUMIFS(Data!$H$4:$H$2311,Data!$B$4:$B$2311,"UCO",Data!$C$4:$C$2311,"Portugal",Data!$E$4:$E$2311,2020,Data!$F$4:$F$2311,8) -> 0 | J27: =SUMIFS(Data!$H$4:$H$2311,Data!$B$4:$B$2311,"UCO",Data!$C$4:$C$2311,"Portugal",Data!$E$4:$E$2311,2020,Data!$F$4:$F$2311,9) -> 0 | K27: =SUMIFS(Data!$H$4:$H$2311,Data!$B$4:$B$2311,"UCO",Data!$C$4:$C$2311,"Portugal",Data!$E$4:$E$2311,2020,Data!$F$4:$F$2311,10) -> 0 | L27: =SUMIFS(Data!$H$4:$H$2311,Data!$B$4:$B$2311,"UCO",Data!$C$4:$C$2311,"Portugal",Data!$E$4:$E$2311,2020,Data!$F$4:$F$2311,11) -> 0 | M27: =SUMIFS(Data!$H$4:$H$2311,Data!$B$4:$B$2311,"UCO",Data!$C$4:$C$2311,"Portugal",Data!$E$4:$E$2311,2020,Data!$F$4:$F$2311,12) -> 0 | N27: =SUM(B27:M27) -> 0.0011111298
A28: New Zealand | B28: =SUMIFS(Data!$H$4:$H$2311,Data!$B$4:$B$2311,"UCO",Data!$C$4:$C$2311,"New Zealand",Data!$E$4:$E$2311,2020,Data!$F$4:$F$2311,1) -> 0 | C28: =SUMIFS(Data!$H$4:$H$2311,Data!$B$4:$B$2311,"UCO",Data!$C$4:$C$2311,"New Zealand",Data!$E$4:$E$2311,2020,Data!$F$4:$F$2311,2) -> 0 | D28: =SUMIFS(Data!$H$4:$H$2311,Data!$B$4:$B$2311,"UCO",Data!$C$4:$C$2311,"New Zealand",Data!$E$4:$E$2311,2020,Data!$F$4:$F$2311,3) -> 7.7161792e-05 | E28: =SUMIFS(Data!$H$4:$H$2311,Data!$B$4:$B$2311,"UCO",Data!$C$4:$C$2311,"New Zealand",Data!$E$4:$E$2311,2020,Data!$F$4:$F$2311,4) -> 0 | F28: =SUMIFS(Data!$H$4:$H$2311,Data!$B$4:$B$2311,"UCO",Data!$C$4:$C$2311,"New Zealand",Data!$E$4:$E$2311,2020,Data!$F$4:$F$2311,5) -> 0 | G28: =SUMIFS(Data!$H$4:$H$2311,Data!$B$4:$B$2311,"UCO",Data!$C$4:$C$2311,"New Zealand",Data!$E$4:$E$2311,2020,Data!$F$4:$F$2311,6) -> 0 | H28: =SUMIFS(Data!$H$4:$H$2311,Data!$B$4:$B$2311,"UCO",Data!$C$4:$C$2311,"New Zealand",Data!$E$4:$E$2311,2020,Data!$F$4:$F$2311,7) -> 0 | I28: =SUMIFS(Data!$H$4:$H$2311,Data!$B$4:$B$2311,"UCO",Data!$C$4:$C$2311,"New Zealand",Data!$E$4:$E$2311,2020,Data!$F$4:$F$2311,8) -> 0 | J28: =SUMIFS(Data!$H$4:$H$2311,Data!$B$4:$B$2311,"UCO",Data!$C$4:$C$2311,"New Zealand",Data!$E$4:$E$2311,2020,Data!$F$4:$F$2311,9) -> 0 | K28: =SUMIFS(Data!$H$4:$H$2311,Data!$B$4:$B$2311,"UCO",Data!$C$4:$C$2311,"New Zealand",Data!$E$4:$E$2311,2020,Data!$F$4:$F$2311,10) -> 0 | L28: =SUMIFS(Data!$H$4:$H$2311,Data!$B$4:$B$2311,"UCO",Data!$C$4:$C$2311,"New Zealand",Data!$E$4:$E$2311,2020,Data!$F$4:$F$2311,11) -> 0 | M28: =SUMIFS(Data!$H$4:$H$2311,Data!$B$4:$B$2311,"UCO",Data!$C$4:$C$2311,"New Zealand",Data!$E$4:$E$2311,2020,Data!$F$4:$F$2311,12) -> 0 | N28: =SUM(B28:M28) -> 7.7161792e-05
A29: Italy | B29: =SUMIFS(Data!$H$4:$H$2311,Data!$B$4:$B$2311,"UCO",Data!$C$4:$C$2311,"Italy",Data!$E$4:$E$2311,2020,Data!$F$4:$F$2311,1) -> 0 | C29: =SUMIFS(Data!$H$4:$H$2311,Data!$B$4:$B$2311,"UCO",Data!$C$4:$C$2311,"Italy",Data!$E$4:$E$2311,2020,Data!$F$4:$F$2311,2) -> 0 | D29: =SUMIFS(Data!$H$4:$H$2311,Data!$B$4:$B$2311,"UCO",Data!$C$4:$C$2311,"Italy",Data!$E$4:$E$2311,2020,Data!$F$4:$F$2311,3) -> 0 | E29: =SUMIFS(Data!$H$4:$H$2311,Data!$B$4:$B$2311,"UCO",Data!$C$4:$C$2311,"Italy",Data!$E$4:$E$2311,2020,Data!$F$4:$F$2311,4) -> 0 | F29: =SUMIFS(Data!$H$4:$H$2311,Data!$B$4:$B$2311,"UCO",Data!$C$4:$C$2311,"Italy",Data!$E$4:$E$2311,2020,Data!$F$4:$F$2311,5) -> 0 | G29: =SUMIFS(Data!$H$4:$H$2311,Data!$B$4:$B$2311,"UCO",Data!$C$4:$C$2311,"Italy",Data!$E$4:$E$2311,2020,Data!$F$4:$F$2311,6) -> 0 | H29: =SUMIFS(Data!$H$4:$H$2311,Data!$B$4:$B$2311,"UCO",Data!$C$4:$C$2311,"Italy",Data!$E$4:$E$2311,2020,Data!$F$4:$F$2311,7) -> 0 | I29: =SUMIFS(Data!$H$4:$H$2311,Data!$B$4:$B$2311,"UCO",Data!$C$4:$C$2311,"Italy",Data!$E$4:$E$2311,2020,Data!$F$4:$F$2311,8) -> 0 | J29: =SUMIFS(Data!$H$4:$H$2311,Data!$B$4:$B$2311,"UCO",Data!$C$4:$C$2311,"Italy",Data!$E$4:$E$2311,2020,Data!$F$4:$F$2311,9) -> 2.2046226e-05 | K29: =SUMIFS(Data!$H$4:$H$2311,Data!$B$4:$B$2311,"UCO",Data!$C$4:$C$2311,"Italy",Data!$E$4:$E$2311,2020,Data!$F$4:$F$2311,10) -> 0 | L29: =SUMIFS(Data!$H$4:$H$2311,Data!$B$4:$B$2311,"UCO",Data!$C$4:$C$2311,"Italy",Data!$E$4:$E$2311,2020,Data!$F$4:$F$2311,11) -> 0 | M29: =SUMIFS(Data!$H$4:$H$2311,Data!$B$4:$B$2311,"UCO",Data!$C$4:$C$2311,"Italy",Data!$E$4:$E$2311,2020,Data!$F$4:$F$2311,12) -> 0 | N29: =SUM(B29:M29) -> 2.2046226e-05
B31: Jan-21 | C31: Feb-21 | D31: Mar-21 | E31: Apr-21 | F31: May-21 | G31: Jun-21 | H31: Jul-21 | I31: Aug-21 | J31: Sep-21 | K31: Oct-21 | L31: Nov-21 | M31: Dec-21 | N31: Total
A32: World Total | B32: =SUM(B33:B57) -> 16.636858 | C32: =SUM(C33:C57) -> 18.960098 | D32: =SUM(D33:D57) -> 28.003119 | E32: =SUM(E33:E57) -> 19.755196 | F32: =SUM(F33:F57) -> 23.516207 | G32: =SUM(G33:G57) -> 18.141416 | H32: =SUM(H33:H57) -> 19.58109 | I32: =SUM(I33:I57) -> 21.50892 | ... M32: =SUM(M33:M57) -> 27.701099 | N32: =SUM(B32:M32) -> 283.65253
A33: Canada | B33: =SUMIFS(Data!$H$4:$H$2311,Data!$B$4:$B$2311,"UCO",Data!$C$4:$C$2311,"Canada",Data!$E$4:$E$2311,2021,Data!$F$4:$F$2311,1) -> 14.384276 | C33: =SUMIFS(Data!$H$4:$H$2311,Data!$B$4:$B$2311,"UCO",Data!$C$4:$C$2311,"Canada",Data!$E$4:$E$2311,2021,Data!$F$4:$F$2311,2) -> 16.949685 | D33: =SUMIFS(Data!$H$4:$H$2311,Data!$B$4:$B$2311,"UCO",Data!$C$4:$C$2311,"Canada",Data!$E$4:$E$2311,2021,Data!$F$4:$F$2311,3) -> 25.44116 | E33: =SUMIFS(Data!$H$4:$H$2311,Data!$B$4:$B$2311,"UCO",Data!$C$4:$C$2311,"Canada",Data!$E$4:$E$2311,2021,Data!$F$4:$F$2311,4) -> 18.298967 | F33: =SUMIFS(Data!$H$4:$H$2311,Data!$B$4:$B$2311,"UCO",Data!$C$4:$C$2311,"Canada",Data!$E$4:$E$2311,2021,Data!$F$4:$F$2311,5) -> 21.86856 | G33: =SUMIFS(Data!$H$4:$H$2311,Data!$B$4:$B$2311,"UCO",Data!$C$4:$C$2311,"Canada",Data!$E$4:$E$2311,2021,Data!$F$4:$F$2311,6) -> 16.575768 | H33: =SUMIFS(Data!$H$4:$H$2311,Data!$B$4:$B$2311,"UCO",Data!$C$4:$C$2311,"Canada",Data!$E$4:$E$2311,2021,Data!$F$4:$F$2311,7) -> 16.115787 | I33: =SUMIFS(Data!$H$4:$H$2311,Data!$B$4:$B$2311,"UCO",Data!$C$4:$C$2311,"Canada",Data!$E$4:$E$2311,2021,Data!$F$4:$F$2311,8) -> 16.723257 | J33: =SUMIFS(Data!$H$4:$H$2311,Data!$B$4:$B$2311,"UCO",Data!$C$4:$C$2311,"Canada",Data!$E$4:$E$2311,2021,Data!$F$4:$F$2311,9) -> 14.192591 | K33: =SUMIFS(Data!$H$4:$H$2311,Data!$B$4:$B$2311,"UCO",Data!$C$4:$C$2311,"Canada",Data!$E$4:$E$2311,2021,Data!$F$4:$F$2311,10) -> 25.106108 | L33: =SUMIFS(Data!$H$4:$H$2311,Data!$B$4:$B$2311,"UCO",Data!$C$4:$C$2311,"Canada",Data!$E$4:$E$2311,2021,Data!$F$4:$F$2311,11) -> 28.69089 | M33: =SUMIFS(Data!$H$4:$H$2311,Data!$B$4:$B$2311,"UCO",Data!$C$4:$C$2311,"Canada",Data!$E$4:$E$2311,2021,Data!$F$4:$F$2311,12) -> 23.057762 | N33: =SUM(B33:M33) -> 237.40481
A34: Chile | B34: =SUMIFS(Data!$H$4:$H$2311,Data!$B$4:$B$2311,"UCO",Data!$C$4:$C$2311,"Chile",Data!$E$4:$E$2311,2021,Data!$F$4:$F$2311,1) -> 1.6041474 | C34: =SUMIFS(Data!$H$4:$H$2311,Data!$B$4:$B$2311,"UCO",Data!$C$4:$C$2311,"Chile",Data!$E$4:$E$2311,2021,Data!$F$4:$F$2311,2) -> 1.1377396 | D34: =SUMIFS(Data!$H$4:$H$2311,Data!$B$4:$B$2311,"UCO",Data!$C$4:$C$2311,"Chile",Data!$E$4:$E$2311,2021,Data!$F$4:$F$2311,3) -> 1.7453556 | E34: =SUMIFS(Data!$H$4:$H$2311,Data!$B$4:$B$2311,"UCO",Data!$C$4:$C$2311,"Chile",Data!$E$4:$E$2311,2021,Data!$F$4:$F$2311,4) -> 1.0095628 | F34: =SUMIFS(Data!$H$4:$H$2311,Data!$B$4:$B$2311,"UCO",Data!$C$4:$C$2311,"Chile",Data!$E$4:$E$2311,2021,Data!$F$4:$F$2311,5) -> 0.96518378 | G34: =SUMIFS(Data!$H$4:$H$2311,Data!$B$4:$B$2311,"UCO",Data!$C$4:$C$2311,"Chile",Data!$E$4:$E$2311,2021,Data!$F$4:$F$2311,6) -> 0.22504788 | H34: =SUMIFS(Data!$H$4:$H$2311,Data!$B$4:$B$2311,"UCO",Data!$C$4:$C$2311,"Chile",Data!$E$4:$E$2311,2021,Data!$F$4:$F$2311,7) -> 1.0057047 | I34: =SUMIFS(Data!$H$4:$H$2311,Data!$B$4:$B$2311,"UCO",Data!$C$4:$C$2311,"Chile",Data!$E$4:$E$2311,2021,Data!$F$4:$F$2311,8) -> 0.51072288 | J34: =SUMIFS(Data!$H$4:$H$2311,Data!$B$4:$B$2311,"UCO",Data!$C$4:$C$2311,"Chile",Data!$E$4:$E$2311,2021,Data!$F$4:$F$2311,9) -> 0.92931457 | K34: =SUMIFS(Data!$H$4:$H$2311,Data!$B$4:$B$2311,"UCO",Data!$C$4:$C$2311,"Chile",Data!$E$4:$E$2311,2021,Data!$F$4:$F$2311,10) -> 0.36989158 | L34: =SUMIFS(Data!$H$4:$H$2311,Data!$B$4:$B$2311,"UCO",Data!$C$4:$C$2311,"Chile",Data!$E$4:$E$2311,2021,Data!$F$4:$F$2311,11) -> 6.3257634 | M34: =SUMIFS(Data!$H$4:$H$2311,Data!$B$4:$B$2311,"UCO",Data!$C$4:$C$2311,"Chile",Data!$E$4:$E$2311,2021,Data!$F$4:$F$2311,12) -> 1.7822897 | N34: =SUM(B34:M34) -> 17.610724
A35: Brazil | B35: =SUMIFS(Data!$H$4:$H$2311,Data!$B$4:$B$2311,"UCO",Data!$C$4:$C$2311,"Brazil",Data!$E$4:$E$2311,2021,Data!$F$4:$F$2311,1) -> 0 | C35: =SUMIFS(Data!$H$4:$H$2311,Data!$B$4:$B$2311,"UCO",Data!$C$4:$C$2311,"Brazil",Data!$E$4:$E$2311,2021,Data!$F$4:$F$2311,2) -> 0.17091557 | D35: =SUMIFS(Data!$H$4:$H$2311,Data!$B$4:$B$2311,"UCO",Data!$C$4:$C$2311,"Brazil",Data!$E$4:$E$2311,2021,Data!$F$4:$F$2311,3) -> 0.16882118 | E35: =SUMIFS(Data!$H$4:$H$2311,Data!$B$4:$B$2311,"UCO",Data!$C$4:$C$2311,"Brazil",Data!$E$4:$E$2311,2021,Data!$F$4:$F$2311,4) -> 0.033598449 | F35: =SUMIFS(Data!$H$4:$H$2311,Data!$B$4:$B$2311,"UCO",Data!$C$4:$C$2311,"Brazil",Data!$E$4:$E$2311,2021,Data!$F$4:$F$2311,5) -> 0.13227736 | G35: =SUMIFS(Data!$H$4:$H$2311,Data!$B$4:$B$2311,"UCO",Data!$C$4:$C$2311,"Brazil",Data!$E$4:$E$2311,2021,Data!$F$4:$F$2311,6) -> 0.3972289 | H35: =SUMIFS(Data!$H$4:$H$2311,Data!$B$4:$B$2311,"UCO",Data!$C$4:$C$2311,"Brazil",Data!$E$4:$E$2311,2021,Data!$F$4:$F$2311,7) -> 1.7372426 | I35: =SUMIFS(Data!$H$4:$H$2311,Data!$B$4:$B$2311,"UCO",Data!$C$4:$C$2311,"Brazil",Data!$E$4:$E$2311,2021,Data!$F$4:$F$2311,8) -> 3.4781383 | J35: =SUMIFS(Data!$H$4:$H$2311,Data!$B$4:$B$2311,"UCO",Data!$C$4:$C$2311,"Brazil",Data!$E$4:$E$2311,2021,Data!$F$4:$F$2311,9) -> 1.338735 | K35: =SUMIFS(Data!$H$4:$H$2311,Data!$B$4:$B$2311,"UCO",Data!$C$4:$C$2311,"Brazil",Data!$E$4:$E$2311,2021,Data!$F$4:$F$2311,10) -> 2.8032879 | L35: =SUMIFS(Data!$H$4:$H$2311,Data!$B$4:$B$2311,"UCO",Data!$C$4:$C$2311,"Brazil",Data!$E$4:$E$2311,2021,Data!$F$4:$F$2311,11) -> 0.25573622 | M35: =SUMIFS(Data!$H$4:$H$2311,Data!$B$4:$B$2311,"UCO",Data!$C$4:$C$2311,"Brazil",Data!$E$4:$E$2311,2021,Data!$F$4:$F$2311,12) -> 1.2600631 | N35: =SUM(B35:M35) -> 11.776045
A36: Colombia | B36: =SUMIFS(Data!$H$4:$H$2311,Data!$B$4:$B$2311,"UCO",Data!$C$4:$C$2311,"Colombia",Data!$E$4:$E$2311,2021,Data!$F$4:$F$2311,1) -> 0 | C36: =SUMIFS(Data!$H$4:$H$2311,Data!$B$4:$B$2311,"UCO",Data!$C$4:$C$2311,"Colombia",Data!$E$4:$E$2311,2021,Data!$F$4:$F$2311,2) -> 0 | D36: =SUMIFS(Data!$H$4:$H$2311,Data!$B$4:$B$2311,"UCO",Data!$C$4:$C$2311,"Colombia",Data!$E$4:$E$2311,2021,Data!$F$4:$F$2311,3) -> 0 | E36: =SUMIFS(Data!$H$4:$H$2311,Data!$B$4:$B$2311,"UCO",Data!$C$4:$C$2311,"Colombia",Data!$E$4:$E$2311,2021,Data!$F$4:$F$2311,4) -> 0 | F36: =SUMIFS(Data!$H$4:$H$2311,Data!$B$4:$B$2311,"UCO",Data!$C$4:$C$2311,"Colombia",Data!$E$4:$E$2311,2021,Data!$F$4:$F$2311,5) -> 0 | G36: =SUMIFS(Data!$H$4:$H$2311,Data!$B$4:$B$2311,"UCO",Data!$C$4:$C$2311,"Colombia",Data!$E$4:$E$2311,2021,Data!$F$4:$F$2311,6) -> 0 | H36: =SUMIFS(Data!$H$4:$H$2311,Data!$B$4:$B$2311,"UCO",Data!$C$4:$C$2311,"Colombia",Data!$E$4:$E$2311,2021,Data!$F$4:$F$2311,7) -> 0 | I36: =SUMIFS(Data!$H$4:$H$2311,Data!$B$4:$B$2311,"UCO",Data!$C$4:$C$2311,"Colombia",Data!$E$4:$E$2311,2021,Data!$F$4:$F$2311,8) -> 0 | J36: =SUMIFS(Data!$H$4:$H$2311,Data!$B$4:$B$2311,"UCO",Data!$C$4:$C$2311,"Colombia",Data!$E$4:$E$2311,2021,Data!$F$4:$F$2311,9) -> 0.24736968 | K36: =SUMIFS(Data!$H$4:$H$2311,Data!$B$4:$B$2311,"UCO",Data!$C$4:$C$2311,"Colombia",Data!$E$4:$E$2311,2021,Data!$F$4:$F$2311,10) -> 0.17586716 | L36: =SUMIFS(Data!$H$4:$H$2311,Data!$B$4:$B$2311,"UCO",Data!$C$4:$C$2311,"Colombia",Data!$E$4:$E$2311,2021,Data!$F$4:$F$2311,11) -> 6.4849019 | M36: =SUMIFS(Data!$H$4:$H$2311,Data!$B$4:$B$2311,"UCO",Data!$C$4:$C$2311,"Colombia",Data!$E$4:$E$2311,2021,Data!$F$4:$F$2311,12) -> 0.18257141 | N36: =SUM(B36:M36) -> 7.0907101
A37: Mexico | B37: =SUMIFS(Data!$H$4:$H$2311,Data!$B$4:$B$2311,"UCO",Data!$C$4:$C$2311,"Mexico",Data!$E$4:$E$2311,2021,Data!$F$4:$F$2311,1) -> 0.52347662 | C37: =SUMIFS(Data!$H$4:$H$2311,Data!$B$4:$B$2311,"UCO",Data!$C$4:$C$2311,"Mexico",Data!$E$4:$E$2311,2021,Data!$F$4:$F$2311,2) -> 0.33638132 | D37: =SUMIFS(Data!$H$4:$H$2311,Data!$B$4:$B$2311,"UCO",Data!$C$4:$C$2311,"Mexico",Data!$E$4:$E$2311,2021,Data!$F$4:$F$2311,3) -> 0.49502596 | E37: =SUMIFS(Data!$H$4:$H$2311,Data!$B$4:$B$2311,"UCO",Data!$C$4:$C$2311,"Mexico",Data!$E$4:$E$2311,2021,Data!$F$4:$F$2311,4) -> 0.17274541 | F37: =SUMIFS(Data!$H$4:$H$2311,Data!$B$4:$B$2311,"UCO",Data!$C$4:$C$2311,"Mexico",Data!$E$4:$E$2311,2021,Data!$F$4:$F$2311,5) -> 0.40055788 | G37: =SUMIFS(Data!$H$4:$H$2311,Data!$B$4:$B$2311,"UCO",Data!$C$4:$C$2311,"Mexico",Data!$E$4:$E$2311,2021,Data!$F$4:$F$2311,6) -> 0.51313032 | H37: =SUMIFS(Data!$H$4:$H$2311,Data!$B$4:$B$2311,"UCO",Data!$C$4:$C$2311,"Mexico",Data!$E$4:$E$2311,2021,Data!$F$4:$F$2311,7) -> 0.44420941 | I37: =SUMIFS(Data!$H$4:$H$2311,Data!$B$4:$B$2311,"UCO",Data!$C$4:$C$2311,"Mexico",Data!$E$4:$E$2311,2021,Data!$F$4:$F$2311,8) -> 0.42738814 | J37: =SUMIFS(Data!$H$4:$H$2311,Data!$B$4:$B$2311,"UCO",Data!$C$4:$C$2311,"Mexico",Data!$E$4:$E$2311,2021,Data!$F$4:$F$2311,9) -> 0.59542448 | K37: =SUMIFS(Data!$H$4:$H$2311,Data!$B$4:$B$2311,"UCO",Data!$C$4:$C$2311,"Mexico",Data!$E$4:$E$2311,2021,Data!$F$4:$F$2311,10) -> 1.3575868 | L37: =SUMIFS(Data!$H$4:$H$2311,Data!$B$4:$B$2311,"UCO",Data!$C$4:$C$2311,"Mexico",Data!$E$4:$E$2311,2021,Data!$F$4:$F$2311,11) -> 0.26318785 | M37: =SUMIFS(Data!$H$4:$H$2311,Data!$B$4:$B$2311,"UCO",Data!$C$4:$C$2311,"Mexico",Data!$E$4:$E$2311,2021,Data!$F$4:$F$2311,12) -> 1.1261212 | N37: =SUM(B37:M37) -> 6.6552354
A38: France | B38: =SUMIFS(Data!$H$4:$H$2311,Data!$B$4:$B$2311,"UCO",Data!$C$4:$C$2311,"France",Data!$E$4:$E$2311,2021,Data!$F$4:$F$2311,1) -> 0.05041531 | C38: =SUMIFS(Data!$H$4:$H$2311,Data!$B$4:$B$2311,"UCO",Data!$C$4:$C$2311,"France",Data!$E$4:$E$2311,2021,Data!$F$4:$F$2311,2) -> 0.17093321 | D38: =SUMIFS(Data!$H$4:$H$2311,Data!$B$4:$B$2311,"UCO",Data!$C$4:$C$2311,"France",Data!$E$4:$E$2311,2021,Data!$F$4:$F$2311,3) -> 0.059829049 | E38: =SUMIFS(Data!$H$4:$H$2311,Data!$B$4:$B$2311,"UCO",Data!$C$4:$C$2311,"France",Data!$E$4:$E$2311,2021,Data!$F$4:$F$2311,4) -> 0.11755048 | F38: =SUMIFS(Data!$H$4:$H$2311,Data!$B$4:$B$2311,"UCO",Data!$C$4:$C$2311,"France",Data!$E$4:$E$2311,2021,Data!$F$4:$F$2311,5) -> 0.050126505 | G38: =SUMIFS(Data!$H$4:$H$2311,Data!$B$4:$B$2311,"UCO",Data!$C$4:$C$2311,"France",Data!$E$4:$E$2311,2021,Data!$F$4:$F$2311,6) -> 0.21125576 | H38: =SUMIFS(Data!$H$4:$H$2311,Data!$B$4:$B$2311,"UCO",Data!$C$4:$C$2311,"France",Data!$E$4:$E$2311,2021,Data!$F$4:$F$2311,7) -> 0.041087552 | I38: =SUMIFS(Data!$H$4:$H$2311,Data!$B$4:$B$2311,"UCO",Data!$C$4:$C$2311,"France",Data!$E$4:$E$2311,2021,Data!$F$4:$F$2311,8) -> 0.086906224 | J38: =SUMIFS(Data!$H$4:$H$2311,Data!$B$4:$B$2311,"UCO",Data!$C$4:$C$2311,"France",Data!$E$4:$E$2311,2021,Data!$F$4:$F$2311,9) -> 0.0072487992 | K38: =SUMIFS(Data!$H$4:$H$2311,Data!$B$4:$B$2311,"UCO",Data!$C$4:$C$2311,"France",Data!$E$4:$E$2311,2021,Data!$F$4:$F$2311,10) -> 0.11628282 | L38: =SUMIFS(Data!$H$4:$H$2311,Data!$B$4:$B$2311,"UCO",Data!$C$4:$C$2311,"France",Data!$E$4:$E$2311,2021,Data!$F$4:$F$2311,11) -> 0.1244289 | M38: =SUMIFS(Data!$H$4:$H$2311,Data!$B$4:$B$2311,"UCO",Data!$C$4:$C$2311,"France",Data!$E$4:$E$2311,2021,Data!$F$4:$F$2311,12) -> 0.057639858 | N38: =SUM(B38:M38) -> 1.0937045
A39: India | B39: =SUMIFS(Data!$H$4:$H$2311,Data!$B$4:$B$2311,"UCO",Data!$C$4:$C$2311,"India",Data!$E$4:$E$2311,2021,Data!$F$4:$F$2311,1) -> 0.036378478 | C39: =SUMIFS(Data!$H$4:$H$2311,Data!$B$4:$B$2311,"UCO",Data!$C$4:$C$2311,"India",Data!$E$4:$E$2311,2021,Data!$F$4:$F$2311,2) -> 0.09312326 | D39: =SUMIFS(Data!$H$4:$H$2311,Data!$B$4:$B$2311,"UCO",Data!$C$4:$C$2311,"India",Data!$E$4:$E$2311,2021,Data!$F$4:$F$2311,3) -> 0.033598449 | E39: =SUMIFS(Data!$H$4:$H$2311,Data!$B$4:$B$2311,"UCO",Data!$C$4:$C$2311,"India",Data!$E$4:$E$2311,2021,Data!$F$4:$F$2311,4) -> 0.078700618 | F39: =SUMIFS(Data!$H$4:$H$2311,Data!$B$4:$B$2311,"UCO",Data!$C$4:$C$2311,"India",Data!$E$4:$E$2311,2021,Data!$F$4:$F$2311,5) -> 0.0013448198 | G39: =SUMIFS(Data!$H$4:$H$2311,Data!$B$4:$B$2311,"UCO",Data!$C$4:$C$2311,"India",Data!$E$4:$E$2311,2021,Data!$F$4:$F$2311,6) -> 0.031451146 | H39: =SUMIFS(Data!$H$4:$H$2311,Data!$B$4:$B$2311,"UCO",Data!$C$4:$C$2311,"India",Data!$E$4:$E$2311,2021,Data!$F$4:$F$2311,7) -> 0.21942829 | I39: =SUMIFS(Data!$H$4:$H$2311,Data!$B$4:$B$2311,"UCO",Data!$C$4:$C$2311,"India",Data!$E$4:$E$2311,2021,Data!$F$4:$F$2311,8) -> 0.14234587 | J39: =SUMIFS(Data!$H$4:$H$2311,Data!$B$4:$B$2311,"UCO",Data!$C$4:$C$2311,"India",Data!$E$4:$E$2311,2021,Data!$F$4:$F$2311,9) -> 0.05859446 | K39: =SUMIFS(Data!$H$4:$H$2311,Data!$B$4:$B$2311,"UCO",Data!$C$4:$C$2311,"India",Data!$E$4:$E$2311,2021,Data!$F$4:$F$2311,10) -> 0.035441513 | L39: =SUMIFS(Data!$H$4:$H$2311,Data!$B$4:$B$2311,"UCO",Data!$C$4:$C$2311,"India",Data!$E$4:$E$2311,2021,Data!$F$4:$F$2311,11) -> 0.10190868 | M39: =SUMIFS(Data!$H$4:$H$2311,Data!$B$4:$B$2311,"UCO",Data!$C$4:$C$2311,"India",Data!$E$4:$E$2311,2021,Data!$F$4:$F$2311,12) -> 0.070547924 | N39: =SUM(B39:M39) -> 0.90286351
A40: China | B40: =SUMIFS(Data!$H$4:$H$2311,Data!$B$4:$B$2311,"UCO",Data!$C$4:$C$2311,"China",Data!$E$4:$E$2311,2021,Data!$F$4:$F$2311,1) -> 0 | C40: =SUMIFS(Data!$H$4:$H$2311,Data!$B$4:$B$2311,"UCO",Data!$C$4:$C$2311,"China",Data!$E$4:$E$2311,2021,Data!$F$4:$F$2311,2) -> 0.023289633 | D40: =SUMIFS(Data!$H$4:$H$2311,Data!$B$4:$B$2311,"UCO",Data!$C$4:$C$2311,"China",Data!$E$4:$E$2311,2021,Data!$F$4:$F$2311,3) -> 0 | E40: =SUMIFS(Data!$H$4:$H$2311,Data!$B$4:$B$2311,"UCO",Data!$C$4:$C$2311,"China",Data!$E$4:$E$2311,2021,Data!$F$4:$F$2311,4) -> 0 | F40: =SUMIFS(Data!$H$4:$H$2311,Data!$B$4:$B$2311,"UCO",Data!$C$4:$C$2311,"China",Data!$E$4:$E$2311,2021,Data!$F$4:$F$2311,5) -> 0.035273962 | G40: =SUMIFS(Data!$H$4:$H$2311,Data!$B$4:$B$2311,"UCO",Data!$C$4:$C$2311,"China",Data!$E$4:$E$2311,2021,Data!$F$4:$F$2311,6) -> 0.17636981 | H40: =SUMIFS(Data!$H$4:$H$2311,Data!$B$4:$B$2311,"UCO",Data!$C$4:$C$2311,"China",Data!$E$4:$E$2311,2021,Data!$F$4:$F$2311,7) -> 0 | I40: =SUMIFS(Data!$H$4:$H$2311,Data!$B$4:$B$2311,"UCO",Data!$C$4:$C$2311,"China",Data!$E$4:$E$2311,2021,Data!$F$4:$F$2311,8) -> 0.0023038306 | J40: =SUMIFS(Data!$H$4:$H$2311,Data!$B$4:$B$2311,"UCO",Data!$C$4:$C$2311,"China",Data!$E$4:$E$2311,2021,Data!$F$4:$F$2311,9) -> 0 | K40: =SUMIFS(Data!$H$4:$H$2311,Data!$B$4:$B$2311,"UCO",Data!$C$4:$C$2311,"China",Data!$E$4:$E$2311,2021,Data!$F$4:$F$2311,10) -> 0 | L40: =SUMIFS(Data!$H$4:$H$2311,Data!$B$4:$B$2311,"UCO",Data!$C$4:$C$2311,"China",Data!$E$4:$E$2311,2021,Data!$F$4:$F$2311,11) -> 0.039330468 | M40: =SUMIFS(Data!$H$4:$H$2311,Data!$B$4:$B$2311,"UCO",Data!$C$4:$C$2311,"China",Data!$E$4:$E$2311,2021,Data!$F$4:$F$2311,12) -> 0.011023113 | N40: =SUM(B40:M40) -> 0.28759082
A41: Aruba | B41: =SUMIFS(Data!$H$4:$H$2311,Data!$B$4:$B$2311,"UCO",Data!$C$4:$C$2311,"Aruba",Data!$E$4:$E$2311,2021,Data!$F$4:$F$2311,1) -> 0 | C41: =SUMIFS(Data!$H$4:$H$2311,Data!$B$4:$B$2311,"UCO",Data!$C$4:$C$2311,"Aruba",Data!$E$4:$E$2311,2021,Data!$F$4:$F$2311,2) -> 0 | D41: =SUMIFS(Data!$H$4:$H$2311,Data!$B$4:$B$2311,"UCO",Data!$C$4:$C$2311,"Aruba",Data!$E$4:$E$2311,2021,Data!$F$4:$F$2311,3) -> 0 | E41: =SUMIFS(Data!$H$4:$H$2311,Data!$B$4:$B$2311,"UCO",Data!$C$4:$C$2311,"Aruba",Data!$E$4:$E$2311,2021,Data!$F$4:$F$2311,4) -> 0 | F41: =SUMIFS(Data!$H$4:$H$2311,Data!$B$4:$B$2311,"UCO",Data!$C$4:$C$2311,"Aruba",Data!$E$4:$E$2311,2021,Data!$F$4:$F$2311,5) -> 0 | G41: =SUMIFS(Data!$H$4:$H$2311,Data!$B$4:$B$2311,"UCO",Data!$C$4:$C$2311,"Aruba",Data!$E$4:$E$2311,2021,Data!$F$4:$F$2311,6) -> 0 | H41: =SUMIFS(Data!$H$4:$H$2311,Data!$B$4:$B$2311,"UCO",Data!$C$4:$C$2311,"Aruba",Data!$E$4:$E$2311,2021,Data!$F$4:$F$2311,7) -> 0 | I41: =SUMIFS(Data!$H$4:$H$2311,Data!$B$4:$B$2311,"UCO",Data!$C$4:$C$2311,"Aruba",Data!$E$4:$E$2311,2021,Data!$F$4:$F$2311,8) -> 0.097929337 | J41: =SUMIFS(Data!$H$4:$H$2311,Data!$B$4:$B$2311,"UCO",Data!$C$4:$C$2311,"Aruba",Data!$E$4:$E$2311,2021,Data!$F$4:$F$2311,9) -> 0 | K41: =SUMIFS(Data!$H$4:$H$2311,Data!$B$4:$B$2311,"UCO",Data!$C$4:$C$2311,"Aruba",Data!$E$4:$E$2311,2021,Data!$F$4:$F$2311,10) -> 0 | L41: =SUMIFS(Data!$H$4:$H$2311,Data!$B$4:$B$2311,"UCO",Data!$C$4:$C$2311,"Aruba",Data!$E$4:$E$2311,2021,Data!$F$4:$F$2311,11) -> 0 | M41: =SUMIFS(Data!$H$4:$H$2311,Data!$B$4:$B$2311,"UCO",Data!$C$4:$C$2311,"Aruba",Data!$E$4:$E$2311,2021,Data!$F$4:$F$2311,12) -> 0.097003395 | N41: =SUM(B41:M41) -> 0.19493273
A42: Argentina | B42: =SUMIFS(Data!$H$4:$H$2311,Data!$B$4:$B$2311,"UCO",Data!$C$4:$C$2311,"Argentina",Data!$E$4:$E$2311,2021,Data!$F$4:$F$2311,1) -> 0 | C42: =SUMIFS(Data!$H$4:$H$2311,Data!$B$4:$B$2311,"UCO",Data!$C$4:$C$2311,"Argentina",Data!$E$4:$E$2311,2021,Data!$F$4:$F$2311,2) -> 0.04188783 | D42: =SUMIFS(Data!$H$4:$H$2311,Data!$B$4:$B$2311,"UCO",Data!$C$4:$C$2311,"Argentina",Data!$E$4:$E$2311,2021,Data!$F$4:$F$2311,3) -> 0 | E42: =SUMIFS(Data!$H$4:$H$2311,Data!$B$4:$B$2311,"UCO",Data!$C$4:$C$2311,"Argentina",Data!$E$4:$E$2311,2021,Data!$F$4:$F$2311,4) -> 0 | F42: =SUMIFS(Data!$H$4:$H$2311,Data!$B$4:$B$2311,"UCO",Data!$C$4:$C$2311,"Argentina",Data!$E$4:$E$2311,2021,Data!$F$4:$F$2311,5) -> 0.04188783 | G42: =SUMIFS(Data!$H$4:$H$2311,Data!$B$4:$B$2311,"UCO",Data!$C$4:$C$2311,"Argentina",Data!$E$4:$E$2311,2021,Data!$F$4:$F$2311,6) -> 0 | H42: =SUMIFS(Data!$H$4:$H$2311,Data!$B$4:$B$2311,"UCO",Data!$C$4:$C$2311,"Argentina",Data!$E$4:$E$2311,2021,Data!$F$4:$F$2311,7) -> 0 | I42: =SUMIFS(Data!$H$4:$H$2311,Data!$B$4:$B$2311,"UCO",Data!$C$4:$C$2311,"Argentina",Data!$E$4:$E$2311,2021,Data!$F$4:$F$2311,8) -> 0 | J42: =SUMIFS(Data!$H$4:$H$2311,Data!$B$4:$B$2311,"UCO",Data!$C$4:$C$2311,"Argentina",Data!$E$4:$E$2311,2021,Data!$F$4:$F$2311,9) -> 0.079366414 | K42: =SUMIFS(Data!$H$4:$H$2311,Data!$B$4:$B$2311,"UCO",Data!$C$4:$C$2311,"Argentina",Data!$E$4:$E$2311,2021,Data!$F$4:$F$2311,10) -> 0 | L42: =SUMIFS(Data!$H$4:$H$2311,Data!$B$4:$B$2311,"UCO",Data!$C$4:$C$2311,"Argentina",Data!$E$4:$E$2311,2021,Data!$F$4:$F$2311,11) -> 0 | M42: =SUMIFS(Data!$H$4:$H$2311,Data!$B$4:$B$2311,"UCO",Data!$C$4:$C$2311,"Argentina",Data!$E$4:$E$2311,2021,Data!$F$4:$F$2311,12) -> 0 | N42: =SUM(B42:M42) -> 0.16314207
A43: Germany | B43: =SUMIFS(Data!$H$4:$H$2311,Data!$B$4:$B$2311,"UCO",Data!$C$4:$C$2311,"Germany",Data!$E$4:$E$2311,2021,Data!$F$4:$F$2311,1) -> 0.0099869405 | C43: =SUMIFS(Data!$H$4:$H$2311,Data!$B$4:$B$2311,"UCO",Data!$C$4:$C$2311,"Germany",Data!$E$4:$E$2311,2021,Data!$F$4:$F$2311,2) -> 0.0061508971 | D43: =SUMIFS(Data!$H$4:$H$2311,Data!$B$4:$B$2311,"UCO",Data!$C$4:$C$2311,"Germany",Data!$E$4:$E$2311,2021,Data!$F$4:$F$2311,3) -> 0.011783708 | E43: =SUMIFS(Data!$H$4:$H$2311,Data!$B$4:$B$2311,"UCO",Data!$C$4:$C$2311,"Germany",Data!$E$4:$E$2311,2021,Data!$F$4:$F$2311,4) -> 0.0010383773 | F43: =SUMIFS(Data!$H$4:$H$2311,Data!$B$4:$B$2311,"UCO",Data!$C$4:$C$2311,"Germany",Data!$E$4:$E$2311,2021,Data!$F$4:$F$2311,5) -> 0.0079366414 | G43: =SUMIFS(Data!$H$4:$H$2311,Data!$B$4:$B$2311,"UCO",Data!$C$4:$C$2311,"Germany",Data!$E$4:$E$2311,2021,Data!$F$4:$F$2311,6) -> 0.0085318895 | H43: =SUMIFS(Data!$H$4:$H$2311,Data!$B$4:$B$2311,"UCO",Data!$C$4:$C$2311,"Germany",Data!$E$4:$E$2311,2021,Data!$F$4:$F$2311,7) -> 0.010355112 | I43: =SUMIFS(Data!$H$4:$H$2311,Data!$B$4:$B$2311,"UCO",Data!$C$4:$C$2311,"Germany",Data!$E$4:$E$2311,2021,Data!$F$4:$F$2311,8) -> 0.024462493 | J43: =SUMIFS(Data!$H$4:$H$2311,Data!$B$4:$B$2311,"UCO",Data!$C$4:$C$2311,"Germany",Data!$E$4:$E$2311,2021,Data!$F$4:$F$2311,9) -> 0.022700999 | K43: =SUMIFS(Data!$H$4:$H$2311,Data!$B$4:$B$2311,"UCO",Data!$C$4:$C$2311,"Germany",Data!$E$4:$E$2311,2021,Data!$F$4:$F$2311,10) -> 0.00047619849 | L43: =SUMIFS(Data!$H$4:$H$2311,Data!$B$4:$B$2311,"UCO",Data!$C$4:$C$2311,"Germany",Data!$E$4:$E$2311,2021,Data!$F$4:$F$2311,11) -> 0.012661148 | M43: =SUMIFS(Data!$H$4:$H$2311,Data!$B$4:$B$2311,"UCO",Data!$C$4:$C$2311,"Germany",Data!$E$4:$E$2311,2021,Data!$F$4:$F$2311,12) -> 0.040754654 | N43: =SUM(B43:M43) -> 0.15683906
A44: Paraguay | B44: =SUMIFS(Data!$H$4:$H$2311,Data!$B$4:$B$2311,"UCO",Data!$C$4:$C$2311,"Paraguay",Data!$E$4:$E$2311,2021,Data!$F$4:$F$2311,1) -> 0 | C44: =SUMIFS(Data!$H$4:$H$2311,Data!$B$4:$B$2311,"UCO",Data!$C$4:$C$2311,"Paraguay",Data!$E$4:$E$2311,2021,Data!$F$4:$F$2311,2) -> 0 | D44: =SUMIFS(Data!$H$4:$H$2311,Data!$B$4:$B$2311,"UCO",Data!$C$4:$C$2311,"Paraguay",Data!$E$4:$E$2311,2021,Data!$F$4:$F$2311,3) -> 0 | E44: =SUMIFS(Data!$H$4:$H$2311,Data!$B$4:$B$2311,"UCO",Data!$C$4:$C$2311,"Paraguay",Data!$E$4:$E$2311,2021,Data!$F$4:$F$2311,4) -> 0 | F44: =SUMIFS(Data!$H$4:$H$2311,Data!$B$4:$B$2311,"UCO",Data!$C$4:$C$2311,"Paraguay",Data!$E$4:$E$2311,2021,Data!$F$4:$F$2311,5) -> 0 | G44: =SUMIFS(Data!$H$4:$H$2311,Data!$B$4:$B$2311,"UCO",Data!$C$4:$C$2311,"Paraguay",Data!$E$4:$E$2311,2021,Data!$F$4:$F$2311,6) -> 0 | H44: =SUMIFS(Data!$H$4:$H$2311,Data!$B$4:$B$2311,"UCO",Data!$C$4:$C$2311,"Paraguay",Data!$E$4:$E$2311,2021,Data!$F$4:$F$2311,7) -> 0 | I44: =SUMIFS(Data!$H$4:$H$2311,Data!$B$4:$B$2311,"UCO",Data!$C$4:$C$2311,"Paraguay",Data!$E$4:$E$2311,2021,Data!$F$4:$F$2311,8) -> 0 | J44: =SUMIFS(Data!$H$4:$H$2311,Data!$B$4:$B$2311,"UCO",Data!$C$4:$C$2311,"Paraguay",Data!$E$4:$E$2311,2021,Data!$F$4:$F$2311,9) -> 0.092530216 | K44: =SUMIFS(Data!$H$4:$H$2311,Data!$B$4:$B$2311,"UCO",Data!$C$4:$C$2311,"Paraguay",Data!$E$4:$E$2311,2021,Data!$F$4:$F$2311,10) -> 0 | L44: =SUMIFS(Data!$H$4:$H$2311,Data!$B$4:$B$2311,"UCO",Data!$C$4:$C$2311,"Paraguay",Data!$E$4:$E$2311,2021,Data!$F$4:$F$2311,11) -> 0 | M44: =SUMIFS(Data!$H$4:$H$2311,Data!$B$4:$B$2311,"UCO",Data!$C$4:$C$2311,"Paraguay",Data!$E$4:$E$2311,2021,Data!$F$4:$F$2311,12) -> 0 | N44: =SUM(B44:M44) -> 0.092530216
A45: Vietnam | B45: =SUMIFS(Data!$H$4:$H$2311,Data!$B$4:$B$2311,"UCO",Data!$C$4:$C$2311,"Vietnam",Data!$E$4:$E$2311,2021,Data!$F$4:$F$2311,1) -> 0.0042769679 | C45: =SUMIFS(Data!$H$4:$H$2311,Data!$B$4:$B$2311,"UCO",Data!$C$4:$C$2311,"Vietnam",Data!$E$4:$E$2311,2021,Data!$F$4:$F$2311,2) -> 0.0079829385 | D45: =SUMIFS(Data!$H$4:$H$2311,Data!$B$4:$B$2311,"UCO",Data!$C$4:$C$2311,"Vietnam",Data!$E$4:$E$2311,2021,Data!$F$4:$F$2311,3) -> 0.037657159 | E45: =SUMIFS(Data!$H$4:$H$2311,Data!$B$4:$B$2311,"UCO",Data!$C$4:$C$2311,"Vietnam",Data!$E$4:$E$2311,2021,Data!$F$4:$F$2311,4) -> 0.0086200745 | F45: =SUMIFS(Data!$H$4:$H$2311,Data!$B$4:$B$2311,"UCO",Data!$C$4:$C$2311,"Vietnam",Data!$E$4:$E$2311,2021,Data!$F$4:$F$2311,5) -> 0 | G45: =SUMIFS(Data!$H$4:$H$2311,Data!$B$4:$B$2311,"UCO",Data!$C$4:$C$2311,"Vietnam",Data!$E$4:$E$2311,2021,Data!$F$4:$F$2311,6) -> 0 | H45: =SUMIFS(Data!$H$4:$H$2311,Data!$B$4:$B$2311,"UCO",Data!$C$4:$C$2311,"Vietnam",Data!$E$4:$E$2311,2021,Data!$F$4:$F$2311,7) -> 0 | I45: =SUMIFS(Data!$H$4:$H$2311,Data!$B$4:$B$2311,"UCO",Data!$C$4:$C$2311,"Vietnam",Data!$E$4:$E$2311,2021,Data!$F$4:$F$2311,8) -> 0 | J45: =SUMIFS(Data!$H$4:$H$2311,Data!$B$4:$B$2311,"UCO",Data!$C$4:$C$2311,"Vietnam",Data!$E$4:$E$2311,2021,Data!$F$4:$F$2311,9) -> 0 | K45: =SUMIFS(Data!$H$4:$H$2311,Data!$B$4:$B$2311,"UCO",Data!$C$4:$C$2311,"Vietnam",Data!$E$4:$E$2311,2021,Data!$F$4:$F$2311,10) -> 0 | L45: =SUMIFS(Data!$H$4:$H$2311,Data!$B$4:$B$2311,"UCO",Data!$C$4:$C$2311,"Vietnam",Data!$E$4:$E$2311,2021,Data!$F$4:$F$2311,11) -> 0 | M45: =SUMIFS(Data!$H$4:$H$2311,Data!$B$4:$B$2311,"UCO",Data!$C$4:$C$2311,"Vietnam",Data!$E$4:$E$2311,2021,Data!$F$4:$F$2311,12) -> 0 | N45: =SUM(B45:M45) -> 0.05853714
A46: Japan | B46: =SUMIFS(Data!$H$4:$H$2311,Data!$B$4:$B$2311,"UCO",Data!$C$4:$C$2311,"Japan",Data!$E$4:$E$2311,2021,Data!$F$4:$F$2311,1) -> 0.0084657509 | C46: =SUMIFS(Data!$H$4:$H$2311,Data!$B$4:$B$2311,"UCO",Data!$C$4:$C$2311,"Japan",Data!$E$4:$E$2311,2021,Data!$F$4:$F$2311,2) -> 0.00035273962 | D46: =SUMIFS(Data!$H$4:$H$2311,Data!$B$4:$B$2311,"UCO",Data!$C$4:$C$2311,"Japan",Data!$E$4:$E$2311,2021,Data!$F$4:$F$2311,3) -> 0.0031746566 | E46: =SUMIFS(Data!$H$4:$H$2311,Data!$B$4:$B$2311,"UCO",Data!$C$4:$C$2311,"Japan",Data!$E$4:$E$2311,2021,Data!$F$4:$F$2311,4) -> 0.0052910943 | F46: =SUMIFS(Data!$H$4:$H$2311,Data!$B$4:$B$2311,"UCO",Data!$C$4:$C$2311,"Japan",Data!$E$4:$E$2311,2021,Data!$F$4:$F$2311,5) -> 0.0026455471 | G46: =SUMIFS(Data!$H$4:$H$2311,Data!$B$4:$B$2311,"UCO",Data!$C$4:$C$2311,"Japan",Data!$E$4:$E$2311,2021,Data!$F$4:$F$2311,6) -> 0 | H46: =SUMIFS(Data!$H$4:$H$2311,Data!$B$4:$B$2311,"UCO",Data!$C$4:$C$2311,"Japan",Data!$E$4:$E$2311,2021,Data!$F$4:$F$2311,7) -> 0.0031746566 | I46: =SUMIFS(Data!$H$4:$H$2311,Data!$B$4:$B$2311,"UCO",Data!$C$4:$C$2311,"Japan",Data!$E$4:$E$2311,2021,Data!$F$4:$F$2311,8) -> 0.0052910943 | J46: =SUMIFS(Data!$H$4:$H$2311,Data!$B$4:$B$2311,"UCO",Data!$C$4:$C$2311,"Japan",Data!$E$4:$E$2311,2021,Data!$F$4:$F$2311,9) -> 0.0083334735 | K46: =SUMIFS(Data!$H$4:$H$2311,Data!$B$4:$B$2311,"UCO",Data!$C$4:$C$2311,"Japan",Data!$E$4:$E$2311,2021,Data!$F$4:$F$2311,10) -> 0.0015873283 | L46: =SUMIFS(Data!$H$4:$H$2311,Data!$B$4:$B$2311,"UCO",Data!$C$4:$C$2311,"Japan",Data!$E$4:$E$2311,2021,Data!$F$4:$F$2311,11) -> 0 | M46: =SUMIFS(Data!$H$4:$H$2311,Data!$B$4:$B$2311,"UCO",Data!$C$4:$C$2311,"Japan",Data!$E$4:$E$2311,2021,Data!$F$4:$F$2311,12) -> 0 | N46: =SUM(B46:M46) -> 0.038316341
A47: Spain | B47: =SUMIFS(Data!$H$4:$H$2311,Data!$B$4:$B$2311,"UCO",Data!$C$4:$C$2311,"Spain",Data!$E$4:$E$2311,2021,Data!$F$4:$F$2311,1) -> 0.0087082594 | C47: =SUMIFS(Data!$H$4:$H$2311,Data!$B$4:$B$2311,"UCO",Data!$C$4:$C$2311,"Spain",Data!$E$4:$E$2311,2021,Data!$F$4:$F$2311,2) -> 0.0058973655 | D47: =SUMIFS(Data!$H$4:$H$2311,Data!$B$4:$B$2311,"UCO",Data!$C$4:$C$2311,"Spain",Data!$E$4:$E$2311,2021,Data!$F$4:$F$2311,3) -> 0.0061729433 | E47: =SUMIFS(Data!$H$4:$H$2311,Data!$B$4:$B$2311,"UCO",Data!$C$4:$C$2311,"Spain",Data!$E$4:$E$2311,2021,Data!$F$4:$F$2311,4) -> 0.0036376273 | F47: =SUMIFS(Data!$H$4:$H$2311,Data!$B$4:$B$2311,"UCO",Data!$C$4:$C$2311,"Spain",Data!$E$4:$E$2311,2021,Data!$F$4:$F$2311,5) -> 0.0026455471 | G47: =SUMIFS(Data!$H$4:$H$2311,Data!$B$4:$B$2311,"UCO",Data!$C$4:$C$2311,"Spain",Data!$E$4:$E$2311,2021,Data!$F$4:$F$2311,6) -> 0.0017636981 | H47: =SUMIFS(Data!$H$4:$H$2311,Data!$B$4:$B$2311,"UCO",Data!$C$4:$C$2311,"Spain",Data!$E$4:$E$2311,2021,Data!$F$4:$F$2311,7) -> 0 | I47: =SUMIFS(Data!$H$4:$H$2311,Data!$B$4:$B$2311,"UCO",Data!$C$4:$C$2311,"Spain",Data!$E$4:$E$2311,2021,Data!$F$4:$F$2311,8) -> 0 | J47: =SUMIFS(Data!$H$4:$H$2311,Data!$B$4:$B$2311,"UCO",Data!$C$4:$C$2311,"Spain",Data!$E$4:$E$2311,2021,Data!$F$4:$F$2311,9) -> 0.00099208018 | K47: =SUMIFS(Data!$H$4:$H$2311,Data!$B$4:$B$2311,"UCO",Data!$C$4:$C$2311,"Spain",Data!$E$4:$E$2311,2021,Data!$F$4:$F$2311,10) -> 0 | L47: =SUMIFS(Data!$H$4:$H$2311,Data!$B$4:$B$2311,"UCO",Data!$C$4:$C$2311,"Spain",Data!$E$4:$E$2311,2021,Data!$F$4:$F$2311,11) -> 0 | M47: =SUMIFS(Data!$H$4:$H$2311,Data!$B$4:$B$2311,"UCO",Data!$C$4:$C$2311,"Spain",Data!$E$4:$E$2311,2021,Data!$F$4:$F$2311,12) -> 0.0045194764 | N47: =SUM(B47:M47) -> 0.034336997
A48: Italy | B48: =SUMIFS(Data!$H$4:$H$2311,Data!$B$4:$B$2311,"UCO",Data!$C$4:$C$2311,"Italy",Data!$E$4:$E$2311,2021,Data!$F$4:$F$2311,1) -> 0.0031746566 | C48: =SUMIFS(Data!$H$4:$H$2311,Data!$B$4:$B$2311,"UCO",Data!$C$4:$C$2311,"Italy",Data!$E$4:$E$2311,2021,Data!$F$4:$F$2311,2) -> 0 | D48: =SUMIFS(Data!$H$4:$H$2311,Data!$B$4:$B$2311,"UCO",Data!$C$4:$C$2311,"Italy",Data!$E$4:$E$2311,2021,Data!$F$4:$F$2311,3) -> 0 | E48: =SUMIFS(Data!$H$4:$H$2311,Data!$B$4:$B$2311,"UCO",Data!$C$4:$C$2311,"Italy",Data!$E$4:$E$2311,2021,Data!$F$4:$F$2311,4) -> 0.0066138679 | F48: =SUMIFS(Data!$H$4:$H$2311,Data!$B$4:$B$2311,"UCO",Data!$C$4:$C$2311,"Italy",Data!$E$4:$E$2311,2021,Data!$F$4:$F$2311,5) -> 0.0014065492 | G48: =SUMIFS(Data!$H$4:$H$2311,Data!$B$4:$B$2311,"UCO",Data!$C$4:$C$2311,"Italy",Data!$E$4:$E$2311,2021,Data!$F$4:$F$2311,6) -> 0 | H48: =SUMIFS(Data!$H$4:$H$2311,Data!$B$4:$B$2311,"UCO",Data!$C$4:$C$2311,"Italy",Data!$E$4:$E$2311,2021,Data!$F$4:$F$2311,7) -> 0.0039683207 | I48: =SUMIFS(Data!$H$4:$H$2311,Data!$B$4:$B$2311,"UCO",Data!$C$4:$C$2311,"Italy",Data!$E$4:$E$2311,2021,Data!$F$4:$F$2311,8) -> 0 | J48: =SUMIFS(Data!$H$4:$H$2311,Data!$B$4:$B$2311,"UCO",Data!$C$4:$C$2311,"Italy",Data!$E$4:$E$2311,2021,Data!$F$4:$F$2311,9) -> 0 | K48: =SUMIFS(Data!$H$4:$H$2311,Data!$B$4:$B$2311,"UCO",Data!$C$4:$C$2311,"Italy",Data!$E$4:$E$2311,2021,Data!$F$4:$F$2311,10) -> 0 | L48: =SUMIFS(Data!$H$4:$H$2311,Data!$B$4:$B$2311,"UCO",Data!$C$4:$C$2311,"Italy",Data!$E$4:$E$2311,2021,Data!$F$4:$F$2311,11) -> 0.00013227736 | M48: =SUMIFS(Data!$H$4:$H$2311,Data!$B$4:$B$2311,"UCO",Data!$C$4:$C$2311,"Italy",Data!$E$4:$E$2311,2021,Data!$F$4:$F$2311,12) -> 0.0087303056 | N48: =SUM(B48:M48) -> 0.024025977
A49: Belgium | B49: =SUMIFS(Data!$H$4:$H$2311,Data!$B$4:$B$2311,"UCO",Data!$C$4:$C$2311,"Belgium",Data!$E$4:$E$2311,2021,Data!$F$4:$F$2311,1) -> 0 | C49: =SUMIFS(Data!$H$4:$H$2311,Data!$B$4:$B$2311,"UCO",Data!$C$4:$C$2311,"Belgium",Data!$E$4:$E$2311,2021,Data!$F$4:$F$2311,2) -> 0.011904962 | D49: =SUMIFS(Data!$H$4:$H$2311,Data!$B$4:$B$2311,"UCO",Data!$C$4:$C$2311,"Belgium",Data!$E$4:$E$2311,2021,Data!$F$4:$F$2311,3) -> 0 | E49: =SUMIFS(Data!$H$4:$H$2311,Data!$B$4:$B$2311,"UCO",Data!$C$4:$C$2311,"Belgium",Data!$E$4:$E$2311,2021,Data!$F$4:$F$2311,4) -> 0 | F49: =SUMIFS(Data!$H$4:$H$2311,Data!$B$4:$B$2311,"UCO",Data!$C$4:$C$2311,"Belgium",Data!$E$4:$E$2311,2021,Data!$F$4:$F$2311,5) -> 0.0004188783 | G49: =SUMIFS(Data!$H$4:$H$2311,Data!$B$4:$B$2311,"UCO",Data!$C$4:$C$2311,"Belgium",Data!$E$4:$E$2311,2021,Data!$F$4:$F$2311,6) -> 0 | H49: =SUMIFS(Data!$H$4:$H$2311,Data!$B$4:$B$2311,"UCO",Data!$C$4:$C$2311,"Belgium",Data!$E$4:$E$2311,2021,Data!$F$4:$F$2311,7) -> 0 | I49: =SUMIFS(Data!$H$4:$H$2311,Data!$B$4:$B$2311,"UCO",Data!$C$4:$C$2311,"Belgium",Data!$E$4:$E$2311,2021,Data!$F$4:$F$2311,8) -> 0.0070988848 | J49: =SUMIFS(Data!$H$4:$H$2311,Data!$B$4:$B$2311,"UCO",Data!$C$4:$C$2311,"Belgium",Data!$E$4:$E$2311,2021,Data!$F$4:$F$2311,9) -> 0 | K49: =SUMIFS(Data!$H$4:$H$2311,Data!$B$4:$B$2311,"UCO",Data!$C$4:$C$2311,"Belgium",Data!$E$4:$E$2311,2021,Data!$F$4:$F$2311,10) -> 0 | L49: =SUMIFS(Data!$H$4:$H$2311,Data!$B$4:$B$2311,"UCO",Data!$C$4:$C$2311,"Belgium",Data!$E$4:$E$2311,2021,Data!$F$4:$F$2311,11) -> 0 | M49: =SUMIFS(Data!$H$4:$H$2311,Data!$B$4:$B$2311,"UCO",Data!$C$4:$C$2311,"Belgium",Data!$E$4:$E$2311,2021,Data!$F$4:$F$2311,12) -> 0.0020723453 | N49: =SUM(B49:M49) -> 0.021495071
A50: Sweden | B50: =SUMIFS(Data!$H$4:$H$2311,Data!$B$4:$B$2311,"UCO",Data!$C$4:$C$2311,"Sweden",Data!$E$4:$E$2311,2021,Data!$F$4:$F$2311,1) -> 0 | C50: =SUMIFS(Data!$H$4:$H$2311,Data!$B$4:$B$2311,"UCO",Data!$C$4:$C$2311,"Sweden",Data!$E$4:$E$2311,2021,Data!$F$4:$F$2311,2) -> 0.0033907096 | D50: =SUMIFS(Data!$H$4:$H$2311,Data!$B$4:$B$2311,"UCO",Data!$C$4:$C$2311,"Sweden",Data!$E$4:$E$2311,2021,Data!$F$4:$F$2311,3) -> 0 | E50: =SUMIFS(Data!$H$4:$H$2311,Data!$B$4:$B$2311,"UCO",Data!$C$4:$C$2311,"Sweden",Data!$E$4:$E$2311,2021,Data!$F$4:$F$2311,4) -> 0.016190749 | F50: =SUMIFS(Data!$H$4:$H$2311,Data!$B$4:$B$2311,"UCO",Data!$C$4:$C$2311,"Sweden",Data!$E$4:$E$2311,2021,Data!$F$4:$F$2311,5) -> 0 | G50: =SUMIFS(Data!$H$4:$H$2311,Data!$B$4:$B$2311,"UCO",Data!$C$4:$C$2311,"Sweden",Data!$E$4:$E$2311,2021,Data!$F$4:$F$2311,6) -> 0 | H50: =SUMIFS(Data!$H$4:$H$2311,Data!$B$4:$B$2311,"UCO",Data!$C$4:$C$2311,"Sweden",Data!$E$4:$E$2311,2021,Data!$F$4:$F$2311,7) -> 0 | I50: =SUMIFS(Data!$H$4:$H$2311,Data!$B$4:$B$2311,"UCO",Data!$C$4:$C$2311,"Sweden",Data!$E$4:$E$2311,2021,Data!$F$4:$F$2311,8) -> 0 | J50: =SUMIFS(Data!$H$4:$H$2311,Data!$B$4:$B$2311,"UCO",Data!$C$4:$C$2311,"Sweden",Data!$E$4:$E$2311,2021,Data!$F$4:$F$2311,9) -> 0 | K50: =SUMIFS(Data!$H$4:$H$2311,Data!$B$4:$B$2311,"UCO",Data!$C$4:$C$2311,"Sweden",Data!$E$4:$E$2311,2021,Data!$F$4:$F$2311,10) -> 0 | L50: =SUMIFS(Data!$H$4:$H$2311,Data!$B$4:$B$2311,"UCO",Data!$C$4:$C$2311,"Sweden",Data!$E$4:$E$2311,2021,Data!$F$4:$F$2311,11) -> 0 | M50: =SUMIFS(Data!$H$4:$H$2311,Data!$B$4:$B$2311,"UCO",Data!$C$4:$C$2311,"Sweden",Data!$E$4:$E$2311,2021,Data!$F$4:$F$2311,12) -> 0 | N50: =SUM(B50:M50) -> 0.019581458
A51: Ecuador | B51: =SUMIFS(Data!$H$4:$H$2311,Data!$B$4:$B$2311,"UCO",Data!$C$4:$C$2311,"Ecuador",Data!$E$4:$E$2311,2021,Data!$F$4:$F$2311,1) -> 0.0026786165 | C51: =SUMIFS(Data!$H$4:$H$2311,Data!$B$4:$B$2311,"UCO",Data!$C$4:$C$2311,"Ecuador",Data!$E$4:$E$2311,2021,Data!$F$4:$F$2311,2) -> 0 | D51: =SUMIFS(Data!$H$4:$H$2311,Data!$B$4:$B$2311,"UCO",Data!$C$4:$C$2311,"Ecuador",Data!$E$4:$E$2311,2021,Data!$F$4:$F$2311,3) -> 0 | E51: =SUMIFS(Data!$H$4:$H$2311,Data!$B$4:$B$2311,"UCO",Data!$C$4:$C$2311,"Ecuador",Data!$E$4:$E$2311,2021,Data!$F$4:$F$2311,4) -> 0.0026786165 | F51: =SUMIFS(Data!$H$4:$H$2311,Data!$B$4:$B$2311,"UCO",Data!$C$4:$C$2311,"Ecuador",Data!$E$4:$E$2311,2021,Data!$F$4:$F$2311,5) -> 0 | G51: =SUMIFS(Data!$H$4:$H$2311,Data!$B$4:$B$2311,"UCO",Data!$C$4:$C$2311,"Ecuador",Data!$E$4:$E$2311,2021,Data!$F$4:$F$2311,6) -> 0 | H51: =SUMIFS(Data!$H$4:$H$2311,Data!$B$4:$B$2311,"UCO",Data!$C$4:$C$2311,"Ecuador",Data!$E$4:$E$2311,2021,Data!$F$4:$F$2311,7) -> 0 | I51: =SUMIFS(Data!$H$4:$H$2311,Data!$B$4:$B$2311,"UCO",Data!$C$4:$C$2311,"Ecuador",Data!$E$4:$E$2311,2021,Data!$F$4:$F$2311,8) -> 0.0026786165 | J51: =SUMIFS(Data!$H$4:$H$2311,Data!$B$4:$B$2311,"UCO",Data!$C$4:$C$2311,"Ecuador",Data!$E$4:$E$2311,2021,Data!$F$4:$F$2311,9) -> 0 | K51: =SUMIFS(Data!$H$4:$H$2311,Data!$B$4:$B$2311,"UCO",Data!$C$4:$C$2311,"Ecuador",Data!$E$4:$E$2311,2021,Data!$F$4:$F$2311,10) -> 0 | L51: =SUMIFS(Data!$H$4:$H$2311,Data!$B$4:$B$2311,"UCO",Data!$C$4:$C$2311,"Ecuador",Data!$E$4:$E$2311,2021,Data!$F$4:$F$2311,11) -> 0.0026786165 | M51: =SUMIFS(Data!$H$4:$H$2311,Data!$B$4:$B$2311,"UCO",Data!$C$4:$C$2311,"Ecuador",Data!$E$4:$E$2311,2021,Data!$F$4:$F$2311,12) -> 0 | N51: =SUM(B51:M51) -> 0.010714466
A52: Portugal | B52: =SUMIFS(Data!$H$4:$H$2311,Data!$B$4:$B$2311,"UCO",Data!$C$4:$C$2311,"Portugal",Data!$E$4:$E$2311,2021,Data!$F$4:$F$2311,1) -> 0 | C52: =SUMIFS(Data!$H$4:$H$2311,Data!$B$4:$B$2311,"UCO",Data!$C$4:$C$2311,"Portugal",Data!$E$4:$E$2311,2021,Data!$F$4:$F$2311,2) -> 0 | D52: =SUMIFS(Data!$H$4:$H$2311,Data!$B$4:$B$2311,"UCO",Data!$C$4:$C$2311,"Portugal",Data!$E$4:$E$2311,2021,Data!$F$4:$F$2311,3) -> 0 | E52: =SUMIFS(Data!$H$4:$H$2311,Data!$B$4:$B$2311,"UCO",Data!$C$4:$C$2311,"Portugal",Data!$E$4:$E$2311,2021,Data!$F$4:$F$2311,4) -> 0 | F52: =SUMIFS(Data!$H$4:$H$2311,Data!$B$4:$B$2311,"UCO",Data!$C$4:$C$2311,"Portugal",Data!$E$4:$E$2311,2021,Data!$F$4:$F$2311,5) -> 0.0050596089 | G52: =SUMIFS(Data!$H$4:$H$2311,Data!$B$4:$B$2311,"UCO",Data!$C$4:$C$2311,"Portugal",Data!$E$4:$E$2311,2021,Data!$F$4:$F$2311,6) -> 0 | H52: =SUMIFS(Data!$H$4:$H$2311,Data!$B$4:$B$2311,"UCO",Data!$C$4:$C$2311,"Portugal",Data!$E$4:$E$2311,2021,Data!$F$4:$F$2311,7) -> 0 | I52: =SUMIFS(Data!$H$4:$H$2311,Data!$B$4:$B$2311,"UCO",Data!$C$4:$C$2311,"Portugal",Data!$E$4:$E$2311,2021,Data!$F$4:$F$2311,8) -> 0 | J52: =SUMIFS(Data!$H$4:$H$2311,Data!$B$4:$B$2311,"UCO",Data!$C$4:$C$2311,"Portugal",Data!$E$4:$E$2311,2021,Data!$F$4:$F$2311,9) -> 0 | K52: =SUMIFS(Data!$H$4:$H$2311,Data!$B$4:$B$2311,"UCO",Data!$C$4:$C$2311,"Portugal",Data!$E$4:$E$2311,2021,Data!$F$4:$F$2311,10) -> 0.0044092452 | L52: =SUMIFS(Data!$H$4:$H$2311,Data!$B$4:$B$2311,"UCO",Data!$C$4:$C$2311,"Portugal",Data!$E$4:$E$2311,2021,Data!$F$4:$F$2311,11) -> 0 | M52: =SUMIFS(Data!$H$4:$H$2311,Data!$B$4:$B$2311,"UCO",Data!$C$4:$C$2311,"Portugal",Data!$E$4:$E$2311,2021,Data!$F$4:$F$2311,12) -> 0 | N52: =SUM(B52:M52) -> 0.0094688542
A53: United Kingdom | B53: =SUMIFS(Data!$H$4:$H$2311,Data!$B$4:$B$2311,"UCO",Data!$C$4:$C$2311,"United Kingdom",Data!$E$4:$E$2311,2021,Data!$F$4:$F$2311,1) -> 0 | C53: =SUMIFS(Data!$H$4:$H$2311,Data!$B$4:$B$2311,"UCO",Data!$C$4:$C$2311,"United Kingdom",Data!$E$4:$E$2311,2021,Data!$F$4:$F$2311,2) -> 0.00046297075 | D53: =SUMIFS(Data!$H$4:$H$2311,Data!$B$4:$B$2311,"UCO",Data!$C$4:$C$2311,"United Kingdom",Data!$E$4:$E$2311,2021,Data!$F$4:$F$2311,3) -> 0.00053131405 | E53: =SUMIFS(Data!$H$4:$H$2311,Data!$B$4:$B$2311,"UCO",Data!$C$4:$C$2311,"United Kingdom",Data!$E$4:$E$2311,2021,Data!$F$4:$F$2311,4) -> 0 | F53: =SUMIFS(Data!$H$4:$H$2311,Data!$B$4:$B$2311,"UCO",Data!$C$4:$C$2311,"United Kingdom",Data!$E$4:$E$2311,2021,Data!$F$4:$F$2311,5) -> 0.00085980282 | G53: =SUMIFS(Data!$H$4:$H$2311,Data!$B$4:$B$2311,"UCO",Data!$C$4:$C$2311,"United Kingdom",Data!$E$4:$E$2311,2021,Data!$F$4:$F$2311,6) -> 0.00086862131 | H53: =SUMIFS(Data!$H$4:$H$2311,Data!$B$4:$B$2311,"UCO",Data!$C$4:$C$2311,"United Kingdom",Data!$E$4:$E$2311,2021,Data!$F$4:$F$2311,7) -> 0.00013227736 | I53: =SUMIFS(Data!$H$4:$H$2311,Data!$B$4:$B$2311,"UCO",Data!$C$4:$C$2311,"United Kingdom",Data!$E$4:$E$2311,2021,Data!$F$4:$F$2311,8) -> 0.00039683207 | J53: =SUMIFS(Data!$H$4:$H$2311,Data!$B$4:$B$2311,"UCO",Data!$C$4:$C$2311,"United Kingdom",Data!$E$4:$E$2311,2021,Data!$F$4:$F$2311,9) -> 0.0017659027 | K53: =SUMIFS(Data!$H$4:$H$2311,Data!$B$4:$B$2311,"UCO",Data!$C$4:$C$2311,"United Kingdom",Data!$E$4:$E$2311,2021,Data!$F$4:$F$2311,10) -> 0.00084216584 | L53: =SUMIFS(Data!$H$4:$H$2311,Data!$B$4:$B$2311,"UCO",Data!$C$4:$C$2311,"United Kingdom",Data!$E$4:$E$2311,2021,Data!$F$4:$F$2311,11) -> 1.3227736e-05 | M53: =SUMIFS(Data!$H$4:$H$2311,Data!$B$4:$B$2311,"UCO",Data!$C$4:$C$2311,"United Kingdom",Data!$E$4:$E$2311,2021,Data!$F$4:$F$2311,12) -> 0 | N53: =SUM(B53:M53) -> 0.0058731147
A54: Czech Republic | B54: =SUMIFS(Data!$H$4:$H$2311,Data!$B$4:$B$2311,"UCO",Data!$C$4:$C$2311,"Czech Republic",Data!$E$4:$E$2311,2021,Data!$F$4:$F$2311,1) -> 0.00087303056 | C54: =SUMIFS(Data!$H$4:$H$2311,Data!$B$4:$B$2311,"UCO",Data!$C$4:$C$2311,"Czech Republic",Data!$E$4:$E$2311,2021,Data!$F$4:$F$2311,2) -> 0 | D54: =SUMIFS(Data!$H$4:$H$2311,Data!$B$4:$B$2311,"UCO",Data!$C$4:$C$2311,"Czech Republic",Data!$E$4:$E$2311,2021,Data!$F$4:$F$2311,3) -> 0 | E54: =SUMIFS(Data!$H$4:$H$2311,Data!$B$4:$B$2311,"UCO",Data!$C$4:$C$2311,"Czech Republic",Data!$E$4:$E$2311,2021,Data!$F$4:$F$2311,4) -> 0 | F54: =SUMIFS(Data!$H$4:$H$2311,Data!$B$4:$B$2311,"UCO",Data!$C$4:$C$2311,"Czech Republic",Data!$E$4:$E$2311,2021,Data!$F$4:$F$2311,5) -> 0 | G54: =SUMIFS(Data!$H$4:$H$2311,Data!$B$4:$B$2311,"UCO",Data!$C$4:$C$2311,"Czech Republic",Data!$E$4:$E$2311,2021,Data!$F$4:$F$2311,6) -> 0 | H54: =SUMIFS(Data!$H$4:$H$2311,Data!$B$4:$B$2311,"UCO",Data!$C$4:$C$2311,"Czech Republic",Data!$E$4:$E$2311,2021,Data!$F$4:$F$2311,7) -> 0 | I54: =SUMIFS(Data!$H$4:$H$2311,Data!$B$4:$B$2311,"UCO",Data!$C$4:$C$2311,"Czech Republic",Data!$E$4:$E$2311,2021,Data!$F$4:$F$2311,8) -> 0 | J54: =SUMIFS(Data!$H$4:$H$2311,Data!$B$4:$B$2311,"UCO",Data!$C$4:$C$2311,"Czech Republic",Data!$E$4:$E$2311,2021,Data!$F$4:$F$2311,9) -> 0 | K54: =SUMIFS(Data!$H$4:$H$2311,Data!$B$4:$B$2311,"UCO",Data!$C$4:$C$2311,"Czech Republic",Data!$E$4:$E$2311,2021,Data!$F$4:$F$2311,10) -> 0 | L54: =SUMIFS(Data!$H$4:$H$2311,Data!$B$4:$B$2311,"UCO",Data!$C$4:$C$2311,"Czech Republic",Data!$E$4:$E$2311,2021,Data!$F$4:$F$2311,11) -> 0 | M54: =SUMIFS(Data!$H$4:$H$2311,Data!$B$4:$B$2311,"UCO",Data!$C$4:$C$2311,"Czech Republic",Data!$E$4:$E$2311,2021,Data!$F$4:$F$2311,12) -> 0 | N54: =SUM(B54:M54) -> 0.00087303056
A55: Switzerland | B55: =SUMIFS(Data!$H$4:$H$2311,Data!$B$4:$B$2311,"UCO",Data!$C$4:$C$2311,"Switzerland",Data!$E$4:$E$2311,2021,Data!$F$4:$F$2311,1) -> 0 | C55: =SUMIFS(Data!$H$4:$H$2311,Data!$B$4:$B$2311,"UCO",Data!$C$4:$C$2311,"Switzerland",Data!$E$4:$E$2311,2021,Data!$F$4:$F$2311,2) -> 0 | D55: =SUMIFS(Data!$H$4:$H$2311,Data!$B$4:$B$2311,"UCO",Data!$C$4:$C$2311,"Switzerland",Data!$E$4:$E$2311,2021,Data!$F$4:$F$2311,3) -> 8.8184905e-06 | E55: =SUMIFS(Data!$H$4:$H$2311,Data!$B$4:$B$2311,"UCO",Data!$C$4:$C$2311,"Switzerland",Data!$E$4:$E$2311,2021,Data!$F$4:$F$2311,4) -> 0 | F55: =SUMIFS(Data!$H$4:$H$2311,Data!$B$4:$B$2311,"UCO",Data!$C$4:$C$2311,"Switzerland",Data!$E$4:$E$2311,2021,Data!$F$4:$F$2311,5) -> 0 | G55: =SUMIFS(Data!$H$4:$H$2311,Data!$B$4:$B$2311,"UCO",Data!$C$4:$C$2311,"Switzerland",Data!$E$4:$E$2311,2021,Data!$F$4:$F$2311,6) -> 0 | H55: =SUMIFS(Data!$H$4:$H$2311,Data!$B$4:$B$2311,"UCO",Data!$C$4:$C$2311,"Switzerland",Data!$E$4:$E$2311,2021,Data!$F$4:$F$2311,7) -> 0 | I55: =SUMIFS(Data!$H$4:$H$2311,Data!$B$4:$B$2311,"UCO",Data!$C$4:$C$2311,"Switzerland",Data!$E$4:$E$2311,2021,Data!$F$4:$F$2311,8) -> 0 | J55: =SUMIFS(Data!$H$4:$H$2311,Data!$B$4:$B$2311,"UCO",Data!$C$4:$C$2311,"Switzerland",Data!$E$4:$E$2311,2021,Data!$F$4:$F$2311,9) -> 0 | K55: =SUMIFS(Data!$H$4:$H$2311,Data!$B$4:$B$2311,"UCO",Data!$C$4:$C$2311,"Switzerland",Data!$E$4:$E$2311,2021,Data!$F$4:$F$2311,10) -> 0.00012345887 | L55: =SUMIFS(Data!$H$4:$H$2311,Data!$B$4:$B$2311,"UCO",Data!$C$4:$C$2311,"Switzerland",Data!$E$4:$E$2311,2021,Data!$F$4:$F$2311,11) -> 0 | M55: =SUMIFS(Data!$H$4:$H$2311,Data!$B$4:$B$2311,"UCO",Data!$C$4:$C$2311,"Switzerland",Data!$E$4:$E$2311,2021,Data!$F$4:$F$2311,12) -> 0 | N55: =SUM(B55:M55) -> 0.00013227736
A56: Morocco | B56: =SUMIFS(Data!$H$4:$H$2311,Data!$B$4:$B$2311,"UCO",Data!$C$4:$C$2311,"Morocco",Data!$E$4:$E$2311,2021,Data!$F$4:$F$2311,1) -> 0 | C56: =SUMIFS(Data!$H$4:$H$2311,Data!$B$4:$B$2311,"UCO",Data!$C$4:$C$2311,"Morocco",Data!$E$4:$E$2311,2021,Data!$F$4:$F$2311,2) -> 0 | D56: =SUMIFS(Data!$H$4:$H$2311,Data!$B$4:$B$2311,"UCO",Data!$C$4:$C$2311,"Morocco",Data!$E$4:$E$2311,2021,Data!$F$4:$F$2311,3) -> 0 | E56: =SUMIFS(Data!$H$4:$H$2311,Data!$B$4:$B$2311,"UCO",Data!$C$4:$C$2311,"Morocco",Data!$E$4:$E$2311,2021,Data!$F$4:$F$2311,4) -> 0 | F56: =SUMIFS(Data!$H$4:$H$2311,Data!$B$4:$B$2311,"UCO",Data!$C$4:$C$2311,"Morocco",Data!$E$4:$E$2311,2021,Data!$F$4:$F$2311,5) -> 0 | G56: =SUMIFS(Data!$H$4:$H$2311,Data!$B$4:$B$2311,"UCO",Data!$C$4:$C$2311,"Morocco",Data!$E$4:$E$2311,2021,Data!$F$4:$F$2311,6) -> 0 | H56: =SUMIFS(Data!$H$4:$H$2311,Data!$B$4:$B$2311,"UCO",Data!$C$4:$C$2311,"Morocco",Data!$E$4:$E$2311,2021,Data!$F$4:$F$2311,7) -> 0 | I56: =SUMIFS(Data!$H$4:$H$2311,Data!$B$4:$B$2311,"UCO",Data!$C$4:$C$2311,"Morocco",Data!$E$4:$E$2311,2021,Data!$F$4:$F$2311,8) -> 0 | J56: =SUMIFS(Data!$H$4:$H$2311,Data!$B$4:$B$2311,"UCO",Data!$C$4:$C$2311,"Morocco",Data!$E$4:$E$2311,2021,Data!$F$4:$F$2311,9) -> 0 | K56: =SUMIFS(Data!$H$4:$H$2311,Data!$B$4:$B$2311,"UCO",Data!$C$4:$C$2311,"Morocco",Data!$E$4:$E$2311,2021,Data!$F$4:$F$2311,10) -> 1.1023113e-05 | L56: =SUMIFS(Data!$H$4:$H$2311,Data!$B$4:$B$2311,"UCO",Data!$C$4:$C$2311,"Morocco",Data!$E$4:$E$2311,2021,Data!$F$4:$F$2311,11) -> 1.3227736e-05 | M56: =SUMIFS(Data!$H$4:$H$2311,Data!$B$4:$B$2311,"UCO",Data!$C$4:$C$2311,"Morocco",Data!$E$4:$E$2311,2021,Data!$F$4:$F$2311,12) -> 0 | N56: =SUM(B56:M56) -> 2.4250849e-05
A57: Greece | B57: =SUMIFS(Data!$H$4:$H$2311,Data!$B$4:$B$2311,"UCO",Data!$C$4:$C$2311,"Greece",Data!$E$4:$E$2311,2021,Data!$F$4:$F$2311,1) -> 0 | C57: =SUMIFS(Data!$H$4:$H$2311,Data!$B$4:$B$2311,"UCO",Data!$C$4:$C$2311,"Greece",Data!$E$4:$E$2311,2021,Data!$F$4:$F$2311,2) -> 0 | D57: =SUMIFS(Data!$H$4:$H$2311,Data!$B$4:$B$2311,"UCO",Data!$C$4:$C$2311,"Greece",Data!$E$4:$E$2311,2021,Data!$F$4:$F$2311,3) -> 0 | E57: =SUMIFS(Data!$H$4:$H$2311,Data!$B$4:$B$2311,"UCO",Data!$C$4:$C$2311,"Greece",Data!$E$4:$E$2311,2021,Data!$F$4:$F$2311,4) -> 0 | F57: =SUMIFS(Data!$H$4:$H$2311,Data!$B$4:$B$2311,"UCO",Data!$C$4:$C$2311,"Greece",Data!$E$4:$E$2311,2021,Data!$F$4:$F$2311,5) -> 2.2046226e-05 | G57: =SUMIFS(Data!$H$4:$H$2311,Data!$B$4:$B$2311,"UCO",Data!$C$4:$C$2311,"Greece",Data!$E$4:$E$2311,2021,Data!$F$4:$F$2311,6) -> 0 | H57: =SUMIFS(Data!$H$4:$H$2311,Data!$B$4:$B$2311,"UCO",Data!$C$4:$C$2311,"Greece",Data!$E$4:$E$2311,2021,Data!$F$4:$F$2311,7) -> 0 | I57: =SUMIFS(Data!$H$4:$H$2311,Data!$B$4:$B$2311,"UCO",Data!$C$4:$C$2311,"Greece",Data!$E$4:$E$2311,2021,Data!$F$4:$F$2311,8) -> 0 | J57: =SUMIFS(Data!$H$4:$H$2311,Data!$B$4:$B$2311,"UCO",Data!$C$4:$C$2311,"Greece",Data!$E$4:$E$2311,2021,Data!$F$4:$F$2311,9) -> 0 | K57: =SUMIFS(Data!$H$4:$H$2311,Data!$B$4:$B$2311,"UCO",Data!$C$4:$C$2311,"Greece",Data!$E$4:$E$2311,2021,Data!$F$4:$F$2311,10) -> 0 | L57: =SUMIFS(Data!$H$4:$H$2311,Data!$B$4:$B$2311,"UCO",Data!$C$4:$C$2311,"Greece",Data!$E$4:$E$2311,2021,Data!$F$4:$F$2311,11) -> 0 | M57: =SUMIFS(Data!$H$4:$H$2311,Data!$B$4:$B$2311,"UCO",Data!$C$4:$C$2311,"Greece",Data!$E$4:$E$2311,2021,Data!$F$4:$F$2311,12) -> 0 | N57: =SUM(B57:M57) -> 2.2046226e-05
B59: Jan-22 | C59: Feb-22 | D59: Mar-22 | E59: Apr-22 | F59: May-22 | G59: Jun-22 | H59: Jul-22 | I59: Aug-22 | J59: Sep-22 | K59: Oct-22 | L59: Nov-22 | M59: Dec-22 | N59: Total
A60: World Total | B60: =SUM(B61:B89) -> 53.667486 | C60: =SUM(C61:C89) -> 26.84455 | D60: =SUM(D61:D89) -> 48.099771 | E60: =SUM(E61:E89) -> 44.964096 | F60: =SUM(F61:F89) -> 62.582611 | G60: =SUM(G61:G89) -> 80.114169 | H60: =SUM(H61:H89) -> 51.014798 | I60: =SUM(I61:I89) -> 108.40624 | ... M60: =SUM(M61:M89) -> 116.1182 | N60: =SUM(B60:M60) -> 870.74883
A61: Canada | B61: =SUMIFS(Data!$H$4:$H$2311,Data!$B$4:$B$2311,"UCO",Data!$C$4:$C$2311,"Canada",Data!$E$4:$E$2311,2022,Data!$F$4:$F$2311,1) -> 34.238947 | C61: =SUMIFS(Data!$H$4:$H$2311,Data!$B$4:$B$2311,"UCO",Data!$C$4:$C$2311,"Canada",Data!$E$4:$E$2311,2022,Data!$F$4:$F$2311,2) -> 26.209477 | D61: =SUMIFS(Data!$H$4:$H$2311,Data!$B$4:$B$2311,"UCO",Data!$C$4:$C$2311,"Canada",Data!$E$4:$E$2311,2022,Data!$F$4:$F$2311,3) -> 42.074484 | E61: =SUMIFS(Data!$H$4:$H$2311,Data!$B$4:$B$2311,"UCO",Data!$C$4:$C$2311,"Canada",Data!$E$4:$E$2311,2022,Data!$F$4:$F$2311,4) -> 30.54144 | F61: =SUMIFS(Data!$H$4:$H$2311,Data!$B$4:$B$2311,"UCO",Data!$C$4:$C$2311,"Canada",Data!$E$4:$E$2311,2022,Data!$F$4:$F$2311,5) -> 54.796332 | G61: =SUMIFS(Data!$H$4:$H$2311,Data!$B$4:$B$2311,"UCO",Data!$C$4:$C$2311,"Canada",Data!$E$4:$E$2311,2022,Data!$F$4:$F$2311,6) -> 56.853007 | H61: =SUMIFS(Data!$H$4:$H$2311,Data!$B$4:$B$2311,"UCO",Data!$C$4:$C$2311,"Canada",Data!$E$4:$E$2311,2022,Data!$F$4:$F$2311,7) -> 46.867958 | I61: =SUMIFS(Data!$H$4:$H$2311,Data!$B$4:$B$2311,"UCO",Data!$C$4:$C$2311,"Canada",Data!$E$4:$E$2311,2022,Data!$F$4:$F$2311,8) -> 45.286051 | J61: =SUMIFS(Data!$H$4:$H$2311,Data!$B$4:$B$2311,"UCO",Data!$C$4:$C$2311,"Canada",Data!$E$4:$E$2311,2022,Data!$F$4:$F$2311,9) -> 33.40108 | K61: =SUMIFS(Data!$H$4:$H$2311,Data!$B$4:$B$2311,"UCO",Data!$C$4:$C$2311,"Canada",Data!$E$4:$E$2311,2022,Data!$F$4:$F$2311,10) -> 39.95511 | L61: =SUMIFS(Data!$H$4:$H$2311,Data!$B$4:$B$2311,"UCO",Data!$C$4:$C$2311,"Canada",Data!$E$4:$E$2311,2022,Data!$F$4:$F$2311,11) -> 54.945955 | M61: =SUMIFS(Data!$H$4:$H$2311,Data!$B$4:$B$2311,"UCO",Data!$C$4:$C$2311,"Canada",Data!$E$4:$E$2311,2022,Data!$F$4:$F$2311,12) -> 46.608923 | N61: =SUM(B61:M61) -> 511.77876
A62: Australia | B62: =SUMIFS(Data!$H$4:$H$2311,Data!$B$4:$B$2311,"UCO",Data!$C$4:$C$2311,"Australia",Data!$E$4:$E$2311,2022,Data!$F$4:$F$2311,1) -> 8.8103951 | C62: =SUMIFS(Data!$H$4:$H$2311,Data!$B$4:$B$2311,"UCO",Data!$C$4:$C$2311,"Australia",Data!$E$4:$E$2311,2022,Data!$F$4:$F$2311,2) -> 0 | D62: =SUMIFS(Data!$H$4:$H$2311,Data!$B$4:$B$2311,"UCO",Data!$C$4:$C$2311,"Australia",Data!$E$4:$E$2311,2022,Data!$F$4:$F$2311,3) -> 0 | E62: =SUMIFS(Data!$H$4:$H$2311,Data!$B$4:$B$2311,"UCO",Data!$C$4:$C$2311,"Australia",Data!$E$4:$E$2311,2022,Data!$F$4:$F$2311,4) -> 9.0144616 | F62: =SUMIFS(Data!$H$4:$H$2311,Data!$B$4:$B$2311,"UCO",Data!$C$4:$C$2311,"Australia",Data!$E$4:$E$2311,2022,Data!$F$4:$F$2311,5) -> 0 | G62: =SUMIFS(Data!$H$4:$H$2311,Data!$B$4:$B$2311,"UCO",Data!$C$4:$C$2311,"Australia",Data!$E$4:$E$2311,2022,Data!$F$4:$F$2311,6) -> 21.240344 | H62: =SUMIFS(Data!$H$4:$H$2311,Data!$B$4:$B$2311,"UCO",Data!$C$4:$C$2311,"Australia",Data!$E$4:$E$2311,2022,Data!$F$4:$F$2311,7) -> 0 | I62: =SUMIFS(Data!$H$4:$H$2311,Data!$B$4:$B$2311,"UCO",Data!$C$4:$C$2311,"Australia",Data!$E$4:$E$2311,2022,Data!$F$4:$F$2311,8) -> 56.487447 | J62: =SUMIFS(Data!$H$4:$H$2311,Data!$B$4:$B$2311,"UCO",Data!$C$4:$C$2311,"Australia",Data!$E$4:$E$2311,2022,Data!$F$4:$F$2311,9) -> 2.5255804 | K62: =SUMIFS(Data!$H$4:$H$2311,Data!$B$4:$B$2311,"UCO",Data!$C$4:$C$2311,"Australia",Data!$E$4:$E$2311,2022,Data!$F$4:$F$2311,10) -> 56.678416 | L62: =SUMIFS(Data!$H$4:$H$2311,Data!$B$4:$B$2311,"UCO",Data!$C$4:$C$2311,"Australia",Data!$E$4:$E$2311,2022,Data!$F$4:$F$2311,11) -> 23.75036 | M62: =SUMIFS(Data!$H$4:$H$2311,Data!$B$4:$B$2311,"UCO",Data!$C$4:$C$2311,"Australia",Data!$E$4:$E$2311,2022,Data!$F$4:$F$2311,12) -> 34.775157 | N62: =SUM(B62:M62) -> 213.28216
A63: New Zealand | B63: =SUMIFS(Data!$H$4:$H$2311,Data!$B$4:$B$2311,"UCO",Data!$C$4:$C$2311,"New Zealand",Data!$E$4:$E$2311,2022,Data!$F$4:$F$2311,1) -> 8.4462642 | C63: =SUMIFS(Data!$H$4:$H$2311,Data!$B$4:$B$2311,"UCO",Data!$C$4:$C$2311,"New Zealand",Data!$E$4:$E$2311,2022,Data!$F$4:$F$2311,2) -> 0 | D63: =SUMIFS(Data!$H$4:$H$2311,Data!$B$4:$B$2311,"UCO",Data!$C$4:$C$2311,"New Zealand",Data!$E$4:$E$2311,2022,Data!$F$4:$F$2311,3) -> 0 | E63: =SUMIFS(Data!$H$4:$H$2311,Data!$B$4:$B$2311,"UCO",Data!$C$4:$C$2311,"New Zealand",Data!$E$4:$E$2311,2022,Data!$F$4:$F$2311,4) -> 0 | F63: =SUMIFS(Data!$H$4:$H$2311,Data!$B$4:$B$2311,"UCO",Data!$C$4:$C$2311,"New Zealand",Data!$E$4:$E$2311,2022,Data!$F$4:$F$2311,5) -> 0 | G63: =SUMIFS(Data!$H$4:$H$2311,Data!$B$4:$B$2311,"UCO",Data!$C$4:$C$2311,"New Zealand",Data!$E$4:$E$2311,2022,Data!$F$4:$F$2311,6) -> 0 | H63: =SUMIFS(Data!$H$4:$H$2311,Data!$B$4:$B$2311,"UCO",Data!$C$4:$C$2311,"New Zealand",Data!$E$4:$E$2311,2022,Data!$F$4:$F$2311,7) -> 0 | I63: =SUMIFS(Data!$H$4:$H$2311,Data!$B$4:$B$2311,"UCO",Data!$C$4:$C$2311,"New Zealand",Data!$E$4:$E$2311,2022,Data!$F$4:$F$2311,8) -> 0 | J63: =SUMIFS(Data!$H$4:$H$2311,Data!$B$4:$B$2311,"UCO",Data!$C$4:$C$2311,"New Zealand",Data!$E$4:$E$2311,2022,Data!$F$4:$F$2311,9) -> 0 | K63: =SUMIFS(Data!$H$4:$H$2311,Data!$B$4:$B$2311,"UCO",Data!$C$4:$C$2311,"New Zealand",Data!$E$4:$E$2311,2022,Data!$F$4:$F$2311,10) -> 37.513702 | L63: =SUMIFS(Data!$H$4:$H$2311,Data!$B$4:$B$2311,"UCO",Data!$C$4:$C$2311,"New Zealand",Data!$E$4:$E$2311,2022,Data!$F$4:$F$2311,11) -> 10.64687 | M63: =SUMIFS(Data!$H$4:$H$2311,Data!$B$4:$B$2311,"UCO",Data!$C$4:$C$2311,"New Zealand",Data!$E$4:$E$2311,2022,Data!$F$4:$F$2311,12) -> 20.112516 | N63: =SUM(B63:M63) -> 76.719353
A64: Mexico | B64: =SUMIFS(Data!$H$4:$H$2311,Data!$B$4:$B$2311,"UCO",Data!$C$4:$C$2311,"Mexico",Data!$E$4:$E$2311,2022,Data!$F$4:$F$2311,1) -> 1.0049552 | C64: =SUMIFS(Data!$H$4:$H$2311,Data!$B$4:$B$2311,"UCO",Data!$C$4:$C$2311,"Mexico",Data!$E$4:$E$2311,2022,Data!$F$4:$F$2311,2) -> 0 | D64: =SUMIFS(Data!$H$4:$H$2311,Data!$B$4:$B$2311,"UCO",Data!$C$4:$C$2311,"Mexico",Data!$E$4:$E$2311,2022,Data!$F$4:$F$2311,3) -> 0.89238714 | E64: =SUMIFS(Data!$H$4:$H$2311,Data!$B$4:$B$2311,"UCO",Data!$C$4:$C$2311,"Mexico",Data!$E$4:$E$2311,2022,Data!$F$4:$F$2311,4) -> 0.90012537 | F64: =SUMIFS(Data!$H$4:$H$2311,Data!$B$4:$B$2311,"UCO",Data!$C$4:$C$2311,"Mexico",Data!$E$4:$E$2311,2022,Data!$F$4:$F$2311,5) -> 1.5634787 | G64: =SUMIFS(Data!$H$4:$H$2311,Data!$B$4:$B$2311,"UCO",Data!$C$4:$C$2311,"Mexico",Data!$E$4:$E$2311,2022,Data!$F$4:$F$2311,6) -> 1.5983734 | H64: =SUMIFS(Data!$H$4:$H$2311,Data!$B$4:$B$2311,"UCO",Data!$C$4:$C$2311,"Mexico",Data!$E$4:$E$2311,2022,Data!$F$4:$F$2311,7) -> 1.826532 | I64: =SUMIFS(Data!$H$4:$H$2311,Data!$B$4:$B$2311,"UCO",Data!$C$4:$C$2311,"Mexico",Data!$E$4:$E$2311,2022,Data!$F$4:$F$2311,8) -> 1.3551595 | J64: =SUMIFS(Data!$H$4:$H$2311,Data!$B$4:$B$2311,"UCO",Data!$C$4:$C$2311,"Mexico",Data!$E$4:$E$2311,2022,Data!$F$4:$F$2311,9) -> 2.0020861 | K64: =SUMIFS(Data!$H$4:$H$2311,Data!$B$4:$B$2311,"UCO",Data!$C$4:$C$2311,"Mexico",Data!$E$4:$E$2311,2022,Data!$F$4:$F$2311,10) -> 3.2007152 | L64: =SUMIFS(Data!$H$4:$H$2311,Data!$B$4:$B$2311,"UCO",Data!$C$4:$C$2311,"Mexico",Data!$E$4:$E$2311,2022,Data!$F$4:$F$2311,11) -> 2.8784325 | M64: =SUMIFS(Data!$H$4:$H$2311,Data!$B$4:$B$2311,"UCO",Data!$C$4:$C$2311,"Mexico",Data!$E$4:$E$2311,2022,Data!$F$4:$F$2311,12) -> 5.34048 | N64: =SUM(B64:M64) -> 22.562725
A65: Colombia | B65: =SUMIFS(Data!$H$4:$H$2311,Data!$B$4:$B$2311,"UCO",Data!$C$4:$C$2311,"Colombia",Data!$E$4:$E$2311,2022,Data!$F$4:$F$2311,1) -> 0 | C65: =SUMIFS(Data!$H$4:$H$2311,Data!$B$4:$B$2311,"UCO",Data!$C$4:$C$2311,"Colombia",Data!$E$4:$E$2311,2022,Data!$F$4:$F$2311,2) -> 0 | D65: =SUMIFS(Data!$H$4:$H$2311,Data!$B$4:$B$2311,"UCO",Data!$C$4:$C$2311,"Colombia",Data!$E$4:$E$2311,2022,Data!$F$4:$F$2311,3) -> 4.5844995 | E65: =SUMIFS(Data!$H$4:$H$2311,Data!$B$4:$B$2311,"UCO",Data!$C$4:$C$2311,"Colombia",Data!$E$4:$E$2311,2022,Data!$F$4:$F$2311,4) -> 1.3562353 | F65: =SUMIFS(Data!$H$4:$H$2311,Data!$B$4:$B$2311,"UCO",Data!$C$4:$C$2311,"Colombia",Data!$E$4:$E$2311,2022,Data!$F$4:$F$2311,5) -> 4.4595173 | G65: =SUMIFS(Data!$H$4:$H$2311,Data!$B$4:$B$2311,"UCO",Data!$C$4:$C$2311,"Colombia",Data!$E$4:$E$2311,2022,Data!$F$4:$F$2311,6) -> 0 | H65: =SUMIFS(Data!$H$4:$H$2311,Data!$B$4:$B$2311,"UCO",Data!$C$4:$C$2311,"Colombia",Data!$E$4:$E$2311,2022,Data!$F$4:$F$2311,7) -> 0.13383162 | I65: =SUMIFS(Data!$H$4:$H$2311,Data!$B$4:$B$2311,"UCO",Data!$C$4:$C$2311,"Colombia",Data!$E$4:$E$2311,2022,Data!$F$4:$F$2311,8) -> 0.7162885 | J65: =SUMIFS(Data!$H$4:$H$2311,Data!$B$4:$B$2311,"UCO",Data!$C$4:$C$2311,"Colombia",Data!$E$4:$E$2311,2022,Data!$F$4:$F$2311,9) -> 0.12548712 | K65: =SUMIFS(Data!$H$4:$H$2311,Data!$B$4:$B$2311,"UCO",Data!$C$4:$C$2311,"Colombia",Data!$E$4:$E$2311,2022,Data!$F$4:$F$2311,10) -> 0.070830116 | L65: =SUMIFS(Data!$H$4:$H$2311,Data!$B$4:$B$2311,"UCO",Data!$C$4:$C$2311,"Colombia",Data!$E$4:$E$2311,2022,Data!$F$4:$F$2311,11) -> 9.6796249 | M65: =SUMIFS(Data!$H$4:$H$2311,Data!$B$4:$B$2311,"UCO",Data!$C$4:$C$2311,"Colombia",Data!$E$4:$E$2311,2022,Data!$F$4:$F$2311,12) -> 1.4250218 | N65: =SUM(B65:M65) -> 22.551336
A66: Brazil | B66: =SUMIFS(Data!$H$4:$H$2311,Data!$B$4:$B$2311,"UCO",Data!$C$4:$C$2311,"Brazil",Data!$E$4:$E$2311,2022,Data!$F$4:$F$2311,1) -> 0.61082377 | C66: =SUMIFS(Data!$H$4:$H$2311,Data!$B$4:$B$2311,"UCO",Data!$C$4:$C$2311,"Brazil",Data!$E$4:$E$2311,2022,Data!$F$4:$F$2311,2) -> 0.35273962 | D66: =SUMIFS(Data!$H$4:$H$2311,Data!$B$4:$B$2311,"UCO",Data!$C$4:$C$2311,"Brazil",Data!$E$4:$E$2311,2022,Data!$F$4:$F$2311,3) -> 0.22222596 | E66: =SUMIFS(Data!$H$4:$H$2311,Data!$B$4:$B$2311,"UCO",Data!$C$4:$C$2311,"Brazil",Data!$E$4:$E$2311,2022,Data!$F$4:$F$2311,4) -> 2.7891254 | F66: =SUMIFS(Data!$H$4:$H$2311,Data!$B$4:$B$2311,"UCO",Data!$C$4:$C$2311,"Brazil",Data!$E$4:$E$2311,2022,Data!$F$4:$F$2311,5) -> 1.237404 | G66: =SUMIFS(Data!$H$4:$H$2311,Data!$B$4:$B$2311,"UCO",Data!$C$4:$C$2311,"Brazil",Data!$E$4:$E$2311,2022,Data!$F$4:$F$2311,6) -> 0.17636981 | H66: =SUMIFS(Data!$H$4:$H$2311,Data!$B$4:$B$2311,"UCO",Data!$C$4:$C$2311,"Brazil",Data!$E$4:$E$2311,2022,Data!$F$4:$F$2311,7) -> 1.8273235 | I66: =SUMIFS(Data!$H$4:$H$2311,Data!$B$4:$B$2311,"UCO",Data!$C$4:$C$2311,"Brazil",Data!$E$4:$E$2311,2022,Data!$F$4:$F$2311,8) -> 0.053188725 | J66: =SUMIFS(Data!$H$4:$H$2311,Data!$B$4:$B$2311,"UCO",Data!$C$4:$C$2311,"Brazil",Data!$E$4:$E$2311,2022,Data!$F$4:$F$2311,9) -> 0.044092452 | K66: =SUMIFS(Data!$H$4:$H$2311,Data!$B$4:$B$2311,"UCO",Data!$C$4:$C$2311,"Brazil",Data!$E$4:$E$2311,2022,Data!$F$4:$F$2311,10) -> 0.26455471 | L66: =SUMIFS(Data!$H$4:$H$2311,Data!$B$4:$B$2311,"UCO",Data!$C$4:$C$2311,"Brazil",Data!$E$4:$E$2311,2022,Data!$F$4:$F$2311,11) -> 0.12367933 | M66: =SUMIFS(Data!$H$4:$H$2311,Data!$B$4:$B$2311,"UCO",Data!$C$4:$C$2311,"Brazil",Data!$E$4:$E$2311,2022,Data!$F$4:$F$2311,12) -> 0 | N66: =SUM(B66:M66) -> 7.7015273
A67: Chile | B67: =SUMIFS(Data!$H$4:$H$2311,Data!$B$4:$B$2311,"UCO",Data!$C$4:$C$2311,"Chile",Data!$E$4:$E$2311,2022,Data!$F$4:$F$2311,1) -> 0.32674712 | C67: =SUMIFS(Data!$H$4:$H$2311,Data!$B$4:$B$2311,"UCO",Data!$C$4:$C$2311,"Chile",Data!$E$4:$E$2311,2022,Data!$F$4:$F$2311,2) -> 0 | D67: =SUMIFS(Data!$H$4:$H$2311,Data!$B$4:$B$2311,"UCO",Data!$C$4:$C$2311,"Chile",Data!$E$4:$E$2311,2022,Data!$F$4:$F$2311,3) -> 0 | E67: =SUMIFS(Data!$H$4:$H$2311,Data!$B$4:$B$2311,"UCO",Data!$C$4:$C$2311,"Chile",Data!$E$4:$E$2311,2022,Data!$F$4:$F$2311,4) -> 0 | F67: =SUMIFS(Data!$H$4:$H$2311,Data!$B$4:$B$2311,"UCO",Data!$C$4:$C$2311,"Chile",Data!$E$4:$E$2311,2022,Data!$F$4:$F$2311,5) -> 0 | G67: =SUMIFS(Data!$H$4:$H$2311,Data!$B$4:$B$2311,"UCO",Data!$C$4:$C$2311,"Chile",Data!$E$4:$E$2311,2022,Data!$F$4:$F$2311,6) -> 0 | H67: =SUMIFS(Data!$H$4:$H$2311,Data!$B$4:$B$2311,"UCO",Data!$C$4:$C$2311,"Chile",Data!$E$4:$E$2311,2022,Data!$F$4:$F$2311,7) -> 0 | I67: =SUMIFS(Data!$H$4:$H$2311,Data!$B$4:$B$2311,"UCO",Data!$C$4:$C$2311,"Chile",Data!$E$4:$E$2311,2022,Data!$F$4:$F$2311,8) -> 0 | J67: =SUMIFS(Data!$H$4:$H$2311,Data!$B$4:$B$2311,"UCO",Data!$C$4:$C$2311,"Chile",Data!$E$4:$E$2311,2022,Data!$F$4:$F$2311,9) -> 0 | K67: =SUMIFS(Data!$H$4:$H$2311,Data!$B$4:$B$2311,"UCO",Data!$C$4:$C$2311,"Chile",Data!$E$4:$E$2311,2022,Data!$F$4:$F$2311,10) -> 0 | L67: =SUMIFS(Data!$H$4:$H$2311,Data!$B$4:$B$2311,"UCO",Data!$C$4:$C$2311,"Chile",Data!$E$4:$E$2311,2022,Data!$F$4:$F$2311,11) -> 0 | M67: =SUMIFS(Data!$H$4:$H$2311,Data!$B$4:$B$2311,"UCO",Data!$C$4:$C$2311,"Chile",Data!$E$4:$E$2311,2022,Data!$F$4:$F$2311,12) -> 6.7573271 | N67: =SUM(B67:M67) -> 7.0840742
A68: Japan | B68: =SUMIFS(Data!$H$4:$H$2311,Data!$B$4:$B$2311,"UCO",Data!$C$4:$C$2311,"Japan",Data!$E$4:$E$2311,2022,Data!$F$4:$F$2311,1) -> 0 | C68: =SUMIFS(Data!$H$4:$H$2311,Data!$B$4:$B$2311,"UCO",Data!$C$4:$C$2311,"Japan",Data!$E$4:$E$2311,2022,Data!$F$4:$F$2311,2) -> 0 | D68: =SUMIFS(Data!$H$4:$H$2311,Data!$B$4:$B$2311,"UCO",Data!$C$4:$C$2311,"Japan",Data!$E$4:$E$2311,2022,Data!$F$4:$F$2311,3) -> 0 | E68: =SUMIFS(Data!$H$4:$H$2311,Data!$B$4:$B$2311,"UCO",Data!$C$4:$C$2311,"Japan",Data!$E$4:$E$2311,2022,Data!$F$4:$F$2311,4) -> 0.0039683207 | F68: =SUMIFS(Data!$H$4:$H$2311,Data!$B$4:$B$2311,"UCO",Data!$C$4:$C$2311,"Japan",Data!$E$4:$E$2311,2022,Data!$F$4:$F$2311,5) -> 0.0039683207 | G68: =SUMIFS(Data!$H$4:$H$2311,Data!$B$4:$B$2311,"UCO",Data!$C$4:$C$2311,"Japan",Data!$E$4:$E$2311,2022,Data!$F$4:$F$2311,6) -> 0 | H68: =SUMIFS(Data!$H$4:$H$2311,Data!$B$4:$B$2311,"UCO",Data!$C$4:$C$2311,"Japan",Data!$E$4:$E$2311,2022,Data!$F$4:$F$2311,7) -> 0.0074273736 | I68: =SUMIFS(Data!$H$4:$H$2311,Data!$B$4:$B$2311,"UCO",Data!$C$4:$C$2311,"Japan",Data!$E$4:$E$2311,2022,Data!$F$4:$F$2311,8) -> 3.4092196 | J68: =SUMIFS(Data!$H$4:$H$2311,Data!$B$4:$B$2311,"UCO",Data!$C$4:$C$2311,"Japan",Data!$E$4:$E$2311,2022,Data!$F$4:$F$2311,9) -> 0 | K68: =SUMIFS(Data!$H$4:$H$2311,Data!$B$4:$B$2311,"UCO",Data!$C$4:$C$2311,"Japan",Data!$E$4:$E$2311,2022,Data!$F$4:$F$2311,10) -> 0.0078043641 | L68: =SUMIFS(Data!$H$4:$H$2311,Data!$B$4:$B$2311,"UCO",Data!$C$4:$C$2311,"Japan",Data!$E$4:$E$2311,2022,Data!$F$4:$F$2311,11) -> 0.013335762 | M68: =SUMIFS(Data!$H$4:$H$2311,Data!$B$4:$B$2311,"UCO",Data!$C$4:$C$2311,"Japan",Data!$E$4:$E$2311,2022,Data!$F$4:$F$2311,12) -> 0.0017636981 | N68: =SUM(B68:M68) -> 3.4474874
A69: India | B69: =SUMIFS(Data!$H$4:$H$2311,Data!$B$4:$B$2311,"UCO",Data!$C$4:$C$2311,"India",Data!$E$4:$E$2311,2022,Data!$F$4:$F$2311,1) -> 0.17864718 | C69: =SUMIFS(Data!$H$4:$H$2311,Data!$B$4:$B$2311,"UCO",Data!$C$4:$C$2311,"India",Data!$E$4:$E$2311,2022,Data!$F$4:$F$2311,2) -> 0.049934702 | D69: =SUMIFS(Data!$H$4:$H$2311,Data!$B$4:$B$2311,"UCO",Data!$C$4:$C$2311,"India",Data!$E$4:$E$2311,2022,Data!$F$4:$F$2311,3) -> 0.070797046 | E69: =SUMIFS(Data!$H$4:$H$2311,Data!$B$4:$B$2311,"UCO",Data!$C$4:$C$2311,"India",Data!$E$4:$E$2311,2022,Data!$F$4:$F$2311,4) -> 0.042562444 | F69: =SUMIFS(Data!$H$4:$H$2311,Data!$B$4:$B$2311,"UCO",Data!$C$4:$C$2311,"India",Data!$E$4:$E$2311,2022,Data!$F$4:$F$2311,5) -> 0.14216509 | G69: =SUMIFS(Data!$H$4:$H$2311,Data!$B$4:$B$2311,"UCO",Data!$C$4:$C$2311,"India",Data!$E$4:$E$2311,2022,Data!$F$4:$F$2311,6) -> 0.082153057 | H69: =SUMIFS(Data!$H$4:$H$2311,Data!$B$4:$B$2311,"UCO",Data!$C$4:$C$2311,"India",Data!$E$4:$E$2311,2022,Data!$F$4:$F$2311,7) -> 0.046958462 | I69: =SUMIFS(Data!$H$4:$H$2311,Data!$B$4:$B$2311,"UCO",Data!$C$4:$C$2311,"India",Data!$E$4:$E$2311,2022,Data!$F$4:$F$2311,8) -> 0.18325264 | J69: =SUMIFS(Data!$H$4:$H$2311,Data!$B$4:$B$2311,"UCO",Data!$C$4:$C$2311,"India",Data!$E$4:$E$2311,2022,Data!$F$4:$F$2311,9) -> 0.048733183 | K69: =SUMIFS(Data!$H$4:$H$2311,Data!$B$4:$B$2311,"UCO",Data!$C$4:$C$2311,"India",Data!$E$4:$E$2311,2022,Data!$F$4:$F$2311,10) -> 0.13025131 | L69: =SUMIFS(Data!$H$4:$H$2311,Data!$B$4:$B$2311,"UCO",Data!$C$4:$C$2311,"India",Data!$E$4:$E$2311,2022,Data!$F$4:$F$2311,11) -> 0.070547924 | M69: =SUMIFS(Data!$H$4:$H$2311,Data!$B$4:$B$2311,"UCO",Data!$C$4:$C$2311,"India",Data!$E$4:$E$2311,2022,Data!$F$4:$F$2311,12) -> 0.0056063553 | N69: =SUM(B69:M69) -> 1.0516094
A70: Peru | B70: =SUMIFS(Data!$H$4:$H$2311,Data!$B$4:$B$2311,"UCO",Data!$C$4:$C$2311,"Peru",Data!$E$4:$E$2311,2022,Data!$F$4:$F$2311,1) -> 0 | C70: =SUMIFS(Data!$H$4:$H$2311,Data!$B$4:$B$2311,"UCO",Data!$C$4:$C$2311,"Peru",Data!$E$4:$E$2311,2022,Data!$F$4:$F$2311,2) -> 0 | D70: =SUMIFS(Data!$H$4:$H$2311,Data!$B$4:$B$2311,"UCO",Data!$C$4:$C$2311,"Peru",Data!$E$4:$E$2311,2022,Data!$F$4:$F$2311,3) -> 0 | E70: =SUMIFS(Data!$H$4:$H$2311,Data!$B$4:$B$2311,"UCO",Data!$C$4:$C$2311,"Peru",Data!$E$4:$E$2311,2022,Data!$F$4:$F$2311,4) -> 0 | F70: =SUMIFS(Data!$H$4:$H$2311,Data!$B$4:$B$2311,"UCO",Data!$C$4:$C$2311,"Peru",Data!$E$4:$E$2311,2022,Data!$F$4:$F$2311,5) -> 0 | G70: =SUMIFS(Data!$H$4:$H$2311,Data!$B$4:$B$2311,"UCO",Data!$C$4:$C$2311,"Peru",Data!$E$4:$E$2311,2022,Data!$F$4:$F$2311,6) -> 0 | H70: =SUMIFS(Data!$H$4:$H$2311,Data!$B$4:$B$2311,"UCO",Data!$C$4:$C$2311,"Peru",Data!$E$4:$E$2311,2022,Data!$F$4:$F$2311,7) -> 0 | I70: =SUMIFS(Data!$H$4:$H$2311,Data!$B$4:$B$2311,"UCO",Data!$C$4:$C$2311,"Peru",Data!$E$4:$E$2311,2022,Data!$F$4:$F$2311,8) -> 0 | J70: =SUMIFS(Data!$H$4:$H$2311,Data!$B$4:$B$2311,"UCO",Data!$C$4:$C$2311,"Peru",Data!$E$4:$E$2311,2022,Data!$F$4:$F$2311,9) -> 0 | K70: =SUMIFS(Data!$H$4:$H$2311,Data!$B$4:$B$2311,"UCO",Data!$C$4:$C$2311,"Peru",Data!$E$4:$E$2311,2022,Data!$F$4:$F$2311,10) -> 0 | L70: =SUMIFS(Data!$H$4:$H$2311,Data!$B$4:$B$2311,"UCO",Data!$C$4:$C$2311,"Peru",Data!$E$4:$E$2311,2022,Data!$F$4:$F$2311,11) -> 0 | M70: =SUMIFS(Data!$H$4:$H$2311,Data!$B$4:$B$2311,"UCO",Data!$C$4:$C$2311,"Peru",Data!$E$4:$E$2311,2022,Data!$F$4:$F$2311,12) -> 0.86854415 | N70: =SUM(B70:M70) -> 0.86854415
A71: France | B71: =SUMIFS(Data!$H$4:$H$2311,Data!$B$4:$B$2311,"UCO",Data!$C$4:$C$2311,"France",Data!$E$4:$E$2311,2022,Data!$F$4:$F$2311,1) -> 0.037888644 | C71: =SUMIFS(Data!$H$4:$H$2311,Data!$B$4:$B$2311,"UCO",Data!$C$4:$C$2311,"France",Data!$E$4:$E$2311,2022,Data!$F$4:$F$2311,2) -> 0.038975523 | D71: =SUMIFS(Data!$H$4:$H$2311,Data!$B$4:$B$2311,"UCO",Data!$C$4:$C$2311,"France",Data!$E$4:$E$2311,2022,Data!$F$4:$F$2311,3) -> 0.1291512 | E71: =SUMIFS(Data!$H$4:$H$2311,Data!$B$4:$B$2311,"UCO",Data!$C$4:$C$2311,"France",Data!$E$4:$E$2311,2022,Data!$F$4:$F$2311,4) -> 0.0058422499 | F71: =SUMIFS(Data!$H$4:$H$2311,Data!$B$4:$B$2311,"UCO",Data!$C$4:$C$2311,"France",Data!$E$4:$E$2311,2022,Data!$F$4:$F$2311,5) -> 0.15064186 | G71: =SUMIFS(Data!$H$4:$H$2311,Data!$B$4:$B$2311,"UCO",Data!$C$4:$C$2311,"France",Data!$E$4:$E$2311,2022,Data!$F$4:$F$2311,6) -> 0.08692827 | H71: =SUMIFS(Data!$H$4:$H$2311,Data!$B$4:$B$2311,"UCO",Data!$C$4:$C$2311,"France",Data!$E$4:$E$2311,2022,Data!$F$4:$F$2311,7) -> 0.030190102 | I71: =SUMIFS(Data!$H$4:$H$2311,Data!$B$4:$B$2311,"UCO",Data!$C$4:$C$2311,"France",Data!$E$4:$E$2311,2022,Data!$F$4:$F$2311,8) -> 0.071551027 | J71: =SUMIFS(Data!$H$4:$H$2311,Data!$B$4:$B$2311,"UCO",Data!$C$4:$C$2311,"France",Data!$E$4:$E$2311,2022,Data!$F$4:$F$2311,9) -> 0.06905319 | K71: =SUMIFS(Data!$H$4:$H$2311,Data!$B$4:$B$2311,"UCO",Data!$C$4:$C$2311,"France",Data!$E$4:$E$2311,2022,Data!$F$4:$F$2311,10) -> 0.013106481 | L71: =SUMIFS(Data!$H$4:$H$2311,Data!$B$4:$B$2311,"UCO",Data!$C$4:$C$2311,"France",Data!$E$4:$E$2311,2022,Data!$F$4:$F$2311,11) -> 0.023748195 | M71: =SUMIFS(Data!$H$4:$H$2311,Data!$B$4:$B$2311,"UCO",Data!$C$4:$C$2311,"France",Data!$E$4:$E$2311,2022,Data!$F$4:$F$2311,12) -> 0.10721741 | N71: =SUM(B71:M71) -> 0.76429416
A72: Aruba | B72: =SUMIFS(Data!$H$4:$H$2311,Data!$B$4:$B$2311,"UCO",Data!$C$4:$C$2311,"Aruba",Data!$E$4:$E$2311,2022,Data!$F$4:$F$2311,1) -> 0 | C72: =SUMIFS(Data!$H$4:$H$2311,Data!$B$4:$B$2311,"UCO",Data!$C$4:$C$2311,"Aruba",Data!$E$4:$E$2311,2022,Data!$F$4:$F$2311,2) -> 0 | D72: =SUMIFS(Data!$H$4:$H$2311,Data!$B$4:$B$2311,"UCO",Data!$C$4:$C$2311,"Aruba",Data!$E$4:$E$2311,2022,Data!$F$4:$F$2311,3) -> 0 | E72: =SUMIFS(Data!$H$4:$H$2311,Data!$B$4:$B$2311,"UCO",Data!$C$4:$C$2311,"Aruba",Data!$E$4:$E$2311,2022,Data!$F$4:$F$2311,4) -> 0.092982164 | F72: =SUMIFS(Data!$H$4:$H$2311,Data!$B$4:$B$2311,"UCO",Data!$C$4:$C$2311,"Aruba",Data!$E$4:$E$2311,2022,Data!$F$4:$F$2311,5) -> 0.10085708 | G72: =SUMIFS(Data!$H$4:$H$2311,Data!$B$4:$B$2311,"UCO",Data!$C$4:$C$2311,"Aruba",Data!$E$4:$E$2311,2022,Data!$F$4:$F$2311,6) -> 0 | H72: =SUMIFS(Data!$H$4:$H$2311,Data!$B$4:$B$2311,"UCO",Data!$C$4:$C$2311,"Aruba",Data!$E$4:$E$2311,2022,Data!$F$4:$F$2311,7) -> 0.094428396 | I72: =SUMIFS(Data!$H$4:$H$2311,Data!$B$4:$B$2311,"UCO",Data!$C$4:$C$2311,"Aruba",Data!$E$4:$E$2311,2022,Data!$F$4:$F$2311,8) -> 0.094428396 | J72: =SUMIFS(Data!$H$4:$H$2311,Data!$B$4:$B$2311,"UCO",Data!$C$4:$C$2311,"Aruba",Data!$E$4:$E$2311,2022,Data!$F$4:$F$2311,9) -> 0.045000757 | K72: =SUMIFS(Data!$H$4:$H$2311,Data!$B$4:$B$2311,"UCO",Data!$C$4:$C$2311,"Aruba",Data!$E$4:$E$2311,2022,Data!$F$4:$F$2311,10) -> 0 | L72: =SUMIFS(Data!$H$4:$H$2311,Data!$B$4:$B$2311,"UCO",Data!$C$4:$C$2311,"Aruba",Data!$E$4:$E$2311,2022,Data!$F$4:$F$2311,11) -> 0.094869321 | M72: =SUMIFS(Data!$H$4:$H$2311,Data!$B$4:$B$2311,"UCO",Data!$C$4:$C$2311,"Aruba",Data!$E$4:$E$2311,2022,Data!$F$4:$F$2311,12) -> 0.048060773 | N72: =SUM(B72:M72) -> 0.57062688
A73: Honduras | B73: =SUMIFS(Data!$H$4:$H$2311,Data!$B$4:$B$2311,"UCO",Data!$C$4:$C$2311,"Honduras",Data!$E$4:$E$2311,2022,Data!$F$4:$F$2311,1) -> 0 | C73: =SUMIFS(Data!$H$4:$H$2311,Data!$B$4:$B$2311,"UCO",Data!$C$4:$C$2311,"Honduras",Data!$E$4:$E$2311,2022,Data!$F$4:$F$2311,2) -> 0.0038801358 | D73: =SUMIFS(Data!$H$4:$H$2311,Data!$B$4:$B$2311,"UCO",Data!$C$4:$C$2311,"Honduras",Data!$E$4:$E$2311,2022,Data!$F$4:$F$2311,3) -> 0.041901058 | E73: =SUMIFS(Data!$H$4:$H$2311,Data!$B$4:$B$2311,"UCO",Data!$C$4:$C$2311,"Honduras",Data!$E$4:$E$2311,2022,Data!$F$4:$F$2311,4) -> 0.044092452 | F73: =SUMIFS(Data!$H$4:$H$2311,Data!$B$4:$B$2311,"UCO",Data!$C$4:$C$2311,"Honduras",Data!$E$4:$E$2311,2022,Data!$F$4:$F$2311,5) -> 0.048920576 | G73: =SUMIFS(Data!$H$4:$H$2311,Data!$B$4:$B$2311,"UCO",Data!$C$4:$C$2311,"Honduras",Data!$E$4:$E$2311,2022,Data!$F$4:$F$2311,6) -> 0.048109275 | H73: =SUMIFS(Data!$H$4:$H$2311,Data!$B$4:$B$2311,"UCO",Data!$C$4:$C$2311,"Honduras",Data!$E$4:$E$2311,2022,Data!$F$4:$F$2311,7) -> 0.04918954 | I73: =SUMIFS(Data!$H$4:$H$2311,Data!$B$4:$B$2311,"UCO",Data!$C$4:$C$2311,"Honduras",Data!$E$4:$E$2311,2022,Data!$F$4:$F$2311,8) -> 0.042780702 | J73: =SUMIFS(Data!$H$4:$H$2311,Data!$B$4:$B$2311,"UCO",Data!$C$4:$C$2311,"Honduras",Data!$E$4:$E$2311,2022,Data!$F$4:$F$2311,9) -> 0 | K73: =SUMIFS(Data!$H$4:$H$2311,Data!$B$4:$B$2311,"UCO",Data!$C$4:$C$2311,"Honduras",Data!$E$4:$E$2311,2022,Data!$F$4:$F$2311,10) -> 0.14003983 | L73: =SUMIFS(Data!$H$4:$H$2311,Data!$B$4:$B$2311,"UCO",Data!$C$4:$C$2311,"Honduras",Data!$E$4:$E$2311,2022,Data!$F$4:$F$2311,11) -> 0.13889123 | M73: =SUMIFS(Data!$H$4:$H$2311,Data!$B$4:$B$2311,"UCO",Data!$C$4:$C$2311,"Honduras",Data!$E$4:$E$2311,2022,Data!$F$4:$F$2311,12) -> 0 | N73: =SUM(B73:M73) -> 0.5578048
A74: Germany | B74: =SUMIFS(Data!$H$4:$H$2311,Data!$B$4:$B$2311,"UCO",Data!$C$4:$C$2311,"Germany",Data!$E$4:$E$2311,2022,Data!$F$4:$F$2311,1) -> 0.009942848 | C74: =SUMIFS(Data!$H$4:$H$2311,Data!$B$4:$B$2311,"UCO",Data!$C$4:$C$2311,"Germany",Data!$E$4:$E$2311,2022,Data!$F$4:$F$2311,2) -> 0.0057320188 | D74: =SUMIFS(Data!$H$4:$H$2311,Data!$B$4:$B$2311,"UCO",Data!$C$4:$C$2311,"Germany",Data!$E$4:$E$2311,2022,Data!$F$4:$F$2311,3) -> 0.044506921 | E74: =SUMIFS(Data!$H$4:$H$2311,Data!$B$4:$B$2311,"UCO",Data!$C$4:$C$2311,"Germany",Data!$E$4:$E$2311,2022,Data!$F$4:$F$2311,4) -> 0.082860741 | F74: =SUMIFS(Data!$H$4:$H$2311,Data!$B$4:$B$2311,"UCO",Data!$C$4:$C$2311,"Germany",Data!$E$4:$E$2311,2022,Data!$F$4:$F$2311,5) -> 0.034449433 | G74: =SUMIFS(Data!$H$4:$H$2311,Data!$B$4:$B$2311,"UCO",Data!$C$4:$C$2311,"Germany",Data!$E$4:$E$2311,2022,Data!$F$4:$F$2311,6) -> 0.016490577 | H74: =SUMIFS(Data!$H$4:$H$2311,Data!$B$4:$B$2311,"UCO",Data!$C$4:$C$2311,"Germany",Data!$E$4:$E$2311,2022,Data!$F$4:$F$2311,7) -> 0.026823643 | I74: =SUMIFS(Data!$H$4:$H$2311,Data!$B$4:$B$2311,"UCO",Data!$C$4:$C$2311,"Germany",Data!$E$4:$E$2311,2022,Data!$F$4:$F$2311,8) -> 0.057082089 | J74: =SUMIFS(Data!$H$4:$H$2311,Data!$B$4:$B$2311,"UCO",Data!$C$4:$C$2311,"Germany",Data!$E$4:$E$2311,2022,Data!$F$4:$F$2311,9) -> 0.075492892 | K74: =SUMIFS(Data!$H$4:$H$2311,Data!$B$4:$B$2311,"UCO",Data!$C$4:$C$2311,"Germany",Data!$E$4:$E$2311,2022,Data!$F$4:$F$2311,10) -> 0.044667859 | L74: =SUMIFS(Data!$H$4:$H$2311,Data!$B$4:$B$2311,"UCO",Data!$C$4:$C$2311,"Germany",Data!$E$4:$E$2311,2022,Data!$F$4:$F$2311,11) -> 0.0061729433 | M74: =SUMIFS(Data!$H$4:$H$2311,Data!$B$4:$B$2311,"UCO",Data!$C$4:$C$2311,"Germany",Data!$E$4:$E$2311,2022,Data!$F$4:$F$2311,12) -> 0.014153677 | N74: =SUM(B74:M74) -> 0.41837564
A75: Malaysia | B75: =SUMIFS(Data!$H$4:$H$2311,Data!$B$4:$B$2311,"UCO",Data!$C$4:$C$2311,"Malaysia",Data!$E$4:$E$2311,2022,Data!$F$4:$F$2311,1) -> 0 | C75: =SUMIFS(Data!$H$4:$H$2311,Data!$B$4:$B$2311,"UCO",Data!$C$4:$C$2311,"Malaysia",Data!$E$4:$E$2311,2022,Data!$F$4:$F$2311,2) -> 0 | D75: =SUMIFS(Data!$H$4:$H$2311,Data!$B$4:$B$2311,"UCO",Data!$C$4:$C$2311,"Malaysia",Data!$E$4:$E$2311,2022,Data!$F$4:$F$2311,3) -> 0 | E75: =SUMIFS(Data!$H$4:$H$2311,Data!$B$4:$B$2311,"UCO",Data!$C$4:$C$2311,"Malaysia",Data!$E$4:$E$2311,2022,Data!$F$4:$F$2311,4) -> 0 | F75: =SUMIFS(Data!$H$4:$H$2311,Data!$B$4:$B$2311,"UCO",Data!$C$4:$C$2311,"Malaysia",Data!$E$4:$E$2311,2022,Data!$F$4:$F$2311,5) -> 0 | G75: =SUMIFS(Data!$H$4:$H$2311,Data!$B$4:$B$2311,"UCO",Data!$C$4:$C$2311,"Malaysia",Data!$E$4:$E$2311,2022,Data!$F$4:$F$2311,6) -> 0 | H75: =SUMIFS(Data!$H$4:$H$2311,Data!$B$4:$B$2311,"UCO",Data!$C$4:$C$2311,"Malaysia",Data!$E$4:$E$2311,2022,Data!$F$4:$F$2311,7) -> 0 | I75: =SUMIFS(Data!$H$4:$H$2311,Data!$B$4:$B$2311,"UCO",Data!$C$4:$C$2311,"Malaysia",Data!$E$4:$E$2311,2022,Data!$F$4:$F$2311,8) -> 0.33507398 | J75: =SUMIFS(Data!$H$4:$H$2311,Data!$B$4:$B$2311,"UCO",Data!$C$4:$C$2311,"Malaysia",Data!$E$4:$E$2311,2022,Data!$F$4:$F$2311,9) -> 0 | K75: =SUMIFS(Data!$H$4:$H$2311,Data!$B$4:$B$2311,"UCO",Data!$C$4:$C$2311,"Malaysia",Data!$E$4:$E$2311,2022,Data!$F$4:$F$2311,10) -> 0 | L75: =SUMIFS(Data!$H$4:$H$2311,Data!$B$4:$B$2311,"UCO",Data!$C$4:$C$2311,"Malaysia",Data!$E$4:$E$2311,2022,Data!$F$4:$F$2311,11) -> 0 | M75: =SUMIFS(Data!$H$4:$H$2311,Data!$B$4:$B$2311,"UCO",Data!$C$4:$C$2311,"Malaysia",Data!$E$4:$E$2311,2022,Data!$F$4:$F$2311,12) -> 0 | N75: =SUM(B75:M75) -> 0.33507398
A76: Singapore | B76: =SUMIFS(Data!$H$4:$H$2311,Data!$B$4:$B$2311,"UCO",Data!$C$4:$C$2311,"Singapore",Data!$E$4:$E$2311,2022,Data!$F$4:$F$2311,1) -> 0 | C76: =SUMIFS(Data!$H$4:$H$2311,Data!$B$4:$B$2311,"UCO",Data!$C$4:$C$2311,"Singapore",Data!$E$4:$E$2311,2022,Data!$F$4:$F$2311,2) -> 0 | D76: =SUMIFS(Data!$H$4:$H$2311,Data!$B$4:$B$2311,"UCO",Data!$C$4:$C$2311,"Singapore",Data!$E$4:$E$2311,2022,Data!$F$4:$F$2311,3) -> 0 | E76: =SUMIFS(Data!$H$4:$H$2311,Data!$B$4:$B$2311,"UCO",Data!$C$4:$C$2311,"Singapore",Data!$E$4:$E$2311,2022,Data!$F$4:$F$2311,4) -> 0 | F76: =SUMIFS(Data!$H$4:$H$2311,Data!$B$4:$B$2311,"UCO",Data!$C$4:$C$2311,"Singapore",Data!$E$4:$E$2311,2022,Data!$F$4:$F$2311,5) -> 0 | G76: =SUMIFS(Data!$H$4:$H$2311,Data!$B$4:$B$2311,"UCO",Data!$C$4:$C$2311,"Singapore",Data!$E$4:$E$2311,2022,Data!$F$4:$F$2311,6) -> 0 | H76: =SUMIFS(Data!$H$4:$H$2311,Data!$B$4:$B$2311,"UCO",Data!$C$4:$C$2311,"Singapore",Data!$E$4:$E$2311,2022,Data!$F$4:$F$2311,7) -> 0 | I76: =SUMIFS(Data!$H$4:$H$2311,Data!$B$4:$B$2311,"UCO",Data!$C$4:$C$2311,"Singapore",Data!$E$4:$E$2311,2022,Data!$F$4:$F$2311,8) -> 0.30579218 | J76: =SUMIFS(Data!$H$4:$H$2311,Data!$B$4:$B$2311,"UCO",Data!$C$4:$C$2311,"Singapore",Data!$E$4:$E$2311,2022,Data!$F$4:$F$2311,9) -> 0 | K76: =SUMIFS(Data!$H$4:$H$2311,Data!$B$4:$B$2311,"UCO",Data!$C$4:$C$2311,"Singapore",Data!$E$4:$E$2311,2022,Data!$F$4:$F$2311,10) -> 0 | L76: =SUMIFS(Data!$H$4:$H$2311,Data!$B$4:$B$2311,"UCO",Data!$C$4:$C$2311,"Singapore",Data!$E$4:$E$2311,2022,Data!$F$4:$F$2311,11) -> 0 | M76: =SUMIFS(Data!$H$4:$H$2311,Data!$B$4:$B$2311,"UCO",Data!$C$4:$C$2311,"Singapore",Data!$E$4:$E$2311,2022,Data!$F$4:$F$2311,12) -> 0 | N76: =SUM(B76:M76) -> 0.30579218
A77: United Kingdom | B77: =SUMIFS(Data!$H$4:$H$2311,Data!$B$4:$B$2311,"UCO",Data!$C$4:$C$2311,"United Kingdom",Data!$E$4:$E$2311,2022,Data!$F$4:$F$2311,1) -> 0 | C77: =SUMIFS(Data!$H$4:$H$2311,Data!$B$4:$B$2311,"UCO",Data!$C$4:$C$2311,"United Kingdom",Data!$E$4:$E$2311,2022,Data!$F$4:$F$2311,2) -> 0.17398882 | D77: =SUMIFS(Data!$H$4:$H$2311,Data!$B$4:$B$2311,"UCO",Data!$C$4:$C$2311,"United Kingdom",Data!$E$4:$E$2311,2022,Data!$F$4:$F$2311,3) -> 0.00013448198 | E77: =SUMIFS(Data!$H$4:$H$2311,Data!$B$4:$B$2311,"UCO",Data!$C$4:$C$2311,"United Kingdom",Data!$E$4:$E$2311,2022,Data!$F$4:$F$2311,4) -> 0 | F77: =SUMIFS(Data!$H$4:$H$2311,Data!$B$4:$B$2311,"UCO",Data!$C$4:$C$2311,"United Kingdom",Data!$E$4:$E$2311,2022,Data!$F$4:$F$2311,5) -> 0.00080248263 | G77: =SUMIFS(Data!$H$4:$H$2311,Data!$B$4:$B$2311,"UCO",Data!$C$4:$C$2311,"United Kingdom",Data!$E$4:$E$2311,2022,Data!$F$4:$F$2311,6) -> 0.00072752547 | H77: =SUMIFS(Data!$H$4:$H$2311,Data!$B$4:$B$2311,"UCO",Data!$C$4:$C$2311,"United Kingdom",Data!$E$4:$E$2311,2022,Data!$F$4:$F$2311,7) -> 0 | I77: =SUMIFS(Data!$H$4:$H$2311,Data!$B$4:$B$2311,"UCO",Data!$C$4:$C$2311,"United Kingdom",Data!$E$4:$E$2311,2022,Data!$F$4:$F$2311,8) -> 1.7636981e-05 | J77: =SUMIFS(Data!$H$4:$H$2311,Data!$B$4:$B$2311,"UCO",Data!$C$4:$C$2311,"United Kingdom",Data!$E$4:$E$2311,2022,Data!$F$4:$F$2311,9) -> 0.00068563764 | K77: =SUMIFS(Data!$H$4:$H$2311,Data!$B$4:$B$2311,"UCO",Data!$C$4:$C$2311,"United Kingdom",Data!$E$4:$E$2311,2022,Data!$F$4:$F$2311,10) -> 0.0052910943 | L77: =SUMIFS(Data!$H$4:$H$2311,Data!$B$4:$B$2311,"UCO",Data!$C$4:$C$2311,"United Kingdom",Data!$E$4:$E$2311,2022,Data!$F$4:$F$2311,11) -> 0.0077955456 | M77: =SUMIFS(Data!$H$4:$H$2311,Data!$B$4:$B$2311,"UCO",Data!$C$4:$C$2311,"United Kingdom",Data!$E$4:$E$2311,2022,Data!$F$4:$F$2311,12) -> 0.00088184905 | N77: =SUM(B77:M77) -> 0.19032507
A78: Costa Rica | B78: =SUMIFS(Data!$H$4:$H$2311,Data!$B$4:$B$2311,"UCO",Data!$C$4:$C$2311,"Costa Rica",Data!$E$4:$E$2311,2022,Data!$F$4:$F$2311,1) -> 0 | C78: =SUMIFS(Data!$H$4:$H$2311,Data!$B$4:$B$2311,"UCO",Data!$C$4:$C$2311,"Costa Rica",Data!$E$4:$E$2311,2022,Data!$F$4:$F$2311,2) -> 0 | D78: =SUMIFS(Data!$H$4:$H$2311,Data!$B$4:$B$2311,"UCO",Data!$C$4:$C$2311,"Costa Rica",Data!$E$4:$E$2311,2022,Data!$F$4:$F$2311,3) -> 0 | E78: =SUMIFS(Data!$H$4:$H$2311,Data!$B$4:$B$2311,"UCO",Data!$C$4:$C$2311,"Costa Rica",Data!$E$4:$E$2311,2022,Data!$F$4:$F$2311,4) -> 0 | F78: =SUMIFS(Data!$H$4:$H$2311,Data!$B$4:$B$2311,"UCO",Data!$C$4:$C$2311,"Costa Rica",Data!$E$4:$E$2311,2022,Data!$F$4:$F$2311,5) -> 0 | G78: =SUMIFS(Data!$H$4:$H$2311,Data!$B$4:$B$2311,"UCO",Data!$C$4:$C$2311,"Costa Rica",Data!$E$4:$E$2311,2022,Data!$F$4:$F$2311,6) -> 0 | H78: =SUMIFS(Data!$H$4:$H$2311,Data!$B$4:$B$2311,"UCO",Data!$C$4:$C$2311,"Costa Rica",Data!$E$4:$E$2311,2022,Data!$F$4:$F$2311,7) -> 0 | I78: =SUMIFS(Data!$H$4:$H$2311,Data!$B$4:$B$2311,"UCO",Data!$C$4:$C$2311,"Costa Rica",Data!$E$4:$E$2311,2022,Data!$F$4:$F$2311,8) -> 0 | J78: =SUMIFS(Data!$H$4:$H$2311,Data!$B$4:$B$2311,"UCO",Data!$C$4:$C$2311,"Costa Rica",Data!$E$4:$E$2311,2022,Data!$F$4:$F$2311,9) -> 0 | K78: =SUMIFS(Data!$H$4:$H$2311,Data!$B$4:$B$2311,"UCO",Data!$C$4:$C$2311,"Costa Rica",Data!$E$4:$E$2311,2022,Data!$F$4:$F$2311,10) -> 0.13590617 | L78: =SUMIFS(Data!$H$4:$H$2311,Data!$B$4:$B$2311,"UCO",Data!$C$4:$C$2311,"Costa Rica",Data!$E$4:$E$2311,2022,Data!$F$4:$F$2311,11) -> 0 | M78: =SUMIFS(Data!$H$4:$H$2311,Data!$B$4:$B$2311,"UCO",Data!$C$4:$C$2311,"Costa Rica",Data!$E$4:$E$2311,2022,Data!$F$4:$F$2311,12) -> 0.044213707 | N78: =SUM(B78:M78) -> 0.18011987
A79: Argentina | B79: =SUMIFS(Data!$H$4:$H$2311,Data!$B$4:$B$2311,"UCO",Data!$C$4:$C$2311,"Argentina",Data!$E$4:$E$2311,2022,Data!$F$4:$F$2311,1) -> 0 | C79: =SUMIFS(Data!$H$4:$H$2311,Data!$B$4:$B$2311,"UCO",Data!$C$4:$C$2311,"Argentina",Data!$E$4:$E$2311,2022,Data!$F$4:$F$2311,2) -> 0 | D79: =SUMIFS(Data!$H$4:$H$2311,Data!$B$4:$B$2311,"UCO",Data!$C$4:$C$2311,"Argentina",Data!$E$4:$E$2311,2022,Data!$F$4:$F$2311,3) -> 0.039683207 | E79: =SUMIFS(Data!$H$4:$H$2311,Data!$B$4:$B$2311,"UCO",Data!$C$4:$C$2311,"Argentina",Data!$E$4:$E$2311,2022,Data!$F$4:$F$2311,4) -> 0 | F79: =SUMIFS(Data!$H$4:$H$2311,Data!$B$4:$B$2311,"UCO",Data!$C$4:$C$2311,"Argentina",Data!$E$4:$E$2311,2022,Data!$F$4:$F$2311,5) -> 0.039683207 | G79: =SUMIFS(Data!$H$4:$H$2311,Data!$B$4:$B$2311,"UCO",Data!$C$4:$C$2311,"Argentina",Data!$E$4:$E$2311,2022,Data!$F$4:$F$2311,6) -> 0 | H79: =SUMIFS(Data!$H$4:$H$2311,Data!$B$4:$B$2311,"UCO",Data!$C$4:$C$2311,"Argentina",Data!$E$4:$E$2311,2022,Data!$F$4:$F$2311,7) -> 0.079366414 | I79: =SUMIFS(Data!$H$4:$H$2311,Data!$B$4:$B$2311,"UCO",Data!$C$4:$C$2311,"Argentina",Data!$E$4:$E$2311,2022,Data!$F$4:$F$2311,8) -> 0 | J79: =SUMIFS(Data!$H$4:$H$2311,Data!$B$4:$B$2311,"UCO",Data!$C$4:$C$2311,"Argentina",Data!$E$4:$E$2311,2022,Data!$F$4:$F$2311,9) -> 0 | K79: =SUMIFS(Data!$H$4:$H$2311,Data!$B$4:$B$2311,"UCO",Data!$C$4:$C$2311,"Argentina",Data!$E$4:$E$2311,2022,Data!$F$4:$F$2311,10) -> 0 | L79: =SUMIFS(Data!$H$4:$H$2311,Data!$B$4:$B$2311,"UCO",Data!$C$4:$C$2311,"Argentina",Data!$E$4:$E$2311,2022,Data!$F$4:$F$2311,11) -> 0 | M79: =SUMIFS(Data!$H$4:$H$2311,Data!$B$4:$B$2311,"UCO",Data!$C$4:$C$2311,"Argentina",Data!$E$4:$E$2311,2022,Data!$F$4:$F$2311,12) -> 0 | N79: =SUM(B79:M79) -> 0.15873283
A80: China | B80: =SUMIFS(Data!$H$4:$H$2311,Data!$B$4:$B$2311,"UCO",Data!$C$4:$C$2311,"China",Data!$E$4:$E$2311,2022,Data!$F$4:$F$2311,1) -> 0 | C80: =SUMIFS(Data!$H$4:$H$2311,Data!$B$4:$B$2311,"UCO",Data!$C$4:$C$2311,"China",Data!$E$4:$E$2311,2022,Data!$F$4:$F$2311,2) -> 0 | D80: =SUMIFS(Data!$H$4:$H$2311,Data!$B$4:$B$2311,"UCO",Data!$C$4:$C$2311,"China",Data!$E$4:$E$2311,2022,Data!$F$4:$F$2311,3) -> 0 | E80: =SUMIFS(Data!$H$4:$H$2311,Data!$B$4:$B$2311,"UCO",Data!$C$4:$C$2311,"China",Data!$E$4:$E$2311,2022,Data!$F$4:$F$2311,4) -> 0.090389527 | F80: =SUMIFS(Data!$H$4:$H$2311,Data!$B$4:$B$2311,"UCO",Data!$C$4:$C$2311,"China",Data!$E$4:$E$2311,2022,Data!$F$4:$F$2311,5) -> 5.5115566e-05 | G80: =SUMIFS(Data!$H$4:$H$2311,Data!$B$4:$B$2311,"UCO",Data!$C$4:$C$2311,"China",Data!$E$4:$E$2311,2022,Data!$F$4:$F$2311,6) -> 0 | H80: =SUMIFS(Data!$H$4:$H$2311,Data!$B$4:$B$2311,"UCO",Data!$C$4:$C$2311,"China",Data!$E$4:$E$2311,2022,Data!$F$4:$F$2311,7) -> 0 | I80: =SUMIFS(Data!$H$4:$H$2311,Data!$B$4:$B$2311,"UCO",Data!$C$4:$C$2311,"China",Data!$E$4:$E$2311,2022,Data!$F$4:$F$2311,8) -> 0 | J80: =SUMIFS(Data!$H$4:$H$2311,Data!$B$4:$B$2311,"UCO",Data!$C$4:$C$2311,"China",Data!$E$4:$E$2311,2022,Data!$F$4:$F$2311,9) -> 0 | K80: =SUMIFS(Data!$H$4:$H$2311,Data!$B$4:$B$2311,"UCO",Data!$C$4:$C$2311,"China",Data!$E$4:$E$2311,2022,Data!$F$4:$F$2311,10) -> 0 | L80: =SUMIFS(Data!$H$4:$H$2311,Data!$B$4:$B$2311,"UCO",Data!$C$4:$C$2311,"China",Data!$E$4:$E$2311,2022,Data!$F$4:$F$2311,11) -> 0.012731696 | M80: =SUMIFS(Data!$H$4:$H$2311,Data!$B$4:$B$2311,"UCO",Data!$C$4:$C$2311,"China",Data!$E$4:$E$2311,2022,Data!$F$4:$F$2311,12) -> 0 | N80: =SUM(B80:M80) -> 0.10317634
A81: Italy | B81: =SUMIFS(Data!$H$4:$H$2311,Data!$B$4:$B$2311,"UCO",Data!$C$4:$C$2311,"Italy",Data!$E$4:$E$2311,2022,Data!$F$4:$F$2311,1) -> 0.00067020528 | C81: =SUMIFS(Data!$H$4:$H$2311,Data!$B$4:$B$2311,"UCO",Data!$C$4:$C$2311,"Italy",Data!$E$4:$E$2311,2022,Data!$F$4:$F$2311,2) -> 0.0071429773 | D81: =SUMIFS(Data!$H$4:$H$2311,Data!$B$4:$B$2311,"UCO",Data!$C$4:$C$2311,"Italy",Data!$E$4:$E$2311,2022,Data!$F$4:$F$2311,3) -> 0 | E81: =SUMIFS(Data!$H$4:$H$2311,Data!$B$4:$B$2311,"UCO",Data!$C$4:$C$2311,"Italy",Data!$E$4:$E$2311,2022,Data!$F$4:$F$2311,4) -> 0 | F81: =SUMIFS(Data!$H$4:$H$2311,Data!$B$4:$B$2311,"UCO",Data!$C$4:$C$2311,"Italy",Data!$E$4:$E$2311,2022,Data!$F$4:$F$2311,5) -> 0 | G81: =SUMIFS(Data!$H$4:$H$2311,Data!$B$4:$B$2311,"UCO",Data!$C$4:$C$2311,"Italy",Data!$E$4:$E$2311,2022,Data!$F$4:$F$2311,6) -> 0.00022046226 | H81: =SUMIFS(Data!$H$4:$H$2311,Data!$B$4:$B$2311,"UCO",Data!$C$4:$C$2311,"Italy",Data!$E$4:$E$2311,2022,Data!$F$4:$F$2311,7) -> 0.0078043641 | I81: =SUMIFS(Data!$H$4:$H$2311,Data!$B$4:$B$2311,"UCO",Data!$C$4:$C$2311,"Italy",Data!$E$4:$E$2311,2022,Data!$F$4:$F$2311,8) -> 0.0071429773 | J81: =SUMIFS(Data!$H$4:$H$2311,Data!$B$4:$B$2311,"UCO",Data!$C$4:$C$2311,"Italy",Data!$E$4:$E$2311,2022,Data!$F$4:$F$2311,9) -> 0 | K81: =SUMIFS(Data!$H$4:$H$2311,Data!$B$4:$B$2311,"UCO",Data!$C$4:$C$2311,"Italy",Data!$E$4:$E$2311,2022,Data!$F$4:$F$2311,10) -> 0 | L81: =SUMIFS(Data!$H$4:$H$2311,Data!$B$4:$B$2311,"UCO",Data!$C$4:$C$2311,"Italy",Data!$E$4:$E$2311,2022,Data!$F$4:$F$2311,11) -> 0.00022046226 | M81: =SUMIFS(Data!$H$4:$H$2311,Data!$B$4:$B$2311,"UCO",Data!$C$4:$C$2311,"Italy",Data!$E$4:$E$2311,2022,Data!$F$4:$F$2311,12) -> 0.0074516245 | N81: =SUM(B81:M81) -> 0.030653073
A82: Sri Lanka | B82: =SUMIFS(Data!$H$4:$H$2311,Data!$B$4:$B$2311,"UCO",Data!$C$4:$C$2311,"Sri Lanka",Data!$E$4:$E$2311,2022,Data!$F$4:$F$2311,1) -> 0 | C82: =SUMIFS(Data!$H$4:$H$2311,Data!$B$4:$B$2311,"UCO",Data!$C$4:$C$2311,"Sri Lanka",Data!$E$4:$E$2311,2022,Data!$F$4:$F$2311,2) -> 0 | D82: =SUMIFS(Data!$H$4:$H$2311,Data!$B$4:$B$2311,"UCO",Data!$C$4:$C$2311,"Sri Lanka",Data!$E$4:$E$2311,2022,Data!$F$4:$F$2311,3) -> 0 | E82: =SUMIFS(Data!$H$4:$H$2311,Data!$B$4:$B$2311,"UCO",Data!$C$4:$C$2311,"Sri Lanka",Data!$E$4:$E$2311,2022,Data!$F$4:$F$2311,4) -> 0 | F82: =SUMIFS(Data!$H$4:$H$2311,Data!$B$4:$B$2311,"UCO",Data!$C$4:$C$2311,"Sri Lanka",Data!$E$4:$E$2311,2022,Data!$F$4:$F$2311,5) -> 0 | G82: =SUMIFS(Data!$H$4:$H$2311,Data!$B$4:$B$2311,"UCO",Data!$C$4:$C$2311,"Sri Lanka",Data!$E$4:$E$2311,2022,Data!$F$4:$F$2311,6) -> 0 | H82: =SUMIFS(Data!$H$4:$H$2311,Data!$B$4:$B$2311,"UCO",Data!$C$4:$C$2311,"Sri Lanka",Data!$E$4:$E$2311,2022,Data!$F$4:$F$2311,7) -> 0 | I82: =SUMIFS(Data!$H$4:$H$2311,Data!$B$4:$B$2311,"UCO",Data!$C$4:$C$2311,"Sri Lanka",Data!$E$4:$E$2311,2022,Data!$F$4:$F$2311,8) -> 0 | J82: =SUMIFS(Data!$H$4:$H$2311,Data!$B$4:$B$2311,"UCO",Data!$C$4:$C$2311,"Sri Lanka",Data!$E$4:$E$2311,2022,Data!$F$4:$F$2311,9) -> 0 | K82: =SUMIFS(Data!$H$4:$H$2311,Data!$B$4:$B$2311,"UCO",Data!$C$4:$C$2311,"Sri Lanka",Data!$E$4:$E$2311,2022,Data!$F$4:$F$2311,10) -> 0.029603673 | L82: =SUMIFS(Data!$H$4:$H$2311,Data!$B$4:$B$2311,"UCO",Data!$C$4:$C$2311,"Sri Lanka",Data!$E$4:$E$2311,2022,Data!$F$4:$F$2311,11) -> 0 | M82: =SUMIFS(Data!$H$4:$H$2311,Data!$B$4:$B$2311,"UCO",Data!$C$4:$C$2311,"Sri Lanka",Data!$E$4:$E$2311,2022,Data!$F$4:$F$2311,12) -> 0 | N82: =SUM(B82:M82) -> 0.029603673
A83: Sweden | B83: =SUMIFS(Data!$H$4:$H$2311,Data!$B$4:$B$2311,"UCO",Data!$C$4:$C$2311,"Sweden",Data!$E$4:$E$2311,2022,Data!$F$4:$F$2311,1) -> 0 | C83: =SUMIFS(Data!$H$4:$H$2311,Data!$B$4:$B$2311,"UCO",Data!$C$4:$C$2311,"Sweden",Data!$E$4:$E$2311,2022,Data!$F$4:$F$2311,2) -> 0 | D83: =SUMIFS(Data!$H$4:$H$2311,Data!$B$4:$B$2311,"UCO",Data!$C$4:$C$2311,"Sweden",Data!$E$4:$E$2311,2022,Data!$F$4:$F$2311,3) -> 0 | E83: =SUMIFS(Data!$H$4:$H$2311,Data!$B$4:$B$2311,"UCO",Data!$C$4:$C$2311,"Sweden",Data!$E$4:$E$2311,2022,Data!$F$4:$F$2311,4) -> 0 | F83: =SUMIFS(Data!$H$4:$H$2311,Data!$B$4:$B$2311,"UCO",Data!$C$4:$C$2311,"Sweden",Data!$E$4:$E$2311,2022,Data!$F$4:$F$2311,5) -> 0 | G83: =SUMIFS(Data!$H$4:$H$2311,Data!$B$4:$B$2311,"UCO",Data!$C$4:$C$2311,"Sweden",Data!$E$4:$E$2311,2022,Data!$F$4:$F$2311,6) -> 0.0057143818 | H83: =SUMIFS(Data!$H$4:$H$2311,Data!$B$4:$B$2311,"UCO",Data!$C$4:$C$2311,"Sweden",Data!$E$4:$E$2311,2022,Data!$F$4:$F$2311,7) -> 0.014285955 | I83: =SUMIFS(Data!$H$4:$H$2311,Data!$B$4:$B$2311,"UCO",Data!$C$4:$C$2311,"Sweden",Data!$E$4:$E$2311,2022,Data!$F$4:$F$2311,8) -> 0 | J83: =SUMIFS(Data!$H$4:$H$2311,Data!$B$4:$B$2311,"UCO",Data!$C$4:$C$2311,"Sweden",Data!$E$4:$E$2311,2022,Data!$F$4:$F$2311,9) -> 0.0057143818 | K83: =SUMIFS(Data!$H$4:$H$2311,Data!$B$4:$B$2311,"UCO",Data!$C$4:$C$2311,"Sweden",Data!$E$4:$E$2311,2022,Data!$F$4:$F$2311,10) -> 0 | L83: =SUMIFS(Data!$H$4:$H$2311,Data!$B$4:$B$2311,"UCO",Data!$C$4:$C$2311,"Sweden",Data!$E$4:$E$2311,2022,Data!$F$4:$F$2311,11) -> 0 | M83: =SUMIFS(Data!$H$4:$H$2311,Data!$B$4:$B$2311,"UCO",Data!$C$4:$C$2311,"Sweden",Data!$E$4:$E$2311,2022,Data!$F$4:$F$2311,12) -> 0 | N83: =SUM(B83:M83) -> 0.025714718
A84: Spain | B84: =SUMIFS(Data!$H$4:$H$2311,Data!$B$4:$B$2311,"UCO",Data!$C$4:$C$2311,"Spain",Data!$E$4:$E$2311,2022,Data!$F$4:$F$2311,1) -> 0 | C84: =SUMIFS(Data!$H$4:$H$2311,Data!$B$4:$B$2311,"UCO",Data!$C$4:$C$2311,"Spain",Data!$E$4:$E$2311,2022,Data!$F$4:$F$2311,2) -> 0 | D84: =SUMIFS(Data!$H$4:$H$2311,Data!$B$4:$B$2311,"UCO",Data!$C$4:$C$2311,"Spain",Data!$E$4:$E$2311,2022,Data!$F$4:$F$2311,3) -> 0 | E84: =SUMIFS(Data!$H$4:$H$2311,Data!$B$4:$B$2311,"UCO",Data!$C$4:$C$2311,"Spain",Data!$E$4:$E$2311,2022,Data!$F$4:$F$2311,4) -> 0 | F84: =SUMIFS(Data!$H$4:$H$2311,Data!$B$4:$B$2311,"UCO",Data!$C$4:$C$2311,"Spain",Data!$E$4:$E$2311,2022,Data!$F$4:$F$2311,5) -> 0.00088184905 | G84: =SUMIFS(Data!$H$4:$H$2311,Data!$B$4:$B$2311,"UCO",Data!$C$4:$C$2311,"Spain",Data!$E$4:$E$2311,2022,Data!$F$4:$F$2311,6) -> 0.0057320188 | H84: =SUMIFS(Data!$H$4:$H$2311,Data!$B$4:$B$2311,"UCO",Data!$C$4:$C$2311,"Spain",Data!$E$4:$E$2311,2022,Data!$F$4:$F$2311,7) -> 0 | I84: =SUMIFS(Data!$H$4:$H$2311,Data!$B$4:$B$2311,"UCO",Data!$C$4:$C$2311,"Spain",Data!$E$4:$E$2311,2022,Data!$F$4:$F$2311,8) -> 0.0017636981 | J84: =SUMIFS(Data!$H$4:$H$2311,Data!$B$4:$B$2311,"UCO",Data!$C$4:$C$2311,"Spain",Data!$E$4:$E$2311,2022,Data!$F$4:$F$2311,9) -> 0 | K84: =SUMIFS(Data!$H$4:$H$2311,Data!$B$4:$B$2311,"UCO",Data!$C$4:$C$2311,"Spain",Data!$E$4:$E$2311,2022,Data!$F$4:$F$2311,10) -> 0 | L84: =SUMIFS(Data!$H$4:$H$2311,Data!$B$4:$B$2311,"UCO",Data!$C$4:$C$2311,"Spain",Data!$E$4:$E$2311,2022,Data!$F$4:$F$2311,11) -> 0.0026764119 | M84: =SUMIFS(Data!$H$4:$H$2311,Data!$B$4:$B$2311,"UCO",Data!$C$4:$C$2311,"Spain",Data!$E$4:$E$2311,2022,Data!$F$4:$F$2311,12) -> 0.00088184905 | N84: =SUM(B84:M84) -> 0.011935827
A85: Ecuador | B85: =SUMIFS(Data!$H$4:$H$2311,Data!$B$4:$B$2311,"UCO",Data!$C$4:$C$2311,"Ecuador",Data!$E$4:$E$2311,2022,Data!$F$4:$F$2311,1) -> 0 | C85: =SUMIFS(Data!$H$4:$H$2311,Data!$B$4:$B$2311,"UCO",Data!$C$4:$C$2311,"Ecuador",Data!$E$4:$E$2311,2022,Data!$F$4:$F$2311,2) -> 0.0026786165 | D85: =SUMIFS(Data!$H$4:$H$2311,Data!$B$4:$B$2311,"UCO",Data!$C$4:$C$2311,"Ecuador",Data!$E$4:$E$2311,2022,Data!$F$4:$F$2311,3) -> 0 | E85: =SUMIFS(Data!$H$4:$H$2311,Data!$B$4:$B$2311,"UCO",Data!$C$4:$C$2311,"Ecuador",Data!$E$4:$E$2311,2022,Data!$F$4:$F$2311,4) -> 0 | F85: =SUMIFS(Data!$H$4:$H$2311,Data!$B$4:$B$2311,"UCO",Data!$C$4:$C$2311,"Ecuador",Data!$E$4:$E$2311,2022,Data!$F$4:$F$2311,5) -> 0.0026786165 | G85: =SUMIFS(Data!$H$4:$H$2311,Data!$B$4:$B$2311,"UCO",Data!$C$4:$C$2311,"Ecuador",Data!$E$4:$E$2311,2022,Data!$F$4:$F$2311,6) -> 0 | H85: =SUMIFS(Data!$H$4:$H$2311,Data!$B$4:$B$2311,"UCO",Data!$C$4:$C$2311,"Ecuador",Data!$E$4:$E$2311,2022,Data!$F$4:$F$2311,7) -> 0.0026786165 | I85: =SUMIFS(Data!$H$4:$H$2311,Data!$B$4:$B$2311,"UCO",Data!$C$4:$C$2311,"Ecuador",Data!$E$4:$E$2311,2022,Data!$F$4:$F$2311,8) -> 0 | J85: =SUMIFS(Data!$H$4:$H$2311,Data!$B$4:$B$2311,"UCO",Data!$C$4:$C$2311,"Ecuador",Data!$E$4:$E$2311,2022,Data!$F$4:$F$2311,9) -> 0 | K85: =SUMIFS(Data!$H$4:$H$2311,Data!$B$4:$B$2311,"UCO",Data!$C$4:$C$2311,"Ecuador",Data!$E$4:$E$2311,2022,Data!$F$4:$F$2311,10) -> 0.0026786165 | L85: =SUMIFS(Data!$H$4:$H$2311,Data!$B$4:$B$2311,"UCO",Data!$C$4:$C$2311,"Ecuador",Data!$E$4:$E$2311,2022,Data!$F$4:$F$2311,11) -> 0 | M85: =SUMIFS(Data!$H$4:$H$2311,Data!$B$4:$B$2311,"UCO",Data!$C$4:$C$2311,"Ecuador",Data!$E$4:$E$2311,2022,Data!$F$4:$F$2311,12) -> 0 | N85: =SUM(B85:M85) -> 0.010714466
A86: Portugal | B86: =SUMIFS(Data!$H$4:$H$2311,Data!$B$4:$B$2311,"UCO",Data!$C$4:$C$2311,"Portugal",Data!$E$4:$E$2311,2022,Data!$F$4:$F$2311,1) -> 0.0022046226 | C86: =SUMIFS(Data!$H$4:$H$2311,Data!$B$4:$B$2311,"UCO",Data!$C$4:$C$2311,"Portugal",Data!$E$4:$E$2311,2022,Data!$F$4:$F$2311,2) -> 0 | D86: =SUMIFS(Data!$H$4:$H$2311,Data!$B$4:$B$2311,"UCO",Data!$C$4:$C$2311,"Portugal",Data!$E$4:$E$2311,2022,Data!$F$4:$F$2311,3) -> 0 | E86: =SUMIFS(Data!$H$4:$H$2311,Data!$B$4:$B$2311,"UCO",Data!$C$4:$C$2311,"Portugal",Data!$E$4:$E$2311,2022,Data!$F$4:$F$2311,4) -> 0 | F86: =SUMIFS(Data!$H$4:$H$2311,Data!$B$4:$B$2311,"UCO",Data!$C$4:$C$2311,"Portugal",Data!$E$4:$E$2311,2022,Data!$F$4:$F$2311,5) -> 0 | G86: =SUMIFS(Data!$H$4:$H$2311,Data!$B$4:$B$2311,"UCO",Data!$C$4:$C$2311,"Portugal",Data!$E$4:$E$2311,2022,Data!$F$4:$F$2311,6) -> 0 | H86: =SUMIFS(Data!$H$4:$H$2311,Data!$B$4:$B$2311,"UCO",Data!$C$4:$C$2311,"Portugal",Data!$E$4:$E$2311,2022,Data!$F$4:$F$2311,7) -> 0 | I86: =SUMIFS(Data!$H$4:$H$2311,Data!$B$4:$B$2311,"UCO",Data!$C$4:$C$2311,"Portugal",Data!$E$4:$E$2311,2022,Data!$F$4:$F$2311,8) -> 0 | J86: =SUMIFS(Data!$H$4:$H$2311,Data!$B$4:$B$2311,"UCO",Data!$C$4:$C$2311,"Portugal",Data!$E$4:$E$2311,2022,Data!$F$4:$F$2311,9) -> 0 | K86: =SUMIFS(Data!$H$4:$H$2311,Data!$B$4:$B$2311,"UCO",Data!$C$4:$C$2311,"Portugal",Data!$E$4:$E$2311,2022,Data!$F$4:$F$2311,10) -> 0.0044092452 | L86: =SUMIFS(Data!$H$4:$H$2311,Data!$B$4:$B$2311,"UCO",Data!$C$4:$C$2311,"Portugal",Data!$E$4:$E$2311,2022,Data!$F$4:$F$2311,11) -> 0 | M86: =SUMIFS(Data!$H$4:$H$2311,Data!$B$4:$B$2311,"UCO",Data!$C$4:$C$2311,"Portugal",Data!$E$4:$E$2311,2022,Data!$F$4:$F$2311,12) -> 0 | N86: =SUM(B86:M86) -> 0.0066138679
A87: Belgium | B87: =SUMIFS(Data!$H$4:$H$2311,Data!$B$4:$B$2311,"UCO",Data!$C$4:$C$2311,"Belgium",Data!$E$4:$E$2311,2022,Data!$F$4:$F$2311,1) -> 0 | C87: =SUMIFS(Data!$H$4:$H$2311,Data!$B$4:$B$2311,"UCO",Data!$C$4:$C$2311,"Belgium",Data!$E$4:$E$2311,2022,Data!$F$4:$F$2311,2) -> 0 | D87: =SUMIFS(Data!$H$4:$H$2311,Data!$B$4:$B$2311,"UCO",Data!$C$4:$C$2311,"Belgium",Data!$E$4:$E$2311,2022,Data!$F$4:$F$2311,3) -> 0 | E87: =SUMIFS(Data!$H$4:$H$2311,Data!$B$4:$B$2311,"UCO",Data!$C$4:$C$2311,"Belgium",Data!$E$4:$E$2311,2022,Data!$F$4:$F$2311,4) -> 0 | F87: =SUMIFS(Data!$H$4:$H$2311,Data!$B$4:$B$2311,"UCO",Data!$C$4:$C$2311,"Belgium",Data!$E$4:$E$2311,2022,Data!$F$4:$F$2311,5) -> 0.00077602716 | G87: =SUMIFS(Data!$H$4:$H$2311,Data!$B$4:$B$2311,"UCO",Data!$C$4:$C$2311,"Belgium",Data!$E$4:$E$2311,2022,Data!$F$4:$F$2311,6) -> 0 | H87: =SUMIFS(Data!$H$4:$H$2311,Data!$B$4:$B$2311,"UCO",Data!$C$4:$C$2311,"Belgium",Data!$E$4:$E$2311,2022,Data!$F$4:$F$2311,7) -> 0 | I87: =SUMIFS(Data!$H$4:$H$2311,Data!$B$4:$B$2311,"UCO",Data!$C$4:$C$2311,"Belgium",Data!$E$4:$E$2311,2022,Data!$F$4:$F$2311,8) -> 0 | J87: =SUMIFS(Data!$H$4:$H$2311,Data!$B$4:$B$2311,"UCO",Data!$C$4:$C$2311,"Belgium",Data!$E$4:$E$2311,2022,Data!$F$4:$F$2311,9) -> 0 | K87: =SUMIFS(Data!$H$4:$H$2311,Data!$B$4:$B$2311,"UCO",Data!$C$4:$C$2311,"Belgium",Data!$E$4:$E$2311,2022,Data!$F$4:$F$2311,10) -> 0.0007694133 | L87: =SUMIFS(Data!$H$4:$H$2311,Data!$B$4:$B$2311,"UCO",Data!$C$4:$C$2311,"Belgium",Data!$E$4:$E$2311,2022,Data!$F$4:$F$2311,11) -> 0 | M87: =SUMIFS(Data!$H$4:$H$2311,Data!$B$4:$B$2311,"UCO",Data!$C$4:$C$2311,"Belgium",Data!$E$4:$E$2311,2022,Data!$F$4:$F$2311,12) -> 0 | N87: =SUM(B87:M87) -> 0.0015454405
A88: Netherlands | B88: =SUMIFS(Data!$H$4:$H$2311,Data!$B$4:$B$2311,"UCO",Data!$C$4:$C$2311,"Netherlands",Data!$E$4:$E$2311,2022,Data!$F$4:$F$2311,1) -> 0 | C88: =SUMIFS(Data!$H$4:$H$2311,Data!$B$4:$B$2311,"UCO",Data!$C$4:$C$2311,"Netherlands",Data!$E$4:$E$2311,2022,Data!$F$4:$F$2311,2) -> 0 | D88: =SUMIFS(Data!$H$4:$H$2311,Data!$B$4:$B$2311,"UCO",Data!$C$4:$C$2311,"Netherlands",Data!$E$4:$E$2311,2022,Data!$F$4:$F$2311,3) -> 0 | E88: =SUMIFS(Data!$H$4:$H$2311,Data!$B$4:$B$2311,"UCO",Data!$C$4:$C$2311,"Netherlands",Data!$E$4:$E$2311,2022,Data!$F$4:$F$2311,4) -> 0 | F88: =SUMIFS(Data!$H$4:$H$2311,Data!$B$4:$B$2311,"UCO",Data!$C$4:$C$2311,"Netherlands",Data!$E$4:$E$2311,2022,Data!$F$4:$F$2311,5) -> 0 | G88: =SUMIFS(Data!$H$4:$H$2311,Data!$B$4:$B$2311,"UCO",Data!$C$4:$C$2311,"Netherlands",Data!$E$4:$E$2311,2022,Data!$F$4:$F$2311,6) -> 0 | H88: =SUMIFS(Data!$H$4:$H$2311,Data!$B$4:$B$2311,"UCO",Data!$C$4:$C$2311,"Netherlands",Data!$E$4:$E$2311,2022,Data!$F$4:$F$2311,7) -> 0 | I88: =SUMIFS(Data!$H$4:$H$2311,Data!$B$4:$B$2311,"UCO",Data!$C$4:$C$2311,"Netherlands",Data!$E$4:$E$2311,2022,Data!$F$4:$F$2311,8) -> 0 | J88: =SUMIFS(Data!$H$4:$H$2311,Data!$B$4:$B$2311,"UCO",Data!$C$4:$C$2311,"Netherlands",Data!$E$4:$E$2311,2022,Data!$F$4:$F$2311,9) -> 0.00013227736 | K88: =SUMIFS(Data!$H$4:$H$2311,Data!$B$4:$B$2311,"UCO",Data!$C$4:$C$2311,"Netherlands",Data!$E$4:$E$2311,2022,Data!$F$4:$F$2311,10) -> 0 | L88: =SUMIFS(Data!$H$4:$H$2311,Data!$B$4:$B$2311,"UCO",Data!$C$4:$C$2311,"Netherlands",Data!$E$4:$E$2311,2022,Data!$F$4:$F$2311,11) -> 0 | M88: =SUMIFS(Data!$H$4:$H$2311,Data!$B$4:$B$2311,"UCO",Data!$C$4:$C$2311,"Netherlands",Data!$E$4:$E$2311,2022,Data!$F$4:$F$2311,12) -> 0 | N88: =SUM(B88:M88) -> 0.00013227736
A89: Morocco | B89: =SUMIFS(Data!$H$4:$H$2311,Data!$B$4:$B$2311,"UCO",Data!$C$4:$C$2311,"Morocco",Data!$E$4:$E$2311,2022,Data!$F$4:$F$2311,1) -> 0 | C89: =SUMIFS(Data!$H$4:$H$2311,Data!$B$4:$B$2311,"UCO",Data!$C$4:$C$2311,"Morocco",Data!$E$4:$E$2311,2022,Data!$F$4:$F$2311,2) -> 0 | D89: =SUMIFS(Data!$H$4:$H$2311,Data!$B$4:$B$2311,"UCO",Data!$C$4:$C$2311,"Morocco",Data!$E$4:$E$2311,2022,Data!$F$4:$F$2311,3) -> 0 | E89: =SUMIFS(Data!$H$4:$H$2311,Data!$B$4:$B$2311,"UCO",Data!$C$4:$C$2311,"Morocco",Data!$E$4:$E$2311,2022,Data!$F$4:$F$2311,4) -> 1.1023113e-05 | F89: =SUMIFS(Data!$H$4:$H$2311,Data!$B$4:$B$2311,"UCO",Data!$C$4:$C$2311,"Morocco",Data!$E$4:$E$2311,2022,Data!$F$4:$F$2311,5) -> 0 | G89: =SUMIFS(Data!$H$4:$H$2311,Data!$B$4:$B$2311,"UCO",Data!$C$4:$C$2311,"Morocco",Data!$E$4:$E$2311,2022,Data!$F$4:$F$2311,6) -> 0 | H89: =SUMIFS(Data!$H$4:$H$2311,Data!$B$4:$B$2311,"UCO",Data!$C$4:$C$2311,"Morocco",Data!$E$4:$E$2311,2022,Data!$F$4:$F$2311,7) -> 0 | I89: =SUMIFS(Data!$H$4:$H$2311,Data!$B$4:$B$2311,"UCO",Data!$C$4:$C$2311,"Morocco",Data!$E$4:$E$2311,2022,Data!$F$4:$F$2311,8) -> 0 | J89: =SUMIFS(Data!$H$4:$H$2311,Data!$B$4:$B$2311,"UCO",Data!$C$4:$C$2311,"Morocco",Data!$E$4:$E$2311,2022,Data!$F$4:$F$2311,9) -> 0 | K89: =SUMIFS(Data!$H$4:$H$2311,Data!$B$4:$B$2311,"UCO",Data!$C$4:$C$2311,"Morocco",Data!$E$4:$E$2311,2022,Data!$F$4:$F$2311,10) -> 0 | L89: =SUMIFS(Data!$H$4:$H$2311,Data!$B$4:$B$2311,"UCO",Data!$C$4:$C$2311,"Morocco",Data!$E$4:$E$2311,2022,Data!$F$4:$F$2311,11) -> 0 | M89: =SUMIFS(Data!$H$4:$H$2311,Data!$B$4:$B$2311,"UCO",Data!$C$4:$C$2311,"Morocco",Data!$E$4:$E$2311,2022,Data!$F$4:$F$2311,12) -> 0 | N89: =SUM(B89:M89) -> 1.1023113e-05
B91: Jan-23 | C91: Feb-23 | D91: Mar-23 | E91: Apr-23 | F91: May-23 | G91: Jun-23 | H91: Jul-23 | I91: Aug-23 | J91: Sep-23 | K91: Oct-23 | L91: Nov-23 | M91: Dec-23 | N91: Total
A92: World Total | B92: =SUM(B93:B137) -> 140.08276 | C92: =SUM(C93:C137) -> 204.01455 | D92: =SUM(D93:D137) -> 226.36359 | E92: =SUM(E93:E137) -> 136.87119 | F92: =SUM(F93:F137) -> 272.9667 | G92: =SUM(G93:G137) -> 205.2553 | H92: =SUM(H93:H137) -> 122.48136 | I92: =SUM(I93:I137) -> 286.87084 | ... M92: =SUM(M93:M137) -> 392.99265 | N92: =SUM(B92:M92) -> 3026.3832
A93: China | B93: =SUMIFS(Data!$H$4:$H$2311,Data!$B$4:$B$2311,"UCO",Data!$C$4:$C$2311,"China",Data!$E$4:$E$2311,2023,Data!$F$4:$F$2311,1) -> 83.179005 | C93: =SUMIFS(Data!$H$4:$H$2311,Data!$B$4:$B$2311,"UCO",Data!$C$4:$C$2311,"China",Data!$E$4:$E$2311,2023,Data!$F$4:$F$2311,2) -> 90.262288 | D93: =SUMIFS(Data!$H$4:$H$2311,Data!$B$4:$B$2311,"UCO",Data!$C$4:$C$2311,"China",Data!$E$4:$E$2311,2023,Data!$F$4:$F$2311,3) -> 114.17245 | E93: =SUMIFS(Data!$H$4:$H$2311,Data!$B$4:$B$2311,"UCO",Data!$C$4:$C$2311,"China",Data!$E$4:$E$2311,2023,Data!$F$4:$F$2311,4) -> 0 | F93: =SUMIFS(Data!$H$4:$H$2311,Data!$B$4:$B$2311,"UCO",Data!$C$4:$C$2311,"China",Data!$E$4:$E$2311,2023,Data!$F$4:$F$2311,5) -> 137.6484 | G93: =SUMIFS(Data!$H$4:$H$2311,Data!$B$4:$B$2311,"UCO",Data!$C$4:$C$2311,"China",Data!$E$4:$E$2311,2023,Data!$F$4:$F$2311,6) -> 70.602834 | H93: =SUMIFS(Data!$H$4:$H$2311,Data!$B$4:$B$2311,"UCO",Data!$C$4:$C$2311,"China",Data!$E$4:$E$2311,2023,Data!$F$4:$F$2311,7) -> 59.040742 | I93: =SUMIFS(Data!$H$4:$H$2311,Data!$B$4:$B$2311,"UCO",Data!$C$4:$C$2311,"China",Data!$E$4:$E$2311,2023,Data!$F$4:$F$2311,8) -> 167.70303 | J93: =SUMIFS(Data!$H$4:$H$2311,Data!$B$4:$B$2311,"UCO",Data!$C$4:$C$2311,"China",Data!$E$4:$E$2311,2023,Data!$F$4:$F$2311,9) -> 218.82133 | K93: =SUMIFS(Data!$H$4:$H$2311,Data!$B$4:$B$2311,"UCO",Data!$C$4:$C$2311,"China",Data!$E$4:$E$2311,2023,Data!$F$4:$F$2311,10) -> 175.16146 | L93: =SUMIFS(Data!$H$4:$H$2311,Data!$B$4:$B$2311,"UCO",Data!$C$4:$C$2311,"China",Data!$E$4:$E$2311,2023,Data!$F$4:$F$2311,11) -> 144.81038 | M93: =SUMIFS(Data!$H$4:$H$2311,Data!$B$4:$B$2311,"UCO",Data!$C$4:$C$2311,"China",Data!$E$4:$E$2311,2023,Data!$F$4:$F$2311,12) -> 254.50413 | N93: =SUM(B93:M93) -> 1515.906
A94: Canada | B94: =SUMIFS(Data!$H$4:$H$2311,Data!$B$4:$B$2311,"UCO",Data!$C$4:$C$2311,"Canada",Data!$E$4:$E$2311,2023,Data!$F$4:$F$2311,1) -> 43.617451 | C94: =SUMIFS(Data!$H$4:$H$2311,Data!$B$4:$B$2311,"UCO",Data!$C$4:$C$2311,"Canada",Data!$E$4:$E$2311,2023,Data!$F$4:$F$2311,2) -> 32.396877 | D94: =SUMIFS(Data!$H$4:$H$2311,Data!$B$4:$B$2311,"UCO",Data!$C$4:$C$2311,"Canada",Data!$E$4:$E$2311,2023,Data!$F$4:$F$2311,3) -> 47.873967 | E94: =SUMIFS(Data!$H$4:$H$2311,Data!$B$4:$B$2311,"UCO",Data!$C$4:$C$2311,"Canada",Data!$E$4:$E$2311,2023,Data!$F$4:$F$2311,4) -> 44.006743 | F94: =SUMIFS(Data!$H$4:$H$2311,Data!$B$4:$B$2311,"UCO",Data!$C$4:$C$2311,"Canada",Data!$E$4:$E$2311,2023,Data!$F$4:$F$2311,5) -> 81.69101 | G94: =SUMIFS(Data!$H$4:$H$2311,Data!$B$4:$B$2311,"UCO",Data!$C$4:$C$2311,"Canada",Data!$E$4:$E$2311,2023,Data!$F$4:$F$2311,6) -> 42.451219 | H94: =SUMIFS(Data!$H$4:$H$2311,Data!$B$4:$B$2311,"UCO",Data!$C$4:$C$2311,"Canada",Data!$E$4:$E$2311,2023,Data!$F$4:$F$2311,7) -> 35.482777 | I94: =SUMIFS(Data!$H$4:$H$2311,Data!$B$4:$B$2311,"UCO",Data!$C$4:$C$2311,"Canada",Data!$E$4:$E$2311,2023,Data!$F$4:$F$2311,8) -> 53.938798 | J94: =SUMIFS(Data!$H$4:$H$2311,Data!$B$4:$B$2311,"UCO",Data!$C$4:$C$2311,"Canada",Data!$E$4:$E$2311,2023,Data!$F$4:$F$2311,9) -> 38.764552 | K94: =SUMIFS(Data!$H$4:$H$2311,Data!$B$4:$B$2311,"UCO",Data!$C$4:$C$2311,"Canada",Data!$E$4:$E$2311,2023,Data!$F$4:$F$2311,10) -> 69.613587 | L94: =SUMIFS(Data!$H$4:$H$2311,Data!$B$4:$B$2311,"UCO",Data!$C$4:$C$2311,"Canada",Data!$E$4:$E$2311,2023,Data!$F$4:$F$2311,11) -> 57.249532 | M94: =SUMIFS(Data!$H$4:$H$2311,Data!$B$4:$B$2311,"UCO",Data!$C$4:$C$2311,"Canada",Data!$E$4:$E$2311,2023,Data!$F$4:$F$2311,12) -> 44.469322 | N94: =SUM(B94:M94) -> 591.55583
A95: Australia | B95: =SUMIFS(Data!$H$4:$H$2311,Data!$B$4:$B$2311,"UCO",Data!$C$4:$C$2311,"Australia",Data!$E$4:$E$2311,2023,Data!$F$4:$F$2311,1) -> 0 | C95: =SUMIFS(Data!$H$4:$H$2311,Data!$B$4:$B$2311,"UCO",Data!$C$4:$C$2311,"Australia",Data!$E$4:$E$2311,2023,Data!$F$4:$F$2311,2) -> 15.847039 | D95: =SUMIFS(Data!$H$4:$H$2311,Data!$B$4:$B$2311,"UCO",Data!$C$4:$C$2311,"Australia",Data!$E$4:$E$2311,2023,Data!$F$4:$F$2311,3) -> 16.818612 | E95: =SUMIFS(Data!$H$4:$H$2311,Data!$B$4:$B$2311,"UCO",Data!$C$4:$C$2311,"Australia",Data!$E$4:$E$2311,2023,Data!$F$4:$F$2311,4) -> 46.974229 | F95: =SUMIFS(Data!$H$4:$H$2311,Data!$B$4:$B$2311,"UCO",Data!$C$4:$C$2311,"Australia",Data!$E$4:$E$2311,2023,Data!$F$4:$F$2311,5) -> 4.7405273 | G95: =SUMIFS(Data!$H$4:$H$2311,Data!$B$4:$B$2311,"UCO",Data!$C$4:$C$2311,"Australia",Data!$E$4:$E$2311,2023,Data!$F$4:$F$2311,6) -> 10.152031 | H95: =SUMIFS(Data!$H$4:$H$2311,Data!$B$4:$B$2311,"UCO",Data!$C$4:$C$2311,"Australia",Data!$E$4:$E$2311,2023,Data!$F$4:$F$2311,7) -> 0 | I95: =SUMIFS(Data!$H$4:$H$2311,Data!$B$4:$B$2311,"UCO",Data!$C$4:$C$2311,"Australia",Data!$E$4:$E$2311,2023,Data!$F$4:$F$2311,8) -> 0 | J95: =SUMIFS(Data!$H$4:$H$2311,Data!$B$4:$B$2311,"UCO",Data!$C$4:$C$2311,"Australia",Data!$E$4:$E$2311,2023,Data!$F$4:$F$2311,9) -> 48.188478 | K95: =SUMIFS(Data!$H$4:$H$2311,Data!$B$4:$B$2311,"UCO",Data!$C$4:$C$2311,"Australia",Data!$E$4:$E$2311,2023,Data!$F$4:$F$2311,10) -> 33.494108 | L95: =SUMIFS(Data!$H$4:$H$2311,Data!$B$4:$B$2311,"UCO",Data!$C$4:$C$2311,"Australia",Data!$E$4:$E$2311,2023,Data!$F$4:$F$2311,11) -> 0 | M95: =SUMIFS(Data!$H$4:$H$2311,Data!$B$4:$B$2311,"UCO",Data!$C$4:$C$2311,"Australia",Data!$E$4:$E$2311,2023,Data!$F$4:$F$2311,12) -> 28.009971 | N95: =SUM(B95:M95) -> 204.225
A96: Chile | B96: =SUMIFS(Data!$H$4:$H$2311,Data!$B$4:$B$2311,"UCO",Data!$C$4:$C$2311,"Chile",Data!$E$4:$E$2311,2023,Data!$F$4:$F$2311,1) -> 0.56795488 | C96: =SUMIFS(Data!$H$4:$H$2311,Data!$B$4:$B$2311,"UCO",Data!$C$4:$C$2311,"Chile",Data!$E$4:$E$2311,2023,Data!$F$4:$F$2311,2) -> 21.525951 | D96: =SUMIFS(Data!$H$4:$H$2311,Data!$B$4:$B$2311,"UCO",Data!$C$4:$C$2311,"Chile",Data!$E$4:$E$2311,2023,Data!$F$4:$F$2311,3) -> 15.938209 | E96: =SUMIFS(Data!$H$4:$H$2311,Data!$B$4:$B$2311,"UCO",Data!$C$4:$C$2311,"Chile",Data!$E$4:$E$2311,2023,Data!$F$4:$F$2311,4) -> 25.222212 | F96: =SUMIFS(Data!$H$4:$H$2311,Data!$B$4:$B$2311,"UCO",Data!$C$4:$C$2311,"Chile",Data!$E$4:$E$2311,2023,Data!$F$4:$F$2311,5) -> 16.135256 | G96: =SUMIFS(Data!$H$4:$H$2311,Data!$B$4:$B$2311,"UCO",Data!$C$4:$C$2311,"Chile",Data!$E$4:$E$2311,2023,Data!$F$4:$F$2311,6) -> 6.3319363 | H96: =SUMIFS(Data!$H$4:$H$2311,Data!$B$4:$B$2311,"UCO",Data!$C$4:$C$2311,"Chile",Data!$E$4:$E$2311,2023,Data!$F$4:$F$2311,7) -> 15.767983 | I96: =SUMIFS(Data!$H$4:$H$2311,Data!$B$4:$B$2311,"UCO",Data!$C$4:$C$2311,"Chile",Data!$E$4:$E$2311,2023,Data!$F$4:$F$2311,8) -> 13.097423 | J96: =SUMIFS(Data!$H$4:$H$2311,Data!$B$4:$B$2311,"UCO",Data!$C$4:$C$2311,"Chile",Data!$E$4:$E$2311,2023,Data!$F$4:$F$2311,9) -> 1.1043396 | K96: =SUMIFS(Data!$H$4:$H$2311,Data!$B$4:$B$2311,"UCO",Data!$C$4:$C$2311,"Chile",Data!$E$4:$E$2311,2023,Data!$F$4:$F$2311,10) -> 31.270125 | L96: =SUMIFS(Data!$H$4:$H$2311,Data!$B$4:$B$2311,"UCO",Data!$C$4:$C$2311,"Chile",Data!$E$4:$E$2311,2023,Data!$F$4:$F$2311,11) -> 31.76075 | M96: =SUMIFS(Data!$H$4:$H$2311,Data!$B$4:$B$2311,"UCO",Data!$C$4:$C$2311,"Chile",Data!$E$4:$E$2311,2023,Data!$F$4:$F$2311,12) -> 11.358297 | N96: =SUM(B96:M96) -> 190.08044
A97: New Zealand | B97: =SUMIFS(Data!$H$4:$H$2311,Data!$B$4:$B$2311,"UCO",Data!$C$4:$C$2311,"New Zealand",Data!$E$4:$E$2311,2023,Data!$F$4:$F$2311,1) -> 0 | C97: =SUMIFS(Data!$H$4:$H$2311,Data!$B$4:$B$2311,"UCO",Data!$C$4:$C$2311,"New Zealand",Data!$E$4:$E$2311,2023,Data!$F$4:$F$2311,2) -> 22.893884 | D97: =SUMIFS(Data!$H$4:$H$2311,Data!$B$4:$B$2311,"UCO",Data!$C$4:$C$2311,"New Zealand",Data!$E$4:$E$2311,2023,Data!$F$4:$F$2311,3) -> 25.880116 | E97: =SUMIFS(Data!$H$4:$H$2311,Data!$B$4:$B$2311,"UCO",Data!$C$4:$C$2311,"New Zealand",Data!$E$4:$E$2311,2023,Data!$F$4:$F$2311,4) -> 6.6140773 | F97: =SUMIFS(Data!$H$4:$H$2311,Data!$B$4:$B$2311,"UCO",Data!$C$4:$C$2311,"New Zealand",Data!$E$4:$E$2311,2023,Data!$F$4:$F$2311,5) -> 15.170681 | G97: =SUMIFS(Data!$H$4:$H$2311,Data!$B$4:$B$2311,"UCO",Data!$C$4:$C$2311,"New Zealand",Data!$E$4:$E$2311,2023,Data!$F$4:$F$2311,6) -> 38.465863 | H97: =SUMIFS(Data!$H$4:$H$2311,Data!$B$4:$B$2311,"UCO",Data!$C$4:$C$2311,"New Zealand",Data!$E$4:$E$2311,2023,Data!$F$4:$F$2311,7) -> 0 | I97: =SUMIFS(Data!$H$4:$H$2311,Data!$B$4:$B$2311,"UCO",Data!$C$4:$C$2311,"New Zealand",Data!$E$4:$E$2311,2023,Data!$F$4:$F$2311,8) -> 0 | J97: =SUMIFS(Data!$H$4:$H$2311,Data!$B$4:$B$2311,"UCO",Data!$C$4:$C$2311,"New Zealand",Data!$E$4:$E$2311,2023,Data!$F$4:$F$2311,9) -> 10.171602 | K97: =SUMIFS(Data!$H$4:$H$2311,Data!$B$4:$B$2311,"UCO",Data!$C$4:$C$2311,"New Zealand",Data!$E$4:$E$2311,2023,Data!$F$4:$F$2311,10) -> 41.8002 | L97: =SUMIFS(Data!$H$4:$H$2311,Data!$B$4:$B$2311,"UCO",Data!$C$4:$C$2311,"New Zealand",Data!$E$4:$E$2311,2023,Data!$F$4:$F$2311,11) -> 0 | M97: =SUMIFS(Data!$H$4:$H$2311,Data!$B$4:$B$2311,"UCO",Data!$C$4:$C$2311,"New Zealand",Data!$E$4:$E$2311,2023,Data!$F$4:$F$2311,12) -> 0 | N97: =SUM(B97:M97) -> 160.99642
A98: Colombia | B98: =SUMIFS(Data!$H$4:$H$2311,Data!$B$4:$B$2311,"UCO",Data!$C$4:$C$2311,"Colombia",Data!$E$4:$E$2311,2023,Data!$F$4:$F$2311,1) -> 5.6998269 | C98: =SUMIFS(Data!$H$4:$H$2311,Data!$B$4:$B$2311,"UCO",Data!$C$4:$C$2311,"Colombia",Data!$E$4:$E$2311,2023,Data!$F$4:$F$2311,2) -> 10.952801 | D98: =SUMIFS(Data!$H$4:$H$2311,Data!$B$4:$B$2311,"UCO",Data!$C$4:$C$2311,"Colombia",Data!$E$4:$E$2311,2023,Data!$F$4:$F$2311,3) -> 0 | E98: =SUMIFS(Data!$H$4:$H$2311,Data!$B$4:$B$2311,"UCO",Data!$C$4:$C$2311,"Colombia",Data!$E$4:$E$2311,2023,Data!$F$4:$F$2311,4) -> 0 | F98: =SUMIFS(Data!$H$4:$H$2311,Data!$B$4:$B$2311,"UCO",Data!$C$4:$C$2311,"Colombia",Data!$E$4:$E$2311,2023,Data!$F$4:$F$2311,5) -> 11.960876 | G98: =SUMIFS(Data!$H$4:$H$2311,Data!$B$4:$B$2311,"UCO",Data!$C$4:$C$2311,"Colombia",Data!$E$4:$E$2311,2023,Data!$F$4:$F$2311,6) -> 12.7707 | H98: =SUMIFS(Data!$H$4:$H$2311,Data!$B$4:$B$2311,"UCO",Data!$C$4:$C$2311,"Colombia",Data!$E$4:$E$2311,2023,Data!$F$4:$F$2311,7) -> 2.8248469 | I98: =SUMIFS(Data!$H$4:$H$2311,Data!$B$4:$B$2311,"UCO",Data!$C$4:$C$2311,"Colombia",Data!$E$4:$E$2311,2023,Data!$F$4:$F$2311,8) -> 15.148061 | J98: =SUMIFS(Data!$H$4:$H$2311,Data!$B$4:$B$2311,"UCO",Data!$C$4:$C$2311,"Colombia",Data!$E$4:$E$2311,2023,Data!$F$4:$F$2311,9) -> 14.000778 | K98: =SUMIFS(Data!$H$4:$H$2311,Data!$B$4:$B$2311,"UCO",Data!$C$4:$C$2311,"Colombia",Data!$E$4:$E$2311,2023,Data!$F$4:$F$2311,10) -> 2.9505898 | L98: =SUMIFS(Data!$H$4:$H$2311,Data!$B$4:$B$2311,"UCO",Data!$C$4:$C$2311,"Colombia",Data!$E$4:$E$2311,2023,Data!$F$4:$F$2311,11) -> 1.8817336 | M98: =SUMIFS(Data!$H$4:$H$2311,Data!$B$4:$B$2311,"UCO",Data!$C$4:$C$2311,"Colombia",Data!$E$4:$E$2311,2023,Data!$F$4:$F$2311,12) -> 0.45110988 | N98: =SUM(B98:M98) -> 78.641323
A99: Mexico | B99: =SUMIFS(Data!$H$4:$H$2311,Data!$B$4:$B$2311,"UCO",Data!$C$4:$C$2311,"Mexico",Data!$E$4:$E$2311,2023,Data!$F$4:$F$2311,1) -> 4.7217946 | C99: =SUMIFS(Data!$H$4:$H$2311,Data!$B$4:$B$2311,"UCO",Data!$C$4:$C$2311,"Mexico",Data!$E$4:$E$2311,2023,Data!$F$4:$F$2311,2) -> 1.139263 | D99: =SUMIFS(Data!$H$4:$H$2311,Data!$B$4:$B$2311,"UCO",Data!$C$4:$C$2311,"Mexico",Data!$E$4:$E$2311,2023,Data!$F$4:$F$2311,3) -> 5.1972038 | E99: =SUMIFS(Data!$H$4:$H$2311,Data!$B$4:$B$2311,"UCO",Data!$C$4:$C$2311,"Mexico",Data!$E$4:$E$2311,2023,Data!$F$4:$F$2311,4) -> 2.4345229 | F99: =SUMIFS(Data!$H$4:$H$2311,Data!$B$4:$B$2311,"UCO",Data!$C$4:$C$2311,"Mexico",Data!$E$4:$E$2311,2023,Data!$F$4:$F$2311,5) -> 3.720832 | G99: =SUMIFS(Data!$H$4:$H$2311,Data!$B$4:$B$2311,"UCO",Data!$C$4:$C$2311,"Mexico",Data!$E$4:$E$2311,2023,Data!$F$4:$F$2311,6) -> 1.3358316 | H99: =SUMIFS(Data!$H$4:$H$2311,Data!$B$4:$B$2311,"UCO",Data!$C$4:$C$2311,"Mexico",Data!$E$4:$E$2311,2023,Data!$F$4:$F$2311,7) -> 5.9401793 | I99: =SUMIFS(Data!$H$4:$H$2311,Data!$B$4:$B$2311,"UCO",Data!$C$4:$C$2311,"Mexico",Data!$E$4:$E$2311,2023,Data!$F$4:$F$2311,8) -> 5.3213417 | J99: =SUMIFS(Data!$H$4:$H$2311,Data!$B$4:$B$2311,"UCO",Data!$C$4:$C$2311,"Mexico",Data!$E$4:$E$2311,2023,Data!$F$4:$F$2311,9) -> 5.8490556 | K99: =SUMIFS(Data!$H$4:$H$2311,Data!$B$4:$B$2311,"UCO",Data!$C$4:$C$2311,"Mexico",Data!$E$4:$E$2311,2023,Data!$F$4:$F$2311,10) -> 6.3265394 | L99: =SUMIFS(Data!$H$4:$H$2311,Data!$B$4:$B$2311,"UCO",Data!$C$4:$C$2311,"Mexico",Data!$E$4:$E$2311,2023,Data!$F$4:$F$2311,11) -> 2.1832444 | M99: =SUMIFS(Data!$H$4:$H$2311,Data!$B$4:$B$2311,"UCO",Data!$C$4:$C$2311,"Mexico",Data!$E$4:$E$2311,2023,Data!$F$4:$F$2311,12) -> 2.5835157 | N99: =SUM(B99:M99) -> 46.753324
A100: Germany | B100: =SUMIFS(Data!$H$4:$H$2311,Data!$B$4:$B$2311,"UCO",Data!$C$4:$C$2311,"Germany",Data!$E$4:$E$2311,2023,Data!$F$4:$F$2311,1) -> 0.074965988 | C100: =SUMIFS(Data!$H$4:$H$2311,Data!$B$4:$B$2311,"UCO",Data!$C$4:$C$2311,"Germany",Data!$E$4:$E$2311,2023,Data!$F$4:$F$2311,2) -> 0.09177844 | D100: =SUMIFS(Data!$H$4:$H$2311,Data!$B$4:$B$2311,"UCO",Data!$C$4:$C$2311,"Germany",Data!$E$4:$E$2311,2023,Data!$F$4:$F$2311,3) -> 0.046738 | E100: =SUMIFS(Data!$H$4:$H$2311,Data!$B$4:$B$2311,"UCO",Data!$C$4:$C$2311,"Germany",Data!$E$4:$E$2311,2023,Data!$F$4:$F$2311,4) -> 0.023031693 | F100: =SUMIFS(Data!$H$4:$H$2311,Data!$B$4:$B$2311,"UCO",Data!$C$4:$C$2311,"Germany",Data!$E$4:$E$2311,2023,Data!$F$4:$F$2311,5) -> 0.0082937903 | G100: =SUMIFS(Data!$H$4:$H$2311,Data!$B$4:$B$2311,"UCO",Data!$C$4:$C$2311,"Germany",Data!$E$4:$E$2311,2023,Data!$F$4:$F$2311,6) -> 3.1406591 | H100: =SUMIFS(Data!$H$4:$H$2311,Data!$B$4:$B$2311,"UCO",Data!$C$4:$C$2311,"Germany",Data!$E$4:$E$2311,2023,Data!$F$4:$F$2311,7) -> 0.002050299 | I100: =SUMIFS(Data!$H$4:$H$2311,Data!$B$4:$B$2311,"UCO",Data!$C$4:$C$2311,"Germany",Data!$E$4:$E$2311,2023,Data!$F$4:$F$2311,8) -> 3.6767153 | J100: =SUMIFS(Data!$H$4:$H$2311,Data!$B$4:$B$2311,"UCO",Data!$C$4:$C$2311,"Germany",Data!$E$4:$E$2311,2023,Data!$F$4:$F$2311,9) -> 11.179461 | K100: =SUMIFS(Data!$H$4:$H$2311,Data!$B$4:$B$2311,"UCO",Data!$C$4:$C$2311,"Germany",Data!$E$4:$E$2311,2023,Data!$F$4:$F$2311,10) -> 6.2267053 | L100: =SUMIFS(Data!$H$4:$H$2311,Data!$B$4:$B$2311,"UCO",Data!$C$4:$C$2311,"Germany",Data!$E$4:$E$2311,2023,Data!$F$4:$F$2311,11) -> 0.006741736 | M100: =SUMIFS(Data!$H$4:$H$2311,Data!$B$4:$B$2311,"UCO",Data!$C$4:$C$2311,"Germany",Data!$E$4:$E$2311,2023,Data!$F$4:$F$2311,12) -> 10.357061 | N100: =SUM(B100:M100) -> 34.834201
A101: Netherlands | B101: =SUMIFS(Data!$H$4:$H$2311,Data!$B$4:$B$2311,"UCO",Data!$C$4:$C$2311,"Netherlands",Data!$E$4:$E$2311,2023,Data!$F$4:$F$2311,1) -> 0 | C101: =SUMIFS(Data!$H$4:$H$2311,Data!$B$4:$B$2311,"UCO",Data!$C$4:$C$2311,"Netherlands",Data!$E$4:$E$2311,2023,Data!$F$4:$F$2311,2) -> 0 | D101: =SUMIFS(Data!$H$4:$H$2311,Data!$B$4:$B$2311,"UCO",Data!$C$4:$C$2311,"Netherlands",Data!$E$4:$E$2311,2023,Data!$F$4:$F$2311,3) -> 0 | E101: =SUMIFS(Data!$H$4:$H$2311,Data!$B$4:$B$2311,"UCO",Data!$C$4:$C$2311,"Netherlands",Data!$E$4:$E$2311,2023,Data!$F$4:$F$2311,4) -> 0 | F101: =SUMIFS(Data!$H$4:$H$2311,Data!$B$4:$B$2311,"UCO",Data!$C$4:$C$2311,"Netherlands",Data!$E$4:$E$2311,2023,Data!$F$4:$F$2311,5) -> 0 | G101: =SUMIFS(Data!$H$4:$H$2311,Data!$B$4:$B$2311,"UCO",Data!$C$4:$C$2311,"Netherlands",Data!$E$4:$E$2311,2023,Data!$F$4:$F$2311,6) -> 4.844958 | H101: =SUMIFS(Data!$H$4:$H$2311,Data!$B$4:$B$2311,"UCO",Data!$C$4:$C$2311,"Netherlands",Data!$E$4:$E$2311,2023,Data!$F$4:$F$2311,7) -> 0 | I101: =SUMIFS(Data!$H$4:$H$2311,Data!$B$4:$B$2311,"UCO",Data!$C$4:$C$2311,"Netherlands",Data!$E$4:$E$2311,2023,Data!$F$4:$F$2311,8) -> 3.9914252 | J101: =SUMIFS(Data!$H$4:$H$2311,Data!$B$4:$B$2311,"UCO",Data!$C$4:$C$2311,"Netherlands",Data!$E$4:$E$2311,2023,Data!$F$4:$F$2311,9) -> 11.65532 | K101: =SUMIFS(Data!$H$4:$H$2311,Data!$B$4:$B$2311,"UCO",Data!$C$4:$C$2311,"Netherlands",Data!$E$4:$E$2311,2023,Data!$F$4:$F$2311,10) -> 4.976552 | L101: =SUMIFS(Data!$H$4:$H$2311,Data!$B$4:$B$2311,"UCO",Data!$C$4:$C$2311,"Netherlands",Data!$E$4:$E$2311,2023,Data!$F$4:$F$2311,11) -> 0 | M101: =SUMIFS(Data!$H$4:$H$2311,Data!$B$4:$B$2311,"UCO",Data!$C$4:$C$2311,"Netherlands",Data!$E$4:$E$2311,2023,Data!$F$4:$F$2311,12) -> 8.54353 | N101: =SUM(B101:M101) -> 34.011785
A102: Indonesia | B102: =SUMIFS(Data!$H$4:$H$2311,Data!$B$4:$B$2311,"UCO",Data!$C$4:$C$2311,"Indonesia",Data!$E$4:$E$2311,2023,Data!$F$4:$F$2311,1) -> 0 | C102: =SUMIFS(Data!$H$4:$H$2311,Data!$B$4:$B$2311,"UCO",Data!$C$4:$C$2311,"Indonesia",Data!$E$4:$E$2311,2023,Data!$F$4:$F$2311,2) -> 0 | D102: =SUMIFS(Data!$H$4:$H$2311,Data!$B$4:$B$2311,"UCO",Data!$C$4:$C$2311,"Indonesia",Data!$E$4:$E$2311,2023,Data!$F$4:$F$2311,3) -> 0 | E102: =SUMIFS(Data!$H$4:$H$2311,Data!$B$4:$B$2311,"UCO",Data!$C$4:$C$2311,"Indonesia",Data!$E$4:$E$2311,2023,Data!$F$4:$F$2311,4) -> 10.893404 | F102: =SUMIFS(Data!$H$4:$H$2311,Data!$B$4:$B$2311,"UCO",Data!$C$4:$C$2311,"Indonesia",Data!$E$4:$E$2311,2023,Data!$F$4:$F$2311,5) -> 0 | G102: =SUMIFS(Data!$H$4:$H$2311,Data!$B$4:$B$2311,"UCO",Data!$C$4:$C$2311,"Indonesia",Data!$E$4:$E$2311,2023,Data!$F$4:$F$2311,6) -> 0 | H102: =SUMIFS(Data!$H$4:$H$2311,Data!$B$4:$B$2311,"UCO",Data!$C$4:$C$2311,"Indonesia",Data!$E$4:$E$2311,2023,Data!$F$4:$F$2311,7) -> 1.1255304 | I102: =SUMIFS(Data!$H$4:$H$2311,Data!$B$4:$B$2311,"UCO",Data!$C$4:$C$2311,"Indonesia",Data!$E$4:$E$2311,2023,Data!$F$4:$F$2311,8) -> 7.7160822 | J102: =SUMIFS(Data!$H$4:$H$2311,Data!$B$4:$B$2311,"UCO",Data!$C$4:$C$2311,"Indonesia",Data!$E$4:$E$2311,2023,Data!$F$4:$F$2311,9) -> 0 | K102: =SUMIFS(Data!$H$4:$H$2311,Data!$B$4:$B$2311,"UCO",Data!$C$4:$C$2311,"Indonesia",Data!$E$4:$E$2311,2023,Data!$F$4:$F$2311,10) -> 1.3027336 | L102: =SUMIFS(Data!$H$4:$H$2311,Data!$B$4:$B$2311,"UCO",Data!$C$4:$C$2311,"Indonesia",Data!$E$4:$E$2311,2023,Data!$F$4:$F$2311,11) -> 0.43496102 | M102: =SUMIFS(Data!$H$4:$H$2311,Data!$B$4:$B$2311,"UCO",Data!$C$4:$C$2311,"Indonesia",Data!$E$4:$E$2311,2023,Data!$F$4:$F$2311,12) -> 5.9272624 | N102: =SUM(B102:M102) -> 27.399974
A103: Malaysia | B103: =SUMIFS(Data!$H$4:$H$2311,Data!$B$4:$B$2311,"UCO",Data!$C$4:$C$2311,"Malaysia",Data!$E$4:$E$2311,2023,Data!$F$4:$F$2311,1) -> 0 | C103: =SUMIFS(Data!$H$4:$H$2311,Data!$B$4:$B$2311,"UCO",Data!$C$4:$C$2311,"Malaysia",Data!$E$4:$E$2311,2023,Data!$F$4:$F$2311,2) -> 0 | D103: =SUMIFS(Data!$H$4:$H$2311,Data!$B$4:$B$2311,"UCO",Data!$C$4:$C$2311,"Malaysia",Data!$E$4:$E$2311,2023,Data!$F$4:$F$2311,3) -> 0 | E103: =SUMIFS(Data!$H$4:$H$2311,Data!$B$4:$B$2311,"UCO",Data!$C$4:$C$2311,"Malaysia",Data!$E$4:$E$2311,2023,Data!$F$4:$F$2311,4) -> 0 | F103: =SUMIFS(Data!$H$4:$H$2311,Data!$B$4:$B$2311,"UCO",Data!$C$4:$C$2311,"Malaysia",Data!$E$4:$E$2311,2023,Data!$F$4:$F$2311,5) -> 0 | G103: =SUMIFS(Data!$H$4:$H$2311,Data!$B$4:$B$2311,"UCO",Data!$C$4:$C$2311,"Malaysia",Data!$E$4:$E$2311,2023,Data!$F$4:$F$2311,6) -> 0 | H103: =SUMIFS(Data!$H$4:$H$2311,Data!$B$4:$B$2311,"UCO",Data!$C$4:$C$2311,"Malaysia",Data!$E$4:$E$2311,2023,Data!$F$4:$F$2311,7) -> 0.33611236 | I103: =SUMIFS(Data!$H$4:$H$2311,Data!$B$4:$B$2311,"UCO",Data!$C$4:$C$2311,"Malaysia",Data!$E$4:$E$2311,2023,Data!$F$4:$F$2311,8) -> 0 | J103: =SUMIFS(Data!$H$4:$H$2311,Data!$B$4:$B$2311,"UCO",Data!$C$4:$C$2311,"Malaysia",Data!$E$4:$E$2311,2023,Data!$F$4:$F$2311,9) -> 0 | K103: =SUMIFS(Data!$H$4:$H$2311,Data!$B$4:$B$2311,"UCO",Data!$C$4:$C$2311,"Malaysia",Data!$E$4:$E$2311,2023,Data!$F$4:$F$2311,10) -> 10.709678 | L103: =SUMIFS(Data!$H$4:$H$2311,Data!$B$4:$B$2311,"UCO",Data!$C$4:$C$2311,"Malaysia",Data!$E$4:$E$2311,2023,Data!$F$4:$F$2311,11) -> 0 | M103: =SUMIFS(Data!$H$4:$H$2311,Data!$B$4:$B$2311,"UCO",Data!$C$4:$C$2311,"Malaysia",Data!$E$4:$E$2311,2023,Data!$F$4:$F$2311,12) -> 15.391919 | N103: =SUM(B103:M103) -> 26.437709
A104: United Kingdom | B104: =SUMIFS(Data!$H$4:$H$2311,Data!$B$4:$B$2311,"UCO",Data!$C$4:$C$2311,"United Kingdom",Data!$E$4:$E$2311,2023,Data!$F$4:$F$2311,1) -> 0 | C104: =SUMIFS(Data!$H$4:$H$2311,Data!$B$4:$B$2311,"UCO",Data!$C$4:$C$2311,"United Kingdom",Data!$E$4:$E$2311,2023,Data!$F$4:$F$2311,2) -> 0.00018739292 | D104: =SUMIFS(Data!$H$4:$H$2311,Data!$B$4:$B$2311,"UCO",Data!$C$4:$C$2311,"United Kingdom",Data!$E$4:$E$2311,2023,Data!$F$4:$F$2311,3) -> 0.00048501698 | E104: =SUMIFS(Data!$H$4:$H$2311,Data!$B$4:$B$2311,"UCO",Data!$C$4:$C$2311,"United Kingdom",Data!$E$4:$E$2311,2023,Data!$F$4:$F$2311,4) -> 0.0010582189 | F104: =SUMIFS(Data!$H$4:$H$2311,Data!$B$4:$B$2311,"UCO",Data!$C$4:$C$2311,"United Kingdom",Data!$E$4:$E$2311,2023,Data!$F$4:$F$2311,5) -> 0.0070547924 | G104: =SUMIFS(Data!$H$4:$H$2311,Data!$B$4:$B$2311,"UCO",Data!$C$4:$C$2311,"United Kingdom",Data!$E$4:$E$2311,2023,Data!$F$4:$F$2311,6) -> 8.841553 | H104: =SUMIFS(Data!$H$4:$H$2311,Data!$B$4:$B$2311,"UCO",Data!$C$4:$C$2311,"United Kingdom",Data!$E$4:$E$2311,2023,Data!$F$4:$F$2311,7) -> 0 | I104: =SUMIFS(Data!$H$4:$H$2311,Data!$B$4:$B$2311,"UCO",Data!$C$4:$C$2311,"United Kingdom",Data!$E$4:$E$2311,2023,Data!$F$4:$F$2311,8) -> 8.813605 | J104: =SUMIFS(Data!$H$4:$H$2311,Data!$B$4:$B$2311,"UCO",Data!$C$4:$C$2311,"United Kingdom",Data!$E$4:$E$2311,2023,Data!$F$4:$F$2311,9) -> 6.9534834 | K104: =SUMIFS(Data!$H$4:$H$2311,Data!$B$4:$B$2311,"UCO",Data!$C$4:$C$2311,"United Kingdom",Data!$E$4:$E$2311,2023,Data!$F$4:$F$2311,10) -> 0.0001653467 | L104: =SUMIFS(Data!$H$4:$H$2311,Data!$B$4:$B$2311,"UCO",Data!$C$4:$C$2311,"United Kingdom",Data!$E$4:$E$2311,2023,Data!$F$4:$F$2311,11) -> 0.0011023113 | M104: =SUMIFS(Data!$H$4:$H$2311,Data!$B$4:$B$2311,"UCO",Data!$C$4:$C$2311,"United Kingdom",Data!$E$4:$E$2311,2023,Data!$F$4:$F$2311,12) -> 0.0011023113 | N104: =SUM(B104:M104) -> 24.619797
...

Sheet Inedible Tallow
A1: US Inedible Tallow Imports - HTS 1502.10.0040 (mln lbs.)
B3: Jan-20 | C3: Feb-20 | D3: Mar-20 | E3: Apr-20 | F3: May-20 | G3: Jun-20 | H3: Jul-20 | I3: Aug-20 | J3: Sep-20 | K3: Oct-20 | L3: Nov-20 | M3: Dec-20 | N3: Total | Q3: Monthly World Total by Marketing Year (Oct-Sep), mln lbs
A4: World Total | B4: =SUM(B5:B11) -> 47.857461 | C4: =SUM(C5:C11) -> 26.550427 | D4: =SUM(D5:D11) -> 32.119771 | E4: =SUM(E5:E11) -> 38.59266 | F4: =SUM(F5:F11) -> 39.11253 | G4: =SUM(G5:G11) -> 34.996484 | H4: =SUM(H5:H11) -> 45.790453 | I4: =SUM(I5:I11) -> 38.542632 | ... M4: =SUM(M5:M11) -> 40.340723 | N4: =SUM(B4:M4) -> 511.70646 | Q4: Month | R4: 2020/21 | S4: 2021/22 | T4: 2022/23 | U4: 2023/24 | V4: 2024/25 | W4: 2025/26
A5: Canada | B5: =SUMIFS(Data!$H$4:$H$2311,Data!$B$4:$B$2311,"Inedible Tallow",Data!$C$4:$C$2311,"Canada",Data!$E$4:$E$2311,2020,Data!$F$4:$F$2311,1) -> 28.181684 | C5: =SUMIFS(Data!$H$4:$H$2311,Data!$B$4:$B$2311,"Inedible Tallow",Data!$C$4:$C$2311,"Canada",Data!$E$4:$E$2311,2020,Data!$F$4:$F$2311,2) -> 26.550427 | D5: =SUMIFS(Data!$H$4:$H$2311,Data!$B$4:$B$2311,"Inedible Tallow",Data!$C$4:$C$2311,"Canada",Data!$E$4:$E$2311,2020,Data!$F$4:$F$2311,3) -> 31.146291 | E5: =SUMIFS(Data!$H$4:$H$2311,Data!$B$4:$B$2311,"Inedible Tallow",Data!$C$4:$C$2311,"Canada",Data!$E$4:$E$2311,2020,Data!$F$4:$F$2311,4) -> 37.266817 | F5: =SUMIFS(Data!$H$4:$H$2311,Data!$B$4:$B$2311,"Inedible Tallow",Data!$C$4:$C$2311,"Canada",Data!$E$4:$E$2311,2020,Data!$F$4:$F$2311,5) -> 36.683344 | G5: =SUMIFS(Data!$H$4:$H$2311,Data!$B$4:$B$2311,"Inedible Tallow",Data!$C$4:$C$2311,"Canada",Data!$E$4:$E$2311,2020,Data!$F$4:$F$2311,6) -> 34.401236 | H5: =SUMIFS(Data!$H$4:$H$2311,Data!$B$4:$B$2311,"Inedible Tallow",Data!$C$4:$C$2311,"Canada",Data!$E$4:$E$2311,2020,Data!$F$4:$F$2311,7) -> 39.072679 | I5: =SUMIFS(Data!$H$4:$H$2311,Data!$B$4:$B$2311,"Inedible Tallow",Data!$C$4:$C$2311,"Canada",Data!$E$4:$E$2311,2020,Data!$F$4:$F$2311,8) -> 38.513441 | J5: =SUMIFS(Data!$H$4:$H$2311,Data!$B$4:$B$2311,"Inedible Tallow",Data!$C$4:$C$2311,"Canada",Data!$E$4:$E$2311,2020,Data!$F$4:$F$2311,9) -> 42.63988 | K5: =SUMIFS(Data!$H$4:$H$2311,Data!$B$4:$B$2311,"Inedible Tallow",Data!$C$4:$C$2311,"Canada",Data!$E$4:$E$2311,2020,Data!$F$4:$F$2311,10) -> 39.05903 | L5: =SUMIFS(Data!$H$4:$H$2311,Data!$B$4:$B$2311,"Inedible Tallow",Data!$C$4:$C$2311,"Canada",Data!$E$4:$E$2311,2020,Data!$F$4:$F$2311,11) -> 43.232012 | M5: =SUMIFS(Data!$H$4:$H$2311,Data!$B$4:$B$2311,"Inedible Tallow",Data!$C$4:$C$2311,"Canada",Data!$E$4:$E$2311,2020,Data!$F$4:$F$2311,12) -> 39.410945 | N5: =SUM(B5:M5) -> 436.15779 | Q5: Oct | R5: =SUMIFS(Data!$H$4:$H$2311,Data!$B$4:$B$2311,"Inedible Tallow",Data!$C$4:$C$2311,"World Total",Data!$E$4:$E$2311,2020,Data!$F$4:$F$2311,10) -> 39.960809 | S5: =SUMIFS(Data!$H$4:$H$2311,Data!$B$4:$B$2311,"Inedible Tallow",Data!$C$4:$C$2311,"World Total",Data!$E$4:$E$2311,2021,Data!$F$4:$F$2311,10) -> 63.675496 | T5: =SUMIFS(Data!$H$4:$H$2311,Data!$B$4:$B$2311,"Inedible Tallow",Data!$C$4:$C$2311,"World Total",Data!$E$4:$E$2311,2022,Data!$F$4:$F$2311,10) -> 121.22676 | U5: =SUMIFS(Data!$H$4:$H$2311,Data!$B$4:$B$2311,"Inedible Tallow",Data!$C$4:$C$2311,"World Total",Data!$E$4:$E$2311,2023,Data!$F$4:$F$2311,10) -> 166.25459 | V5: =SUMIFS(Data!$H$4:$H$2311,Data!$B$4:$B$2311,"Inedible Tallow",Data!$C$4:$C$2311,"World Total",Data!$E$4:$E$2311,2024,Data!$F$4:$F$2311,10) -> 102.94863 | W5: =SUMIFS(Data!$H$4:$H$2311,Data!$B$4:$B$2311,"Inedible Tallow",Data!$C$4:$C$2311,"World Total",Data!$E$4:$E$2311,2025,Data!$F$4:$F$2311,10) -> 219.12978
A6: Australia | B6: =SUMIFS(Data!$H$4:$H$2311,Data!$B$4:$B$2311,"Inedible Tallow",Data!$C$4:$C$2311,"Australia",Data!$E$4:$E$2311,2020,Data!$F$4:$F$2311,1) -> 19.583579 | C6: =SUMIFS(Data!$H$4:$H$2311,Data!$B$4:$B$2311,"Inedible Tallow",Data!$C$4:$C$2311,"Australia",Data!$E$4:$E$2311,2020,Data!$F$4:$F$2311,2) -> 0 | D6: =SUMIFS(Data!$H$4:$H$2311,Data!$B$4:$B$2311,"Inedible Tallow",Data!$C$4:$C$2311,"Australia",Data!$E$4:$E$2311,2020,Data!$F$4:$F$2311,3) -> 0 | E6: =SUMIFS(Data!$H$4:$H$2311,Data!$B$4:$B$2311,"Inedible Tallow",Data!$C$4:$C$2311,"Australia",Data!$E$4:$E$2311,2020,Data!$F$4:$F$2311,4) -> 0 | F6: =SUMIFS(Data!$H$4:$H$2311,Data!$B$4:$B$2311,"Inedible Tallow",Data!$C$4:$C$2311,"Australia",Data!$E$4:$E$2311,2020,Data!$F$4:$F$2311,5) -> 0 | G6: =SUMIFS(Data!$H$4:$H$2311,Data!$B$4:$B$2311,"Inedible Tallow",Data!$C$4:$C$2311,"Australia",Data!$E$4:$E$2311,2020,Data!$F$4:$F$2311,6) -> 0 | H6: =SUMIFS(Data!$H$4:$H$2311,Data!$B$4:$B$2311,"Inedible Tallow",Data!$C$4:$C$2311,"Australia",Data!$E$4:$E$2311,2020,Data!$F$4:$F$2311,7) -> 0 | I6: =SUMIFS(Data!$H$4:$H$2311,Data!$B$4:$B$2311,"Inedible Tallow",Data!$C$4:$C$2311,"Australia",Data!$E$4:$E$2311,2020,Data!$F$4:$F$2311,8) -> 0 | J6: =SUMIFS(Data!$H$4:$H$2311,Data!$B$4:$B$2311,"Inedible Tallow",Data!$C$4:$C$2311,"Australia",Data!$E$4:$E$2311,2020,Data!$F$4:$F$2311,9) -> 41.918878 | K6: =SUMIFS(Data!$H$4:$H$2311,Data!$B$4:$B$2311,"Inedible Tallow",Data!$C$4:$C$2311,"Australia",Data!$E$4:$E$2311,2020,Data!$F$4:$F$2311,10) -> 0 | L6: =SUMIFS(Data!$H$4:$H$2311,Data!$B$4:$B$2311,"Inedible Tallow",Data!$C$4:$C$2311,"Australia",Data!$E$4:$E$2311,2020,Data!$F$4:$F$2311,11) -> 0 | M6: =SUMIFS(Data!$H$4:$H$2311,Data!$B$4:$B$2311,"Inedible Tallow",Data!$C$4:$C$2311,"Australia",Data!$E$4:$E$2311,2020,Data!$F$4:$F$2311,12) -> 0 | N6: =SUM(B6:M6) -> 61.502456 | Q6: Nov | R6: =SUMIFS(Data!$H$4:$H$2311,Data!$B$4:$B$2311,"Inedible Tallow",Data!$C$4:$C$2311,"World Total",Data!$E$4:$E$2311,2020,Data!$F$4:$F$2311,11) -> 43.255617 | S6: =SUMIFS(Data!$H$4:$H$2311,Data!$B$4:$B$2311,"Inedible Tallow",Data!$C$4:$C$2311,"World Total",Data!$E$4:$E$2311,2021,Data!$F$4:$F$2311,11) -> 67.293434 | T6: =SUMIFS(Data!$H$4:$H$2311,Data!$B$4:$B$2311,"Inedible Tallow",Data!$C$4:$C$2311,"World Total",Data!$E$4:$E$2311,2022,Data!$F$4:$F$2311,11) -> 158.68827 | U6: =SUMIFS(Data!$H$4:$H$2311,Data!$B$4:$B$2311,"Inedible Tallow",Data!$C$4:$C$2311,"World Total",Data!$E$4:$E$2311,2023,Data!$F$4:$F$2311,11) -> 264.01719 | V6: =SUMIFS(Data!$H$4:$H$2311,Data!$B$4:$B$2311,"Inedible Tallow",Data!$C$4:$C$2311,"World Total",Data!$E$4:$E$2311,2024,Data!$F$4:$F$2311,11) -> 228.66938 | W6: =SUMIFS(Data!$H$4:$H$2311,Data!$B$4:$B$2311,"Inedible Tallow",Data!$C$4:$C$2311,"World Total",Data!$E$4:$E$2311,2025,Data!$F$4:$F$2311,11) -> 123.49906
A7: Colombia | B7: =SUMIFS(Data!$H$4:$H$2311,Data!$B$4:$B$2311,"Inedible Tallow",Data!$C$4:$C$2311,"Colombia",Data!$E$4:$E$2311,2020,Data!$F$4:$F$2311,1) -> 0 | C7: =SUMIFS(Data!$H$4:$H$2311,Data!$B$4:$B$2311,"Inedible Tallow",Data!$C$4:$C$2311,"Colombia",Data!$E$4:$E$2311,2020,Data!$F$4:$F$2311,2) -> 0 | D7: =SUMIFS(Data!$H$4:$H$2311,Data!$B$4:$B$2311,"Inedible Tallow",Data!$C$4:$C$2311,"Colombia",Data!$E$4:$E$2311,2020,Data!$F$4:$F$2311,3) -> 0.97314247 | E7: =SUMIFS(Data!$H$4:$H$2311,Data!$B$4:$B$2311,"Inedible Tallow",Data!$C$4:$C$2311,"Colombia",Data!$E$4:$E$2311,2020,Data!$F$4:$F$2311,4) -> 0.72609246 | F7: =SUMIFS(Data!$H$4:$H$2311,Data!$B$4:$B$2311,"Inedible Tallow",Data!$C$4:$C$2311,"Colombia",Data!$E$4:$E$2311,2020,Data!$F$4:$F$2311,5) -> 1.3175266 | G7: =SUMIFS(Data!$H$4:$H$2311,Data!$B$4:$B$2311,"Inedible Tallow",Data!$C$4:$C$2311,"Colombia",Data!$E$4:$E$2311,2020,Data!$F$4:$F$2311,6) -> 0 | H7: =SUMIFS(Data!$H$4:$H$2311,Data!$B$4:$B$2311,"Inedible Tallow",Data!$C$4:$C$2311,"Colombia",Data!$E$4:$E$2311,2020,Data!$F$4:$F$2311,7) -> 6.7177739 | I7: =SUMIFS(Data!$H$4:$H$2311,Data!$B$4:$B$2311,"Inedible Tallow",Data!$C$4:$C$2311,"Colombia",Data!$E$4:$E$2311,2020,Data!$F$4:$F$2311,8) -> 0 | J7: =SUMIFS(Data!$H$4:$H$2311,Data!$B$4:$B$2311,"Inedible Tallow",Data!$C$4:$C$2311,"Colombia",Data!$E$4:$E$2311,2020,Data!$F$4:$F$2311,9) -> 0 | K7: =SUMIFS(Data!$H$4:$H$2311,Data!$B$4:$B$2311,"Inedible Tallow",Data!$C$4:$C$2311,"Colombia",Data!$E$4:$E$2311,2020,Data!$F$4:$F$2311,10) -> 0 | L7: =SUMIFS(Data!$H$4:$H$2311,Data!$B$4:$B$2311,"Inedible Tallow",Data!$C$4:$C$2311,"Colombia",Data!$E$4:$E$2311,2020,Data!$F$4:$F$2311,11) -> 0 | M7: =SUMIFS(Data!$H$4:$H$2311,Data!$B$4:$B$2311,"Inedible Tallow",Data!$C$4:$C$2311,"Colombia",Data!$E$4:$E$2311,2020,Data!$F$4:$F$2311,12) -> 0 | N7: =SUM(B7:M7) -> 9.7345354 | Q7: Dec | R7: =SUMIFS(Data!$H$4:$H$2311,Data!$B$4:$B$2311,"Inedible Tallow",Data!$C$4:$C$2311,"World Total",Data!$E$4:$E$2311,2020,Data!$F$4:$F$2311,12) -> 40.340723 | S7: =SUMIFS(Data!$H$4:$H$2311,Data!$B$4:$B$2311,"Inedible Tallow",Data!$C$4:$C$2311,"World Total",Data!$E$4:$E$2311,2021,Data!$F$4:$F$2311,12) -> 77.255576 | T7: =SUMIFS(Data!$H$4:$H$2311,Data!$B$4:$B$2311,"Inedible Tallow",Data!$C$4:$C$2311,"World Total",Data!$E$4:$E$2311,2022,Data!$F$4:$F$2311,12) -> 135.88741 | U7: =SUMIFS(Data!$H$4:$H$2311,Data!$B$4:$B$2311,"Inedible Tallow",Data!$C$4:$C$2311,"World Total",Data!$E$4:$E$2311,2023,Data!$F$4:$F$2311,12) -> 197.24308 | V7: =SUMIFS(Data!$H$4:$H$2311,Data!$B$4:$B$2311,"Inedible Tallow",Data!$C$4:$C$2311,"World Total",Data!$E$4:$E$2311,2024,Data!$F$4:$F$2311,12) -> 178.4043 | W7: =SUMIFS(Data!$H$4:$H$2311,Data!$B$4:$B$2311,"Inedible Tallow",Data!$C$4:$C$2311,"World Total",Data!$E$4:$E$2311,2025,Data!$F$4:$F$2311,12) -> 216.04173
A8: Argentina | B8: =SUMIFS(Data!$H$4:$H$2311,Data!$B$4:$B$2311,"Inedible Tallow",Data!$C$4:$C$2311,"Argentina",Data!$E$4:$E$2311,2020,Data!$F$4:$F$2311,1) -> 0.092197318 | C8: =SUMIFS(Data!$H$4:$H$2311,Data!$B$4:$B$2311,"Inedible Tallow",Data!$C$4:$C$2311,"Argentina",Data!$E$4:$E$2311,2020,Data!$F$4:$F$2311,2) -> 0 | D8: =SUMIFS(Data!$H$4:$H$2311,Data!$B$4:$B$2311,"Inedible Tallow",Data!$C$4:$C$2311,"Argentina",Data!$E$4:$E$2311,2020,Data!$F$4:$F$2311,3) -> 0 | E8: =SUMIFS(Data!$H$4:$H$2311,Data!$B$4:$B$2311,"Inedible Tallow",Data!$C$4:$C$2311,"Argentina",Data!$E$4:$E$2311,2020,Data!$F$4:$F$2311,4) -> 0.55860728 | F8: =SUMIFS(Data!$H$4:$H$2311,Data!$B$4:$B$2311,"Inedible Tallow",Data!$C$4:$C$2311,"Argentina",Data!$E$4:$E$2311,2020,Data!$F$4:$F$2311,5) -> 1.1116589 | G8: =SUMIFS(Data!$H$4:$H$2311,Data!$B$4:$B$2311,"Inedible Tallow",Data!$C$4:$C$2311,"Argentina",Data!$E$4:$E$2311,2020,Data!$F$4:$F$2311,6) -> 0.55494761 | H8: =SUMIFS(Data!$H$4:$H$2311,Data!$B$4:$B$2311,"Inedible Tallow",Data!$C$4:$C$2311,"Argentina",Data!$E$4:$E$2311,2020,Data!$F$4:$F$2311,7) -> 0 | I8: =SUMIFS(Data!$H$4:$H$2311,Data!$B$4:$B$2311,"Inedible Tallow",Data!$C$4:$C$2311,"Argentina",Data!$E$4:$E$2311,2020,Data!$F$4:$F$2311,8) -> 0 | J8: =SUMIFS(Data!$H$4:$H$2311,Data!$B$4:$B$2311,"Inedible Tallow",Data!$C$4:$C$2311,"Argentina",Data!$E$4:$E$2311,2020,Data!$F$4:$F$2311,9) -> 0 | K8: =SUMIFS(Data!$H$4:$H$2311,Data!$B$4:$B$2311,"Inedible Tallow",Data!$C$4:$C$2311,"Argentina",Data!$E$4:$E$2311,2020,Data!$F$4:$F$2311,10) -> 0.90177884 | L8: =SUMIFS(Data!$H$4:$H$2311,Data!$B$4:$B$2311,"Inedible Tallow",Data!$C$4:$C$2311,"Argentina",Data!$E$4:$E$2311,2020,Data!$F$4:$F$2311,11) -> 0 | M8: =SUMIFS(Data!$H$4:$H$2311,Data!$B$4:$B$2311,"Inedible Tallow",Data!$C$4:$C$2311,"Argentina",Data!$E$4:$E$2311,2020,Data!$F$4:$F$2311,12) -> 0.92977754 | N8: =SUM(B8:M8) -> 4.1489675 | Q8: Jan | R8: =SUMIFS(Data!$H$4:$H$2311,Data!$B$4:$B$2311,"Inedible Tallow",Data!$C$4:$C$2311,"World Total",Data!$E$4:$E$2311,2021,Data!$F$4:$F$2311,1) -> 35.78672 | S8: =SUMIFS(Data!$H$4:$H$2311,Data!$B$4:$B$2311,"Inedible Tallow",Data!$C$4:$C$2311,"World Total",Data!$E$4:$E$2311,2022,Data!$F$4:$F$2311,1) -> 71.860894 | T8: =SUMIFS(Data!$H$4:$H$2311,Data!$B$4:$B$2311,"Inedible Tallow",Data!$C$4:$C$2311,"World Total",Data!$E$4:$E$2311,2023,Data!$F$4:$F$2311,1) -> 103.96637 | U8: =SUMIFS(Data!$H$4:$H$2311,Data!$B$4:$B$2311,"Inedible Tallow",Data!$C$4:$C$2311,"World Total",Data!$E$4:$E$2311,2024,Data!$F$4:$F$2311,1) -> 216.56012 | V8: =SUMIFS(Data!$H$4:$H$2311,Data!$B$4:$B$2311,"Inedible Tallow",Data!$C$4:$C$2311,"World Total",Data!$E$4:$E$2311,2025,Data!$F$4:$F$2311,1) -> 175.64467 | W8: =SUMIFS(Data!$H$4:$H$2311,Data!$B$4:$B$2311,"Inedible Tallow",Data!$C$4:$C$2311,"World Total",Data!$E$4:$E$2311,2026,Data!$F$4:$F$2311,1) -> 100.08321
A9: New Zealand | B9: =SUMIFS(Data!$H$4:$H$2311,Data!$B$4:$B$2311,"Inedible Tallow",Data!$C$4:$C$2311,"New Zealand",Data!$E$4:$E$2311,2020,Data!$F$4:$F$2311,1) -> 0 | C9: =SUMIFS(Data!$H$4:$H$2311,Data!$B$4:$B$2311,"Inedible Tallow",Data!$C$4:$C$2311,"New Zealand",Data!$E$4:$E$2311,2020,Data!$F$4:$F$2311,2) -> 0 | D9: =SUMIFS(Data!$H$4:$H$2311,Data!$B$4:$B$2311,"Inedible Tallow",Data!$C$4:$C$2311,"New Zealand",Data!$E$4:$E$2311,2020,Data!$F$4:$F$2311,3) -> 0 | E9: =SUMIFS(Data!$H$4:$H$2311,Data!$B$4:$B$2311,"Inedible Tallow",Data!$C$4:$C$2311,"New Zealand",Data!$E$4:$E$2311,2020,Data!$F$4:$F$2311,4) -> 0.041142667 | F9: =SUMIFS(Data!$H$4:$H$2311,Data!$B$4:$B$2311,"Inedible Tallow",Data!$C$4:$C$2311,"New Zealand",Data!$E$4:$E$2311,2020,Data!$F$4:$F$2311,5) -> 0 | G9: =SUMIFS(Data!$H$4:$H$2311,Data!$B$4:$B$2311,"Inedible Tallow",Data!$C$4:$C$2311,"New Zealand",Data!$E$4:$E$2311,2020,Data!$F$4:$F$2311,6) -> 0.040300502 | H9: =SUMIFS(Data!$H$4:$H$2311,Data!$B$4:$B$2311,"Inedible Tallow",Data!$C$4:$C$2311,"New Zealand",Data!$E$4:$E$2311,2020,Data!$F$4:$F$2311,7) -> 0 | I9: =SUMIFS(Data!$H$4:$H$2311,Data!$B$4:$B$2311,"Inedible Tallow",Data!$C$4:$C$2311,"New Zealand",Data!$E$4:$E$2311,2020,Data!$F$4:$F$2311,8) -> 0.029191408 | J9: =SUMIFS(Data!$H$4:$H$2311,Data!$B$4:$B$2311,"Inedible Tallow",Data!$C$4:$C$2311,"New Zealand",Data!$E$4:$E$2311,2020,Data!$F$4:$F$2311,9) -> 0.028135394 | K9: =SUMIFS(Data!$H$4:$H$2311,Data!$B$4:$B$2311,"Inedible Tallow",Data!$C$4:$C$2311,"New Zealand",Data!$E$4:$E$2311,2020,Data!$F$4:$F$2311,10) -> 0 | L9: =SUMIFS(Data!$H$4:$H$2311,Data!$B$4:$B$2311,"Inedible Tallow",Data!$C$4:$C$2311,"New Zealand",Data!$E$4:$E$2311,2020,Data!$F$4:$F$2311,11) -> 0.023604894 | M9: =SUMIFS(Data!$H$4:$H$2311,Data!$B$4:$B$2311,"Inedible Tallow",Data!$C$4:$C$2311,"New Zealand",Data!$E$4:$E$2311,2020,Data!$F$4:$F$2311,12) -> 0 | N9: =SUM(B9:M9) -> 0.16237487 | Q9: Feb | R9: =SUMIFS(Data!$H$4:$H$2311,Data!$B$4:$B$2311,"Inedible Tallow",Data!$C$4:$C$2311,"World Total",Data!$E$4:$E$2311,2021,Data!$F$4:$F$2311,2) -> 30.984384 | S9: =SUMIFS(Data!$H$4:$H$2311,Data!$B$4:$B$2311,"Inedible Tallow",Data!$C$4:$C$2311,"World Total",Data!$E$4:$E$2311,2022,Data!$F$4:$F$2311,2) -> 30.75106 | T9: =SUMIFS(Data!$H$4:$H$2311,Data!$B$4:$B$2311,"Inedible Tallow",Data!$C$4:$C$2311,"World Total",Data!$E$4:$E$2311,2023,Data!$F$4:$F$2311,2) -> 62.784892 | U9: =SUMIFS(Data!$H$4:$H$2311,Data!$B$4:$B$2311,"Inedible Tallow",Data!$C$4:$C$2311,"World Total",Data!$E$4:$E$2311,2024,Data!$F$4:$F$2311,2) -> 164.07253 | V9: =SUMIFS(Data!$H$4:$H$2311,Data!$B$4:$B$2311,"Inedible Tallow",Data!$C$4:$C$2311,"World Total",Data!$E$4:$E$2311,2025,Data!$F$4:$F$2311,2) -> 131.33549 | W9: =SUMIFS(Data!$H$4:$H$2311,Data!$B$4:$B$2311,"Inedible Tallow",Data!$C$4:$C$2311,"World Total",Data!$E$4:$E$2311,2026,Data!$F$4:$F$2311,2) -> 144.17394
A10: Sweden | B10: =SUMIFS(Data!$H$4:$H$2311,Data!$B$4:$B$2311,"Inedible Tallow",Data!$C$4:$C$2311,"Sweden",Data!$E$4:$E$2311,2020,Data!$F$4:$F$2311,1) -> 0 | C10: =SUMIFS(Data!$H$4:$H$2311,Data!$B$4:$B$2311,"Inedible Tallow",Data!$C$4:$C$2311,"Sweden",Data!$E$4:$E$2311,2020,Data!$F$4:$F$2311,2) -> 0 | D10: =SUMIFS(Data!$H$4:$H$2311,Data!$B$4:$B$2311,"Inedible Tallow",Data!$C$4:$C$2311,"Sweden",Data!$E$4:$E$2311,2020,Data!$F$4:$F$2311,3) -> 0.00033730726 | E10: =SUMIFS(Data!$H$4:$H$2311,Data!$B$4:$B$2311,"Inedible Tallow",Data!$C$4:$C$2311,"Sweden",Data!$E$4:$E$2311,2020,Data!$F$4:$F$2311,4) -> 0 | F10: =SUMIFS(Data!$H$4:$H$2311,Data!$B$4:$B$2311,"Inedible Tallow",Data!$C$4:$C$2311,"Sweden",Data!$E$4:$E$2311,2020,Data!$F$4:$F$2311,5) -> 0 | G10: =SUMIFS(Data!$H$4:$H$2311,Data!$B$4:$B$2311,"Inedible Tallow",Data!$C$4:$C$2311,"Sweden",Data!$E$4:$E$2311,2020,Data!$F$4:$F$2311,6) -> 0 | H10: =SUMIFS(Data!$H$4:$H$2311,Data!$B$4:$B$2311,"Inedible Tallow",Data!$C$4:$C$2311,"Sweden",Data!$E$4:$E$2311,2020,Data!$F$4:$F$2311,7) -> 0 | I10: =SUMIFS(Data!$H$4:$H$2311,Data!$B$4:$B$2311,"Inedible Tallow",Data!$C$4:$C$2311,"Sweden",Data!$E$4:$E$2311,2020,Data!$F$4:$F$2311,8) -> 0 | J10: =SUMIFS(Data!$H$4:$H$2311,Data!$B$4:$B$2311,"Inedible Tallow",Data!$C$4:$C$2311,"Sweden",Data!$E$4:$E$2311,2020,Data!$F$4:$F$2311,9) -> 0 | K10: =SUMIFS(Data!$H$4:$H$2311,Data!$B$4:$B$2311,"Inedible Tallow",Data!$C$4:$C$2311,"Sweden",Data!$E$4:$E$2311,2020,Data!$F$4:$F$2311,10) -> 0 | L10: =SUMIFS(Data!$H$4:$H$2311,Data!$B$4:$B$2311,"Inedible Tallow",Data!$C$4:$C$2311,"Sweden",Data!$E$4:$E$2311,2020,Data!$F$4:$F$2311,11) -> 0 | M10: =SUMIFS(Data!$H$4:$H$2311,Data!$B$4:$B$2311,"Inedible Tallow",Data!$C$4:$C$2311,"Sweden",Data!$E$4:$E$2311,2020,Data!$F$4:$F$2311,12) -> 0 | N10: =SUM(B10:M10) -> 0.00033730726 | Q10: Mar | R10: =SUMIFS(Data!$H$4:$H$2311,Data!$B$4:$B$2311,"Inedible Tallow",Data!$C$4:$C$2311,"World Total",Data!$E$4:$E$2311,2021,Data!$F$4:$F$2311,3) -> 35.139495 | S10: =SUMIFS(Data!$H$4:$H$2311,Data!$B$4:$B$2311,"Inedible Tallow",Data!$C$4:$C$2311,"World Total",Data!$E$4:$E$2311,2022,Data!$F$4:$F$2311,3) -> 76.317997 | T10: =SUMIFS(Data!$H$4:$H$2311,Data!$B$4:$B$2311,"Inedible Tallow",Data!$C$4:$C$2311,"World Total",Data!$E$4:$E$2311,2023,Data!$F$4:$F$2311,3) -> 140.56923 | U10: =SUMIFS(Data!$H$4:$H$2311,Data!$B$4:$B$2311,"Inedible Tallow",Data!$C$4:$C$2311,"World Total",Data!$E$4:$E$2311,2024,Data!$F$4:$F$2311,3) -> 131.55418 | V10: =SUMIFS(Data!$H$4:$H$2311,Data!$B$4:$B$2311,"Inedible Tallow",Data!$C$4:$C$2311,"World Total",Data!$E$4:$E$2311,2025,Data!$F$4:$F$2311,3) -> 165.39083 | W10: =SUMIFS(Data!$H$4:$H$2311,Data!$B$4:$B$2311,"Inedible Tallow",Data!$C$4:$C$2311,"World Total",Data!$E$4:$E$2311,2026,Data!$F$4:$F$2311,3) -> 99.884844
A11: France | B11: =SUMIFS(Data!$H$4:$H$2311,Data!$B$4:$B$2311,"Inedible Tallow",Data!$C$4:$C$2311,"France",Data!$E$4:$E$2311,2020,Data!$F$4:$F$2311,1) -> 0 | C11: =SUMIFS(Data!$H$4:$H$2311,Data!$B$4:$B$2311,"Inedible Tallow",Data!$C$4:$C$2311,"France",Data!$E$4:$E$2311,2020,Data!$F$4:$F$2311,2) -> 0 | D11: =SUMIFS(Data!$H$4:$H$2311,Data!$B$4:$B$2311,"Inedible Tallow",Data!$C$4:$C$2311,"France",Data!$E$4:$E$2311,2020,Data!$F$4:$F$2311,3) -> 0 | E11: =SUMIFS(Data!$H$4:$H$2311,Data!$B$4:$B$2311,"Inedible Tallow",Data!$C$4:$C$2311,"France",Data!$E$4:$E$2311,2020,Data!$F$4:$F$2311,4) -> 0 | F11: =SUMIFS(Data!$H$4:$H$2311,Data!$B$4:$B$2311,"Inedible Tallow",Data!$C$4:$C$2311,"France",Data!$E$4:$E$2311,2020,Data!$F$4:$F$2311,5) -> 0 | G11: =SUMIFS(Data!$H$4:$H$2311,Data!$B$4:$B$2311,"Inedible Tallow",Data!$C$4:$C$2311,"France",Data!$E$4:$E$2311,2020,Data!$F$4:$F$2311,6) -> 0 | H11: =SUMIFS(Data!$H$4:$H$2311,Data!$B$4:$B$2311,"Inedible Tallow",Data!$C$4:$C$2311,"France",Data!$E$4:$E$2311,2020,Data!$F$4:$F$2311,7) -> 0 | I11: =SUMIFS(Data!$H$4:$H$2311,Data!$B$4:$B$2311,"Inedible Tallow",Data!$C$4:$C$2311,"France",Data!$E$4:$E$2311,2020,Data!$F$4:$F$2311,8) -> 0 | J11: =SUMIFS(Data!$H$4:$H$2311,Data!$B$4:$B$2311,"Inedible Tallow",Data!$C$4:$C$2311,"France",Data!$E$4:$E$2311,2020,Data!$F$4:$F$2311,9) -> 6.6138679e-06 | K11: =SUMIFS(Data!$H$4:$H$2311,Data!$B$4:$B$2311,"Inedible Tallow",Data!$C$4:$C$2311,"France",Data!$E$4:$E$2311,2020,Data!$F$4:$F$2311,10) -> 0 | L11: =SUMIFS(Data!$H$4:$H$2311,Data!$B$4:$B$2311,"Inedible Tallow",Data!$C$4:$C$2311,"France",Data!$E$4:$E$2311,2020,Data!$F$4:$F$2311,11) -> 0 | M11: =SUMIFS(Data!$H$4:$H$2311,Data!$B$4:$B$2311,"Inedible Tallow",Data!$C$4:$C$2311,"France",Data!$E$4:$E$2311,2020,Data!$F$4:$F$2311,12) -> 0 | N11: =SUM(B11:M11) -> 6.6138679e-06 | Q11: Apr | R11: =SUMIFS(Data!$H$4:$H$2311,Data!$B$4:$B$2311,"Inedible Tallow",Data!$C$4:$C$2311,"World Total",Data!$E$4:$E$2311,2021,Data!$F$4:$F$2311,4) -> 43.76173 | S11: =SUMIFS(Data!$H$4:$H$2311,Data!$B$4:$B$2311,"Inedible Tallow",Data!$C$4:$C$2311,"World Total",Data!$E$4:$E$2311,2022,Data!$F$4:$F$2311,4) -> 116.67867 | T11: =SUMIFS(Data!$H$4:$H$2311,Data!$B$4:$B$2311,"Inedible Tallow",Data!$C$4:$C$2311,"World Total",Data!$E$4:$E$2311,2023,Data!$F$4:$F$2311,4) -> 135.70062 | U11: =SUMIFS(Data!$H$4:$H$2311,Data!$B$4:$B$2311,"Inedible Tallow",Data!$C$4:$C$2311,"World Total",Data!$E$4:$E$2311,2024,Data!$F$4:$F$2311,4) -> 117.91542 | V11: =SUMIFS(Data!$H$4:$H$2311,Data!$B$4:$B$2311,"Inedible Tallow",Data!$C$4:$C$2311,"World Total",Data!$E$4:$E$2311,2025,Data!$F$4:$F$2311,4) -> 245.55735 | W11: =SUMIFS(Data!$H$4:$H$2311,Data!$B$4:$B$2311,"Inedible Tallow",Data!$C$4:$C$2311,"World Total",Data!$E$4:$E$2311,2026,Data!$F$4:$F$2311,4) -> 198.47499
Q12: May | R12: =SUMIFS(Data!$H$4:$H$2311,Data!$B$4:$B$2311,"Inedible Tallow",Data!$C$4:$C$2311,"World Total",Data!$E$4:$E$2311,2021,Data!$F$4:$F$2311,5) -> 54.260769 | S12: =SUMIFS(Data!$H$4:$H$2311,Data!$B$4:$B$2311,"Inedible Tallow",Data!$C$4:$C$2311,"World Total",Data!$E$4:$E$2311,2022,Data!$F$4:$F$2311,5) -> 69.709215 | T12: =SUMIFS(Data!$H$4:$H$2311,Data!$B$4:$B$2311,"Inedible Tallow",Data!$C$4:$C$2311,"World Total",Data!$E$4:$E$2311,2023,Data!$F$4:$F$2311,5) -> 93.208823 | U12: =SUMIFS(Data!$H$4:$H$2311,Data!$B$4:$B$2311,"Inedible Tallow",Data!$C$4:$C$2311,"World Total",Data!$E$4:$E$2311,2024,Data!$F$4:$F$2311,5) -> 189.4863 | V12: =SUMIFS(Data!$H$4:$H$2311,Data!$B$4:$B$2311,"Inedible Tallow",Data!$C$4:$C$2311,"World Total",Data!$E$4:$E$2311,2025,Data!$F$4:$F$2311,5) -> 209.51326 | W12: =SUMIFS(Data!$H$4:$H$2311,Data!$B$4:$B$2311,"Inedible Tallow",Data!$C$4:$C$2311,"World Total",Data!$E$4:$E$2311,2026,Data!$F$4:$F$2311,5) -> 203.08118
B13: Jan-21 | C13: Feb-21 | D13: Mar-21 | E13: Apr-21 | F13: May-21 | G13: Jun-21 | H13: Jul-21 | I13: Aug-21 | J13: Sep-21 | K13: Oct-21 | L13: Nov-21 | M13: Dec-21 | N13: Total | Q13: Jun | R13: =SUMIFS(Data!$H$4:$H$2311,Data!$B$4:$B$2311,"Inedible Tallow",Data!$C$4:$C$2311,"World Total",Data!$E$4:$E$2311,2021,Data!$F$4:$F$2311,6) -> 71.898489 | S13: =SUMIFS(Data!$H$4:$H$2311,Data!$B$4:$B$2311,"Inedible Tallow",Data!$C$4:$C$2311,"World Total",Data!$E$4:$E$2311,2022,Data!$F$4:$F$2311,6) -> 107.93542 | T13: =SUMIFS(Data!$H$4:$H$2311,Data!$B$4:$B$2311,"Inedible Tallow",Data!$C$4:$C$2311,"World Total",Data!$E$4:$E$2311,2023,Data!$F$4:$F$2311,6) -> 132.71829 | U13: =SUMIFS(Data!$H$4:$H$2311,Data!$B$4:$B$2311,"Inedible Tallow",Data!$C$4:$C$2311,"World Total",Data!$E$4:$E$2311,2024,Data!$F$4:$F$2311,6) -> 81.442316 | V13: =SUMIFS(Data!$H$4:$H$2311,Data!$B$4:$B$2311,"Inedible Tallow",Data!$C$4:$C$2311,"World Total",Data!$E$4:$E$2311,2025,Data!$F$4:$F$2311,6) -> 143.79702 | W13: =SUMIFS(Data!$H$4:$H$2311,Data!$B$4:$B$2311,"Inedible Tallow",Data!$C$4:$C$2311,"World Total",Data!$E$4:$E$2311,2026,Data!$F$4:$F$2311,6) -> 153.98555
A14: World Total | B14: =SUM(B15:B22) -> 35.78672 | C14: =SUM(C15:C22) -> 30.984384 | D14: =SUM(D15:D22) -> 35.139495 | E14: =SUM(E15:E22) -> 43.76173 | F14: =SUM(F15:F22) -> 54.260769 | G14: =SUM(G15:G22) -> 71.898489 | H14: =SUM(H15:H22) -> 43.048319 | I14: =SUM(I15:I22) -> 67.424717 | ... M14: =SUM(M15:M22) -> 77.255576 | N14: =SUM(B14:M14) -> 702.4415 | Q14: Jul | R14: =SUMIFS(Data!$H$4:$H$2311,Data!$B$4:$B$2311,"Inedible Tallow",Data!$C$4:$C$2311,"World Total",Data!$E$4:$E$2311,2021,Data!$F$4:$F$2311,7) -> 43.048319 | S14: =SUMIFS(Data!$H$4:$H$2311,Data!$B$4:$B$2311,"Inedible Tallow",Data!$C$4:$C$2311,"World Total",Data!$E$4:$E$2311,2022,Data!$F$4:$F$2311,7) -> 75.708544 | T14: =SUMIFS(Data!$H$4:$H$2311,Data!$B$4:$B$2311,"Inedible Tallow",Data!$C$4:$C$2311,"World Total",Data!$E$4:$E$2311,2023,Data!$F$4:$F$2311,7) -> 132.69662 | U14: =SUMIFS(Data!$H$4:$H$2311,Data!$B$4:$B$2311,"Inedible Tallow",Data!$C$4:$C$2311,"World Total",Data!$E$4:$E$2311,2024,Data!$F$4:$F$2311,7) -> 189.76714 | V14: =SUMIFS(Data!$H$4:$H$2311,Data!$B$4:$B$2311,"Inedible Tallow",Data!$C$4:$C$2311,"World Total",Data!$E$4:$E$2311,2025,Data!$F$4:$F$2311,7) -> 354.46744 | W14: =SUMIFS(Data!$H$4:$H$2311,Data!$B$4:$B$2311,"Inedible Tallow",Data!$C$4:$C$2311,"World Total",Data!$E$4:$E$2311,2026,Data!$F$4:$F$2311,7) -> 270.56281
A15: Canada | B15: =SUMIFS(Data!$H$4:$H$2311,Data!$B$4:$B$2311,"Inedible Tallow",Data!$C$4:$C$2311,"Canada",Data!$E$4:$E$2311,2021,Data!$F$4:$F$2311,1) -> 34.890153 | C15: =SUMIFS(Data!$H$4:$H$2311,Data!$B$4:$B$2311,"Inedible Tallow",Data!$C$4:$C$2311,"Canada",Data!$E$4:$E$2311,2021,Data!$F$4:$F$2311,2) -> 30.633441 | D15: =SUMIFS(Data!$H$4:$H$2311,Data!$B$4:$B$2311,"Inedible Tallow",Data!$C$4:$C$2311,"Canada",Data!$E$4:$E$2311,2021,Data!$F$4:$F$2311,3) -> 34.961419 | E15: =SUMIFS(Data!$H$4:$H$2311,Data!$B$4:$B$2311,"Inedible Tallow",Data!$C$4:$C$2311,"Canada",Data!$E$4:$E$2311,2021,Data!$F$4:$F$2311,4) -> 31.1332 | F15: =SUMIFS(Data!$H$4:$H$2311,Data!$B$4:$B$2311,"Inedible Tallow",Data!$C$4:$C$2311,"Canada",Data!$E$4:$E$2311,2021,Data!$F$4:$F$2311,5) -> 32.082771 | G15: =SUMIFS(Data!$H$4:$H$2311,Data!$B$4:$B$2311,"Inedible Tallow",Data!$C$4:$C$2311,"Canada",Data!$E$4:$E$2311,2021,Data!$F$4:$F$2311,6) -> 40.464631 | H15: =SUMIFS(Data!$H$4:$H$2311,Data!$B$4:$B$2311,"Inedible Tallow",Data!$C$4:$C$2311,"Canada",Data!$E$4:$E$2311,2021,Data!$F$4:$F$2311,7) -> 37.215769 | I15: =SUMIFS(Data!$H$4:$H$2311,Data!$B$4:$B$2311,"Inedible Tallow",Data!$C$4:$C$2311,"Canada",Data!$E$4:$E$2311,2021,Data!$F$4:$F$2311,8) -> 36.562518 | J15: =SUMIFS(Data!$H$4:$H$2311,Data!$B$4:$B$2311,"Inedible Tallow",Data!$C$4:$C$2311,"Canada",Data!$E$4:$E$2311,2021,Data!$F$4:$F$2311,9) -> 42.404117 | K15: =SUMIFS(Data!$H$4:$H$2311,Data!$B$4:$B$2311,"Inedible Tallow",Data!$C$4:$C$2311,"Canada",Data!$E$4:$E$2311,2021,Data!$F$4:$F$2311,10) -> 21.745445 | L15: =SUMIFS(Data!$H$4:$H$2311,Data!$B$4:$B$2311,"Inedible Tallow",Data!$C$4:$C$2311,"Canada",Data!$E$4:$E$2311,2021,Data!$F$4:$F$2311,11) -> 27.333171 | M15: =SUMIFS(Data!$H$4:$H$2311,Data!$B$4:$B$2311,"Inedible Tallow",Data!$C$4:$C$2311,"Canada",Data!$E$4:$E$2311,2021,Data!$F$4:$F$2311,12) -> 35.794191 | N15: =SUM(B15:M15) -> 405.22083 | Q15: Aug | R15: =SUMIFS(Data!$H$4:$H$2311,Data!$B$4:$B$2311,"Inedible Tallow",Data!$C$4:$C$2311,"World Total",Data!$E$4:$E$2311,2021,Data!$F$4:$F$2311,8) -> 67.424717 | S15: =SUMIFS(Data!$H$4:$H$2311,Data!$B$4:$B$2311,"Inedible Tallow",Data!$C$4:$C$2311,"World Total",Data!$E$4:$E$2311,2022,Data!$F$4:$F$2311,8) -> 73.36854 | T15: =SUMIFS(Data!$H$4:$H$2311,Data!$B$4:$B$2311,"Inedible Tallow",Data!$C$4:$C$2311,"World Total",Data!$E$4:$E$2311,2023,Data!$F$4:$F$2311,8) -> 116.09458 | U15: =SUMIFS(Data!$H$4:$H$2311,Data!$B$4:$B$2311,"Inedible Tallow",Data!$C$4:$C$2311,"World Total",Data!$E$4:$E$2311,2024,Data!$F$4:$F$2311,8) -> 124.63122 | V15: =SUMIFS(Data!$H$4:$H$2311,Data!$B$4:$B$2311,"Inedible Tallow",Data!$C$4:$C$2311,"World Total",Data!$E$4:$E$2311,2025,Data!$F$4:$F$2311,8) -> 38.878886 | W15: =SUMIFS(Data!$H$4:$H$2311,Data!$B$4:$B$2311,"Inedible Tallow",Data!$C$4:$C$2311,"World Total",Data!$E$4:$E$2311,2026,Data!$F$4:$F$2311,8) -> 249.72074
